equipment_id,usage_hours,temperature_celsius,vibration_mm_s,failure_count,equipment_age_years,risk_label
1,1368.1,44.1,0.62,3,12.8,Needs Attention
2,4280.4,39.2,1.36,1,4.4,Healthy
3,7211.8,53.3,2.19,6,16.1,Needs Attention
4,7937.8,48.3,2.44,6,16.1,Needs Attention
5,1553.6,47.3,2.37,3,14.1,Needs Attention
6,2342.4,48.3,1.68,2,7.4,Needs Attention
7,7764.1,67.8,1.63,5,19.8,Critical
8,8305.4,30.9,2.21,1,4.2,Needs Attention
9,3644.0,60.0,4.17,3,11.2,Needs Attention
10,5391.0,20,2.58,3,2.2,Healthy
11,5796.2,35.4,0.79,0,0.2,Healthy
12,4296.2,60.6,2.63,4,17.5,Needs Attention
13,6867.0,50.1,3.29,6,15.3,Needs Attention
14,1590.0,41.8,1.8,1,6.2,Healthy
15,5251.1,54.6,2.89,3,9.5,Needs Attention
16,7501.8,57.6,3.7,6,19.9,Critical
17,5166.9,50.9,1.35,0,1.4,Healthy
18,6829.2,68.4,2.99,4,18.7,Critical
19,8272.2,39.3,3.1,4,14.6,Critical
20,2963.1,57.9,0.88,5,8.4,Needs Attention
21,10850.6,54.6,2.68,2,19.4,Critical
22,6899.3,59.7,1.62,2,5.3,Needs Attention
23,7181.2,51.6,3.27,7,19.4,Critical
24,1709.4,51.5,1.98,0,1.6,Healthy
25,5748.1,47.8,1.32,1,8.4,Healthy
26,6398.5,54.1,1.44,1,6.3,Needs Attention
27,8889.7,51.7,2.83,5,17.6,Critical
28,4832.0,62.6,2.91,4,16.3,Critical
29,3718.7,63.7,1.2,3,14.4,Needs Attention
30,6183.5,34.5,0.8,2,0.1,Healthy
31,7535.6,60.9,3.9,6,18.1,Needs Attention
32,3254.3,59.8,2.61,7,18.0,Critical
33,10778.6,58.5,2.94,6,17.3,Needs Attention
34,4857.8,57.2,2.8,3,16.2,Needs Attention
35,2672.2,63.1,1.06,3,15.9,Needs Attention
36,8031.1,65.7,3.89,7,19.6,Critical
37,4567.0,48.2,2.55,7,14.6,Critical
38,7497.4,62.0,2.27,2,10.8,Needs Attention
39,3790.6,50.9,2.63,6,14.4,Needs Attention
40,6646.2,52.0,3.57,4,18.1,Needs Attention
41,2774.2,56.9,2.11,1,8.8,Healthy
42,8484.2,54.8,2.67,5,16.4,Critical
43,5695.2,50.3,2.3,2,8.3,Healthy
44,3561.6,49.0,1.42,0,2.1,Healthy
45,9770.0,53.7,1.72,4,13.4,Needs Attention
46,8118.7,42.2,2.05,4,17.9,Needs Attention
47,2422.0,45.4,1.51,0,1.5,Healthy
48,5262.3,53.8,1.53,4,8.2,Healthy
49,828.2,61.0,1.77,0,7.6,Healthy
50,2263.0,37.2,0.74,0,4.4,Healthy
51,1568.6,45.8,1.94,5,12.4,Needs Attention
52,3304.3,49.2,0.85,3,4.2,Healthy
53,5750.1,67.7,0.93,6,20.0,Critical
54,5692.2,44.3,0.92,0,2.5,Healthy
55,8803.7,37.9,1.11,4,16.4,Needs Attention
56,5918.9,57.8,2.87,4,13.8,Needs Attention
57,4047.3,52.4,2.0,0,8.6,Healthy
58,5740.9,61.9,1.69,1,14.1,Needs Attention
59,7756.6,47.3,2.27,1,5.4,Healthy
60,2845.6,69.5,1.68,8,17.0,Critical
61,5970.2,38.4,0.67,1,1.7,Healthy
62,4343.5,41.9,2.59,3,13.8,Needs Attention
63,1359.7,43.8,0.98,0,5.0,Healthy
64,5999.9,49.4,2.38,4,19.5,Needs Attention
65,7441.8,39.7,3.16,4,19.5,Critical
66,1118.3,44.3,1.56,1,3.7,Healthy
67,4680.4,38.5,1.16,1,11.3,Healthy
68,8648.0,38.2,1.66,2,8.9,Needs Attention
69,2260.6,32.4,2.29,4,13.2,Needs Attention
70,5791.1,54.6,2.4,2,14.1,Needs Attention
71,9529.2,39.4,3.32,3,13.0,Needs Attention
72,8239.2,55.7,2.37,3,13.8,Needs Attention
73,8011.0,58.4,1.14,2,1.8,Needs Attention
74,6973.7,41.1,1.03,2,9.4,Needs Attention
75,8194.8,67.7,2.04,2,13.4,Needs Attention
76,8480.5,46.0,0.97,2,6.5,Needs Attention
77,7479.6,58.8,2.53,7,15.1,Critical
78,2814.2,74.1,3.76,2,12.2,Needs Attention
79,6601.3,65.9,0.79,3,16.6,Needs Attention
80,7412.9,64.9,3.04,2,18.4,Needs Attention
81,3175.3,54.4,2.08,0,5.7,Healthy
82,3286.7,53.0,2.53,2,9.1,Healthy
83,5511.4,64.0,2.63,2,16.2,Needs Attention
84,5778.1,49.1,2.61,1,17.5,Needs Attention
85,6544.5,57.7,1.1,1,6.8,Healthy
86,1335.8,77.1,2.61,6,17.4,Critical
87,6246.2,61.9,2.05,6,17.5,Critical
88,7193.3,45.9,2.29,4,11.3,Needs Attention
89,2304.8,48.6,1.16,0,5.1,Healthy
90,4514.7,47.3,2.4,2,12.8,Needs Attention
91,6276.0,49.6,3.11,7,19.9,Critical
92,8153.2,47.1,2.79,1,9.9,Healthy
93,8610.6,56.9,3.03,3,13.2,Needs Attention
94,6430.3,53.8,1.7,2,5.9,Healthy
95,6675.8,74.3,3.08,7,16.5,Critical
96,10668.3,57.9,2.41,2,14.5,Needs Attention
97,6999.5,55.6,2.99,0,13.4,Needs Attention
98,1269.5,40.5,1.82,0,4.4,Healthy
99,7231.7,42.7,0.1,0,1.9,Healthy
100,1816.4,59.6,1.9,5,8.3,Needs Attention
101,5748.8,37.4,1.36,1,2.0,Healthy
102,6989.9,50.0,2.73,6,13.3,Critical
103,2467.5,40.4,1.53,1,4.1,Healthy
104,2141.8,39.2,0.98,1,5.0,Healthy
105,6604.1,53.4,2.46,4,14.8,Needs Attention
106,8948.9,68.2,2.67,4,15.7,Needs Attention
107,1718.5,54.1,3.75,3,18.2,Critical
108,5122.4,55.4,1.65,2,10.6,Healthy
109,2735.5,54.7,2.4,2,9.0,Needs Attention
110,3770.2,45.9,1.86,3,18.5,Needs Attention
111,1657.9,58.8,1.26,0,6.6,Healthy
112,3424.6,48.8,1.99,1,11.6,Healthy
113,10716.1,78.4,3.47,4,16.9,Critical
114,3895.6,43.4,1.66,3,14.1,Needs Attention
115,3404.4,48.8,1.57,4,14.9,Needs Attention
116,5411.1,35.4,1.3,0,3.1,Healthy
117,3571.2,57.9,2.11,3,8.6,Needs Attention
118,1468.9,38.5,1.0,0,4.2,Healthy
119,7465.2,76.1,3.43,3,16.7,Needs Attention
120,4296.9,49.2,2.1,4,14.2,Needs Attention
121,4284.3,53.6,2.92,5,16.9,Critical
122,4507.2,50.4,0.17,1,2.3,Healthy
123,7861.6,37.5,2.55,0,12.0,Needs Attention
124,6706.0,58.4,2.25,2,11.3,Needs Attention
125,4164.9,38.2,0.94,1,1.1,Healthy
126,5046.5,43.2,2.5,2,10.1,Needs Attention
127,691.6,40.5,0.51,0,3.0,Healthy
128,4831.5,39.4,2.26,3,8.8,Healthy
129,953.3,33.6,0.1,0,1.3,Healthy
130,3345.0,26.7,0.43,0,2.8,Healthy
131,8202.7,50.7,2.36,3,16.3,Needs Attention
132,2405.3,42.9,1.67,3,3.6,Needs Attention
133,7999.0,61.9,2.53,6,16.7,Needs Attention
134,3197.9,57.2,2.92,4,16.2,Needs Attention
135,4308.6,40.6,3.66,2,10.7,Needs Attention
136,5701.2,56.9,2.22,3,7.6,Healthy
137,7140.3,41.8,2.43,0,2.1,Healthy
138,4059.8,32.0,1.65,1,4.4,Healthy
139,9456.8,56.9,4.32,7,18.6,Critical
140,599.0,37.9,1.63,3,9.0,Needs Attention
141,1059.8,60.7,2.49,3,6.0,Healthy
142,1697.7,32.5,1.72,1,4.8,Healthy
143,6140.2,38.8,2.71,3,10.5,Needs Attention
144,5285.5,59.9,1.32,2,15.8,Needs Attention
145,6652.1,46.6,1.25,0,3.5,Healthy
146,1646.4,51.4,1.02,0,0.9,Healthy
147,7523.8,30.8,2.81,3,7.1,Needs Attention
148,6399.9,72.0,1.21,3,19.5,Needs Attention
149,3245.6,44.0,1.92,3,10.9,Needs Attention
150,6295.6,61.3,2.9,3,17.4,Critical
151,8593.6,60.8,2.79,3,13.6,Needs Attention
152,6556.8,55.9,1.38,1,11.3,Needs Attention
153,1709.3,38.1,1.2,0,5.0,Healthy
154,8036.8,30.7,1.92,3,5.7,Needs Attention
155,4282.4,62.1,2.31,6,16.9,Needs Attention
156,5154.5,48.0,2.54,2,15.9,Needs Attention
157,5587.8,52.0,1.68,3,11.0,Needs Attention
158,7418.1,71.4,2.49,7,19.4,Critical
159,7793.0,45.6,2.51,0,8.7,Needs Attention
160,8335.3,65.6,3.21,4,17.9,Critical
161,4031.2,69.7,2.85,6,18.8,Critical
162,6504.3,49.4,1.9,2,12.8,Needs Attention
163,7919.2,51.5,2.19,3,9.7,Needs Attention
164,6755.7,58.6,2.09,1,6.3,Needs Attention
165,2325.3,38.5,1.42,2,5.3,Healthy
166,4409.6,44.9,1.61,5,11.6,Needs Attention
167,3707.8,59.2,2.28,2,19.3,Needs Attention
168,8428.1,41.1,2.05,2,8.6,Needs Attention
169,7044.0,72.8,3.01,3,10.1,Needs Attention
170,7541.1,63.1,2.66,4,18.8,Critical
171,5324.3,63.2,1.91,2,12.1,Needs Attention
172,6676.6,42.3,0.66,3,10.6,Healthy
173,1885.6,64.8,1.91,3,13.8,Needs Attention
174,7177.7,69.1,2.06,5,12.6,Needs Attention
175,5858.7,57.1,0.47,1,3.0,Healthy
176,6135.2,48.3,1.27,2,6.5,Healthy
177,7372.0,41.1,2.75,3,12.9,Needs Attention
178,6039.9,49.6,0.79,0,4.1,Healthy
179,10333.6,60.5,3.58,4,19.6,Critical
180,2872.1,62.9,2.67,2,9.6,Needs Attention
181,5717.0,62.9,2.14,0,10.6,Healthy
182,8952.5,51.8,1.81,2,8.1,Needs Attention
183,6103.6,68.2,2.88,7,11.5,Needs Attention
184,5468.0,56.6,1.79,5,7.9,Needs Attention
185,8662.3,55.4,0.85,2,5.7,Needs Attention
186,2775.1,42.0,1.2,4,9.2,Healthy
187,5161.9,60.6,2.64,4,16.5,Needs Attention
188,9071.2,46.6,1.09,5,15.1,Critical
189,5512.7,61.0,2.54,1,8.1,Healthy
190,1663.3,33.5,1.07,0,2.7,Healthy
191,6924.7,41.4,1.29,3,4.9,Needs Attention
192,5313.6,52.6,2.37,4,10.1,Needs Attention
193,5684.7,37.0,3.24,2,16.2,Needs Attention
194,5472.7,66.9,1.8,4,14.9,Needs Attention
195,7503.7,31.5,2.63,4,8.2,Needs Attention
196,6581.4,46.4,2.09,0,7.5,Healthy
197,268.1,35.9,1.39,1,4.5,Healthy
198,8372.4,34.5,2.26,2,5.5,Needs Attention
199,547.9,37.4,0.54,1,2.0,Healthy
200,4133.9,39.2,1.86,0,1.1,Healthy
201,5522.9,53.5,1.02,0,2.9,Healthy
202,9671.6,51.0,2.21,1,9.9,Needs Attention
203,7698.3,63.4,2.0,2,9.5,Needs Attention
204,2347.0,61.2,1.87,1,4.9,Healthy
205,7935.5,49.0,2.41,1,12.1,Needs Attention
206,7555.6,39.3,1.09,1,0.3,Needs Attention
207,7382.2,49.3,2.81,6,11.0,Critical
208,8477.1,42.1,1.44,2,9.4,Needs Attention
209,4185.8,53.1,1.73,3,11.6,Needs Attention
210,10130.6,54.3,2.65,1,16.4,Needs Attention
211,5769.6,60.4,2.06,0,10.8,Needs Attention
212,5893.7,34.6,0.91,0,4.6,Healthy
213,4418.3,39.3,1.0,0,0.1,Healthy
214,2029.1,34.2,2.21,4,18.2,Needs Attention
215,6128.2,54.4,1.39,2,8.1,Healthy
216,4865.6,32.1,1.98,0,7.6,Healthy
217,4332.4,51.9,0.66,3,1.9,Needs Attention
218,5496.9,74.2,3.06,5,18.0,Needs Attention
219,1428.7,46.6,0.86,3,1.5,Needs Attention
220,6850.5,51.3,2.38,5,14.5,Needs Attention
221,1647.5,51.3,3.57,3,15.5,Needs Attention
222,5237.4,45.0,1.97,0,1.7,Healthy
223,243.7,43.0,1.49,0,2.1,Healthy
224,2863.3,33.8,1.37,2,0.5,Healthy
225,10283.3,55.3,3.19,6,18.1,Critical
226,4390.8,36.2,1.01,3,8.4,Needs Attention
227,5375.3,55.6,4.53,6,19.0,Critical
228,8091.0,56.4,1.67,0,6.4,Healthy
229,3836.3,30.6,1.19,0,4.8,Healthy
230,6677.4,50.6,2.44,4,19.1,Critical
231,3825.9,80.2,3.07,2,12.7,Needs Attention
232,7954.1,70.2,2.64,7,18.4,Critical
233,4781.1,48.5,2.11,5,13.2,Needs Attention
234,2095.2,33.3,0.72,0,0.2,Healthy
235,3296.6,49.1,2.37,3,10.0,Needs Attention
236,2769.1,46.0,1.23,3,9.1,Healthy
237,7760.5,56.3,2.49,1,17.0,Needs Attention
238,3597.7,55.4,1.47,0,4.6,Healthy
239,3942.4,67.1,2.69,3,14.1,Needs Attention
240,7572.7,38.8,0.93,2,5.2,Healthy
241,7190.2,56.7,2.54,5,16.3,Critical
242,4066.8,37.8,1.47,4,10.2,Needs Attention
243,2074.8,44.2,1.69,4,9.8,Healthy
244,5502.1,49.3,1.55,3,10.1,Needs Attention
245,4714.6,48.7,0.58,3,5.5,Needs Attention
246,5795.9,27.9,1.47,6,16.5,Needs Attention
247,8699.3,24.5,2.48,2,6.0,Needs Attention
248,4653.1,53.5,2.15,4,11.8,Needs Attention
249,4862.0,42.9,3.01,1,5.6,Healthy
250,9910.4,83.7,3.31,5,19.3,Critical
251,7285.8,46.5,3.06,5,15.2,Needs Attention
252,4187.4,53.2,2.35,2,10.3,Healthy
253,6267.5,47.2,2.28,2,9.2,Needs Attention
254,5540.9,44.1,1.24,2,6.8,Healthy
255,7151.7,49.4,2.03,0,2.5,Healthy
256,4963.3,56.7,2.47,4,18.7,Critical
257,5975.0,46.0,1.87,3,4.7,Needs Attention
258,9752.8,36.4,2.63,3,16.3,Critical
259,6627.7,52.8,1.71,0,2.7,Healthy
260,6071.6,57.2,1.67,4,14.4,Needs Attention
261,8454.2,51.5,2.23,0,7.7,Healthy
262,8836.0,38.0,2.04,7,13.8,Critical
263,5237.1,38.3,3.55,6,19.1,Critical
264,6349.8,76.1,1.6,6,17.2,Critical
265,618.5,33.8,1.09,1,0.8,Healthy
266,3406.5,53.0,1.4,1,12.3,Healthy
267,2634.2,63.4,2.36,2,13.6,Needs Attention
268,6932.4,44.5,1.56,0,6.2,Healthy
269,2329.9,66.5,1.09,4,14.4,Needs Attention
270,5876.0,34.3,1.68,0,1.3,Healthy
271,4924.0,57.0,1.48,0,2.1,Healthy
272,7985.1,46.8,0.62,0,3.0,Healthy
273,1195.1,55.6,2.78,2,5.4,Healthy
274,3902.0,53.6,2.01,2,9.3,Needs Attention
275,5886.8,59.8,1.1,4,9.3,Needs Attention
276,3598.3,62.7,1.64,1,4.7,Healthy
277,3217.7,50.1,2.25,4,10.6,Needs Attention
278,5726.5,54.0,2.63,2,14.0,Needs Attention
279,3614.7,54.8,1.65,5,19.3,Needs Attention
280,6804.1,31.3,1.55,2,4.1,Healthy
281,2541.6,51.6,0.51,2,6.2,Healthy
282,2171.8,42.0,2.93,0,1.8,Healthy
283,3788.4,71.0,3.31,6,15.0,Critical
284,6128.0,46.2,1.3,3,7.4,Needs Attention
285,7694.1,32.9,1.37,1,2.6,Healthy
286,5511.3,34.2,2.25,0,0.6,Healthy
287,4078.3,44.6,2.12,0,5.9,Healthy
288,9533.3,50.2,3.07,3,16.0,Needs Attention
289,2849.3,70.9,2.04,1,3.6,Healthy
290,3697.4,60.5,3.82,6,19.5,Critical
291,5635.0,46.0,2.31,5,15.9,Needs Attention
292,9464.0,68.2,2.3,3,14.0,Critical
293,2010.1,41.5,0.91,0,1.8,Healthy
294,3489.3,64.9,2.15,6,16.9,Needs Attention
295,4389.7,62.1,4.65,7,18.8,Critical
296,8289.1,49.7,2.03,0,3.5,Needs Attention
297,6311.4,63.3,1.08,0,2.5,Healthy
298,4382.9,64.1,3.43,7,19.4,Critical
299,5934.3,41.4,1.55,0,1.8,Healthy
300,3087.5,36.0,1.03,1,0.0,Healthy
301,7855.9,51.0,2.0,5,17.3,Critical
302,3547.0,56.5,1.82,0,3.4,Healthy
303,4769.1,49.8,3.63,5,18.8,Needs Attention
304,2706.0,46.1,1.16,0,5.3,Healthy
305,5857.1,42.8,3.01,3,13.2,Needs Attention
306,5912.3,52.9,1.55,2,9.8,Needs Attention
307,2415.1,53.6,1.75,3,4.5,Healthy
308,8644.0,56.6,2.03,2,11.1,Needs Attention
309,7982.7,63.5,1.37,5,18.1,Needs Attention
310,11151.3,60.1,3.9,3,19.7,Needs Attention
311,8259.5,36.1,1.72,0,5.2,Healthy
312,7000.1,59.9,3.62,7,15.7,Critical
313,1857.9,43.5,2.43,3,11.3,Needs Attention
314,1928.0,47.5,1.06,1,5.5,Healthy
315,3251.5,39.8,2.12,5,17.9,Needs Attention
316,6935.4,51.0,2.08,6,19.5,Needs Attention
317,9569.4,48.5,2.63,6,15.2,Needs Attention
318,1647.1,21.1,1.43,0,0.6,Healthy
319,5775.9,39.9,2.18,1,10.1,Healthy
320,7691.7,38.2,1.59,3,3.3,Healthy
321,6587.2,49.5,0.65,5,12.9,Needs Attention
322,1122.0,64.9,1.93,2,12.0,Needs Attention
323,4491.5,53.3,2.01,2,5.0,Healthy
324,6095.0,54.9,2.69,3,12.9,Needs Attention
325,3680.6,71.4,1.94,4,17.8,Needs Attention
326,8117.7,48.5,2.84,3,14.4,Needs Attention
327,3666.7,58.2,2.32,6,14.5,Needs Attention
328,1029.9,46.2,1.04,0,3.6,Healthy
329,6635.7,47.0,2.46,0,7.1,Healthy
330,8264.4,61.5,1.5,6,11.7,Critical
331,1903.1,40.2,1.47,1,2.7,Healthy
332,3243.8,44.4,2.23,1,12.6,Needs Attention
333,5176.9,44.6,1.24,0,1.8,Healthy
334,7168.8,48.9,2.46,2,6.4,Needs Attention
335,3384.4,45.8,1.19,7,11.8,Needs Attention
336,7927.9,56.3,1.2,1,6.9,Healthy
337,5825.2,70.2,2.4,3,14.7,Needs Attention
338,8241.7,45.5,3.38,5,19.9,Critical
339,6365.3,56.4,2.7,4,13.9,Needs Attention
340,1908.1,47.7,2.92,5,14.4,Critical
341,1049.5,48.2,1.73,4,5.9,Healthy
342,2044.2,60.7,2.25,5,13.4,Needs Attention
343,1507.2,45.1,1.66,4,9.3,Needs Attention
344,6950.5,28.9,1.44,2,0.9,Needs Attention
345,3925.3,50.2,0.56,1,3.7,Healthy
346,3129.2,36.2,2.05,4,13.9,Needs Attention
347,1329.8,66.6,2.43,1,7.2,Healthy
348,3323.5,39.7,1.41,0,5.2,Healthy
349,6279.6,42.9,2.67,4,10.5,Needs Attention
350,3337.4,66.1,1.17,4,19.8,Needs Attention
351,2020.9,62.0,4.19,3,19.4,Needs Attention
352,2058.6,37.6,1.85,4,8.9,Needs Attention
353,4002.3,57.7,1.51,3,12.4,Needs Attention
354,6312.9,65.3,2.47,1,11.2,Needs Attention
355,4812.0,60.9,3.63,5,19.3,Critical
356,3812.6,53.0,0.81,0,12.2,Needs Attention
357,7479.7,61.6,2.58,4,16.7,Needs Attention
358,9000.2,67.7,4.01,6,18.7,Critical
359,8569.0,67.1,1.42,7,12.0,Critical
360,2085.4,49.6,3.13,1,9.1,Healthy
361,3431.2,37.9,0.96,5,12.7,Needs Attention
362,3514.7,40.9,1.89,4,13.9,Healthy
363,7754.5,48.4,2.11,1,5.7,Healthy
364,3007.2,44.8,1.6,4,5.7,Needs Attention
365,9306.9,56.1,1.12,2,14.8,Needs Attention
366,9185.3,52.9,1.91,2,7.8,Healthy
367,9876.4,51.2,2.88,6,16.6,Critical
368,5734.4,36.4,1.81,2,3.5,Needs Attention
369,3442.4,38.7,1.9,0,5.1,Healthy
370,5597.8,51.7,1.93,1,9.8,Healthy
371,1625.6,42.3,2.66,0,10.7,Healthy
372,8695.9,67.9,2.38,7,16.5,Critical
373,8554.6,42.5,3.14,0,6.4,Needs Attention
374,1995.0,50.9,2.18,2,8.9,Healthy
375,5578.5,48.9,1.61,2,1.3,Healthy
376,9608.2,46.3,1.94,4,12.9,Needs Attention
377,2842.3,50.2,2.39,1,11.5,Healthy
378,7756.9,54.0,2.47,3,12.4,Needs Attention
379,5173.2,53.3,2.3,5,15.3,Needs Attention
380,4063.2,69.1,3.21,3,19.2,Needs Attention
381,389.0,42.6,2.29,0,2.5,Healthy
382,5056.9,54.4,3.03,5,12.9,Needs Attention
383,10171.4,60.7,3.39,4,18.6,Critical
384,5412.8,43.3,1.89,0,2.6,Healthy
385,4017.1,45.7,2.83,0,11.3,Needs Attention
386,6354.3,37.7,1.9,0,2.7,Healthy
387,3369.6,59.8,2.0,4,17.2,Needs Attention
388,4847.7,28.7,1.54,3,11.6,Needs Attention
389,6897.1,35.2,1.41,0,4.5,Healthy
390,6117.8,64.2,4.19,7,16.1,Critical
391,3673.7,43.6,1.82,4,9.7,Needs Attention
392,4172.6,49.4,1.55,3,9.4,Healthy
393,3004.6,55.9,1.33,4,10.9,Needs Attention
394,7815.3,43.6,1.47,4,7.1,Needs Attention
395,1933.4,43.1,2.6,0,4.2,Healthy
396,2025.0,33.4,1.32,3,4.2,Healthy
397,2150.8,41.2,1.09,0,1.1,Healthy
398,3931.8,44.3,0.51,0,1.7,Healthy
399,4210.1,45.8,1.94,4,13.2,Needs Attention
400,5977.9,36.2,2.05,5,17.2,Needs Attention
401,4024.8,56.9,0.65,0,2.4,Healthy
402,4314.5,36.2,1.65,0,0.9,Healthy
403,1314.2,41.7,2.38,1,2.0,Healthy
404,5693.2,46.9,1.88,5,15.8,Critical
405,7418.8,36.5,0.55,1,5.1,Healthy
406,5091.0,40.8,1.06,0,7.4,Healthy
407,6255.5,40.0,2.71,2,8.9,Needs Attention
408,1271.0,54.0,2.48,6,19.3,Needs Attention
409,8969.7,34.2,1.18,1,7.7,Healthy
410,5937.4,30.7,0.87,1,4.0,Healthy
411,355.7,45.1,2.0,0,4.8,Healthy
412,851.1,34.1,2.37,0,1.4,Healthy
413,6257.7,58.9,3.91,6,18.6,Needs Attention
414,8889.3,52.9,2.8,6,17.5,Critical
415,5192.4,24.2,0.65,2,9.2,Needs Attention
416,5114.9,72.9,4.02,8,19.1,Critical
417,4577.7,44.6,0.75,3,9.5,Needs Attention
418,3061.5,56.4,3.72,4,17.5,Needs Attention
419,7728.0,39.7,2.35,6,12.3,Needs Attention
420,9711.7,42.5,2.18,1,9.8,Needs Attention
421,4679.2,48.7,1.56,4,10.0,Needs Attention
422,4249.7,50.0,2.97,2,11.6,Needs Attention
423,6050.3,45.3,1.74,1,4.2,Healthy
424,2506.5,45.6,1.62,2,5.4,Healthy
425,9333.4,64.0,3.86,4,19.9,Critical
426,6656.3,37.0,1.62,1,1.2,Healthy
427,1041.9,27.3,0.63,0,0.4,Healthy
428,6066.4,55.0,2.7,5,13.5,Critical
429,5959.7,47.8,1.91,1,6.7,Needs Attention
430,3675.9,38.5,1.37,4,12.9,Needs Attention
431,8085.7,55.2,2.07,5,14.6,Needs Attention
432,3258.5,44.5,1.79,0,0.5,Healthy
433,5409.1,34.7,0.45,0,5.7,Healthy
434,3440.0,62.6,2.95,1,10.8,Healthy
435,6128.9,52.2,1.3,3,10.5,Needs Attention
436,6523.0,57.7,1.07,0,0.0,Healthy
437,3071.6,34.4,2.17,3,8.6,Needs Attention
438,3724.6,46.2,0.71,1,7.8,Healthy
439,8138.3,54.2,3.49,4,14.9,Critical
440,373.5,45.9,1.75,0,3.8,Healthy
441,4252.5,54.4,1.38,0,3.0,Healthy
442,3608.9,56.0,4.58,6,19.0,Critical
443,4543.2,65.6,3.1,0,15.4,Needs Attention
444,6371.3,67.3,2.34,2,9.5,Needs Attention
445,7818.4,34.2,0.87,1,4.0,Healthy
446,961.0,53.7,1.6,5,15.8,Needs Attention
447,9921.2,41.9,1.87,4,12.4,Needs Attention
448,9513.2,69.3,3.54,8,19.6,Critical
449,4413.8,51.4,2.71,2,9.7,Needs Attention
450,5540.2,49.3,2.49,4,18.3,Needs Attention
451,810.3,40.0,0.52,0,3.7,Healthy
452,5831.3,57.1,2.03,3,10.0,Needs Attention
453,3765.7,57.2,2.04,4,17.5,Needs Attention
454,5290.2,30.8,1.49,2,7.3,Healthy
455,8764.8,54.6,1.18,4,11.2,Needs Attention
456,8905.0,67.1,3.1,5,18.9,Critical
457,4308.9,44.2,3.3,4,15.0,Needs Attention
458,3289.9,47.2,2.61,1,8.0,Needs Attention
459,5875.6,60.7,4.18,4,15.3,Critical
460,4591.4,29.0,1.5,2,8.9,Needs Attention
461,3136.9,48.5,3.19,5,17.1,Needs Attention
462,1853.2,46.3,1.39,4,7.1,Healthy
463,7444.3,45.6,1.98,3,14.5,Critical
464,1299.3,56.5,2.0,4,11.5,Needs Attention
465,5495.9,54.8,2.53,4,13.1,Needs Attention
466,1107.0,35.5,0.92,0,4.4,Healthy
467,1013.2,48.5,1.69,1,2.6,Healthy
468,5558.7,48.4,1.19,3,11.2,Needs Attention
469,3505.9,51.0,2.7,4,18.5,Critical
470,9352.2,45.6,1.71,3,12.3,Needs Attention
471,859.5,47.4,1.17,1,2.2,Healthy
472,1737.4,40.1,1.75,1,0.5,Healthy
473,4723.9,33.9,2.08,2,0.4,Healthy
474,3127.3,42.9,0.94,0,0.2,Healthy
475,8306.4,44.8,1.68,0,7.6,Needs Attention
476,2030.9,43.3,1.5,0,0.4,Healthy
477,7377.0,77.2,1.34,4,19.6,Critical
478,7623.0,51.3,1.14,1,3.0,Healthy
479,8342.3,44.2,1.64,1,3.1,Healthy
480,6438.2,53.3,1.84,2,6.2,Healthy
481,8340.9,50.9,1.52,2,11.1,Needs Attention
482,9108.8,51.2,1.33,2,8.9,Healthy
483,4984.9,38.0,2.23,0,5.3,Healthy
484,5516.7,51.2,2.94,5,14.2,Needs Attention
485,7584.3,67.0,1.36,1,8.3,Needs Attention
486,2993.0,42.3,2.38,2,9.2,Healthy
487,8770.7,51.3,2.41,1,10.5,Needs Attention
488,6334.7,50.1,2.77,5,14.7,Needs Attention
489,5393.8,49.2,1.45,4,8.4,Needs Attention
490,6890.5,61.3,4.0,6,18.8,Critical
491,6464.1,51.5,1.68,0,5.0,Healthy
492,7304.5,39.9,2.79,0,7.7,Healthy
493,7181.0,37.8,2.24,0,3.0,Healthy
494,1995.6,47.7,0.54,1,2.6,Healthy
495,5121.7,48.2,3.08,0,11.8,Healthy
496,1334.0,36.5,0.1,0,1.0,Healthy
497,2677.7,39.5,0.97,0,8.3,Healthy
498,2510.0,62.6,3.22,5,18.6,Critical
499,3989.3,53.3,2.52,1,13.9,Healthy
500,7353.0,46.9,1.66,4,9.7,Needs Attention
501,4833.8,47.5,2.06,0,2.6,Healthy
502,5037.5,51.9,1.04,0,0.5,Healthy
503,1627.9,31.3,0.99,0,0.2,Healthy
504,5716.3,41.8,3.82,4,14.5,Needs Attention
505,6782.2,50.1,1.59,3,9.6,Needs Attention
506,4414.6,57.3,1.04,5,14.5,Needs Attention
507,7955.3,33.2,1.6,0,0.6,Healthy
508,959.1,24.9,1.89,1,6.3,Healthy
509,9158.3,40.7,2.16,6,15.7,Critical
510,6955.0,68.7,1.32,2,10.5,Needs Attention
511,4902.6,59.5,2.24,6,14.3,Needs Attention
512,4303.4,52.4,2.38,3,13.2,Needs Attention
513,1413.1,37.0,1.17,0,2.4,Healthy
514,3488.9,44.6,2.44,2,14.1,Needs Attention
515,669.7,29.7,0.62,0,2.1,Healthy
516,8158.5,61.9,1.36,6,16.3,Needs Attention
517,5079.8,51.7,2.7,0,9.4,Healthy
518,6765.2,52.0,1.8,1,7.8,Needs Attention
519,6621.8,44.0,0.3,0,3.4,Healthy
520,4405.1,60.2,1.8,3,10.7,Healthy
521,6122.0,52.1,3.04,3,15.7,Needs Attention
522,5275.8,55.3,1.66,4,11.8,Needs Attention
523,5086.9,60.8,1.02,3,7.6,Needs Attention
524,4575.5,37.3,0.85,1,3.0,Healthy
525,7208.4,75.3,2.8,6,18.9,Critical
526,4820.1,42.0,2.93,2,7.4,Needs Attention
527,3393.6,42.7,0.96,0,7.9,Needs Attention
528,4587.7,57.3,3.1,3,16.8,Needs Attention
529,3574.8,60.3,2.04,6,19.8,Critical
530,4736.6,34.9,1.26,1,11.0,Healthy
531,5080.2,60.6,2.75,4,10.9,Needs Attention
532,11155.9,57.4,2.75,5,19.7,Needs Attention
533,5341.0,29.1,2.02,0,1.6,Healthy
534,6221.2,74.6,3.14,4,14.7,Needs Attention
535,3875.7,49.6,0.31,1,1.2,Healthy
536,3410.8,60.7,2.17,4,17.0,Needs Attention
537,7256.5,55.4,0.61,3,8.9,Needs Attention
538,3559.3,71.3,3.77,6,18.7,Critical
539,6265.0,35.5,2.16,2,6.9,Healthy
540,6565.9,66.9,1.82,0,7.6,Healthy
541,2899.0,43.9,3.42,3,13.7,Needs Attention
542,5452.1,44.0,0.34,0,2.0,Healthy
543,4924.2,43.0,1.5,1,3.6,Healthy
544,438.4,57.2,0.18,0,3.9,Healthy
545,3577.9,81.3,2.78,5,17.1,Critical
546,8633.4,65.1,1.95,5,18.7,Critical
547,4610.8,52.4,3.18,6,15.5,Needs Attention
548,4194.1,30.8,0.4,1,3.6,Healthy
549,3337.2,40.6,1.25,3,11.4,Needs Attention
550,6901.4,51.8,3.77,5,18.1,Needs Attention
551,7650.5,47.7,0.79,0,0.1,Healthy
552,3225.1,50.6,3.46,5,19.2,Critical
553,2716.8,49.9,2.07,2,7.7,Healthy
554,6299.8,32.8,1.27,1,3.9,Healthy
555,1458.7,71.7,4.06,3,19.9,Needs Attention
556,3587.4,67.6,3.38,5,17.5,Needs Attention
557,2106.0,48.2,1.3,1,14.0,Healthy
558,4333.9,31.5,1.8,0,2.1,Healthy
559,5984.4,69.9,1.83,6,19.5,Critical
560,6674.4,55.6,2.19,0,8.3,Healthy
561,3911.0,26.4,0.1,1,0.3,Healthy
562,3663.7,63.4,1.43,4,13.8,Needs Attention
563,8197.9,51.5,3.26,6,19.0,Critical
564,5577.7,60.0,3.36,2,15.2,Healthy
565,2840.5,44.7,2.42,3,9.5,Healthy
566,6093.2,39.5,1.15,0,0.9,Healthy
567,2574.9,46.5,2.05,2,6.5,Healthy
568,4307.6,50.5,1.1,2,4.4,Needs Attention
569,8816.6,53.9,2.82,2,12.6,Needs Attention
570,8061.0,46.5,1.78,2,6.9,Needs Attention
571,7322.6,59.7,4.07,5,17.1,Critical
572,8744.3,70.7,1.68,0,11.6,Needs Attention
573,4334.3,38.5,1.21,2,0.7,Healthy
574,2854.7,50.9,3.35,7,19.0,Needs Attention
575,3721.6,41.6,0.49,0,0.5,Healthy
576,7287.4,37.6,2.58,1,1.4,Healthy
577,7303.4,37.7,0.1,0,1.6,Healthy
578,2379.0,52.6,3.16,3,7.3,Needs Attention
579,8285.6,56.9,3.0,5,18.8,Critical
580,2921.6,34.6,0.26,0,1.3,Healthy
581,10304.0,65.6,1.51,5,16.0,Critical
582,2620.5,69.7,2.64,4,19.1,Critical
583,2157.9,50.9,2.69,3,10.8,Needs Attention
584,4601.8,42.8,2.22,2,12.9,Needs Attention
585,6511.8,55.3,0.95,0,2.6,Healthy
586,7910.4,53.9,0.6,1,3.3,Healthy
587,2588.2,35.5,1.0,0,0.8,Healthy
588,2329.3,49.9,2.04,3,10.8,Needs Attention
589,9280.3,52.8,4.59,3,14.8,Needs Attention
590,8569.4,59.3,1.99,2,11.3,Needs Attention
591,4640.8,45.8,3.2,4,16.8,Needs Attention
592,5191.6,48.9,2.69,6,10.8,Needs Attention
593,2465.7,43.4,2.61,2,7.2,Healthy
594,6457.6,64.2,0.85,5,14.6,Needs Attention
595,1638.3,58.0,2.69,3,11.7,Needs Attention
596,8235.1,50.9,1.24,1,8.2,Needs Attention
597,6750.1,39.4,1.07,0,0.8,Needs Attention
598,6253.1,50.2,2.29,5,16.7,Critical
599,3754.3,69.8,2.32,5,19.9,Needs Attention
600,6423.1,35.5,2.77,3,10.3,Needs Attention
601,8165.4,55.8,1.78,2,8.4,Needs Attention
602,7080.8,58.0,3.66,6,15.1,Critical
603,2210.7,44.8,3.11,5,16.5,Needs Attention
604,7716.1,35.4,1.33,2,3.8,Needs Attention
605,6833.5,30.0,2.05,0,1.5,Healthy
606,6048.5,48.9,1.23,2,6.8,Needs Attention
607,5794.7,43.8,0.92,0,1.6,Healthy
608,1056.9,42.8,0.12,1,1.2,Healthy
609,3047.7,56.4,1.07,0,3.7,Healthy
610,4873.2,41.4,1.76,2,4.8,Healthy
611,2390.5,54.5,3.43,6,19.5,Critical
612,3620.1,45.4,1.4,3,7.1,Needs Attention
613,5247.9,45.6,2.94,5,14.1,Needs Attention
614,4303.9,48.3,1.74,5,11.1,Critical
615,1975.3,52.2,2.54,5,9.8,Needs Attention
616,4364.8,61.5,3.6,5,19.6,Needs Attention
617,5955.9,52.5,2.98,2,14.3,Needs Attention
618,6514.7,41.2,1.1,2,5.6,Needs Attention
619,9237.2,50.0,1.6,4,13.6,Needs Attention
620,3989.5,44.6,3.65,5,15.9,Needs Attention
621,8244.4,43.8,1.95,3,8.6,Needs Attention
622,4921.3,66.3,3.21,3,14.1,Needs Attention
623,8031.8,59.3,1.66,4,9.5,Needs Attention
624,466.3,59.5,1.26,1,0.6,Healthy
625,3869.4,32.1,0.68,1,7.1,Healthy
626,2656.6,46.4,0.77,0,0.4,Healthy
627,4155.1,42.7,1.28,2,7.6,Healthy
628,4326.1,59.3,1.16,3,12.3,Needs Attention
629,4885.5,62.6,2.44,8,19.9,Critical
630,3286.7,51.8,1.39,3,9.5,Needs Attention
631,5682.3,39.1,1.2,4,12.5,Critical
632,6558.9,57.5,1.94,3,14.8,Needs Attention
633,1711.7,40.2,2.18,3,7.3,Healthy
634,7794.3,44.0,1.73,2,8.2,Needs Attention
635,5552.0,48.4,1.98,3,9.3,Healthy
636,7501.2,40.8,1.19,3,3.5,Healthy
637,4111.3,48.5,1.17,2,8.1,Healthy
638,8633.3,56.8,1.35,3,10.4,Needs Attention
639,5018.0,50.9,3.01,2,11.7,Needs Attention
640,5176.1,44.5,3.15,6,11.8,Needs Attention
641,6989.8,36.4,1.14,4,7.3,Needs Attention
642,4017.4,47.8,2.82,6,15.8,Needs Attention
643,8128.1,61.6,2.17,3,7.8,Needs Attention
644,8380.0,77.9,3.68,7,18.3,Critical
645,8037.5,60.2,1.01,1,8.3,Needs Attention
646,7825.5,37.0,2.45,5,16.3,Critical
647,3295.2,63.3,2.38,5,12.6,Needs Attention
648,4491.1,51.5,2.03,5,15.9,Critical
649,7701.3,59.4,0.98,0,3.6,Healthy
650,4612.3,46.5,2.35,3,19.5,Critical
651,6013.8,40.9,1.01,1,2.3,Needs Attention
652,4240.0,32.2,1.07,3,15.6,Needs Attention
653,1934.5,53.8,1.65,2,8.2,Healthy
654,3001.6,42.0,0.26,1,2.7,Healthy
655,3126.5,65.0,1.67,3,6.7,Needs Attention
656,3774.2,45.7,1.65,0,12.4,Healthy
657,2773.1,56.3,2.23,7,17.6,Needs Attention
658,8796.5,62.2,1.75,5,15.0,Needs Attention
659,7555.9,69.3,2.1,6,19.9,Critical
660,6248.1,59.3,1.77,0,5.2,Healthy
661,8093.5,55.8,3.03,4,16.9,Critical
662,6958.6,49.9,2.6,2,11.7,Healthy
663,5526.5,55.9,0.69,2,0.5,Healthy
664,6183.7,61.0,2.75,2,13.2,Needs Attention
665,9649.2,41.6,1.4,7,14.7,Critical
666,3773.8,68.0,2.13,2,7.6,Healthy
667,6260.7,56.7,2.3,6,15.1,Critical
668,6150.4,55.0,2.84,5,16.6,Needs Attention
669,3895.9,48.9,2.47,0,8.7,Healthy
670,3539.5,57.0,2.73,4,10.5,Needs Attention
671,744.6,36.1,1.81,0,5.9,Healthy
672,1294.3,46.9,1.8,4,5.1,Needs Attention
673,5407.2,46.3,3.38,2,6.0,Needs Attention
674,7525.5,53.4,2.01,2,14.9,Needs Attention
675,10167.4,65.8,2.95,4,17.4,Critical
676,1318.4,54.5,1.21,0,6.1,Healthy
677,6474.4,35.2,1.61,3,8.7,Needs Attention
678,9413.1,63.2,3.62,4,14.1,Critical
679,8186.0,51.0,1.56,2,12.6,Needs Attention
680,6683.2,53.2,1.37,3,11.8,Needs Attention
681,5503.0,55.1,2.69,5,17.9,Critical
682,2429.2,35.8,1.11,2,6.9,Healthy
683,10162.9,63.1,1.88,3,14.2,Needs Attention
684,6376.9,58.2,3.61,4,15.0,Critical
685,309.0,45.3,0.1,1,0.9,Healthy
686,2002.3,46.3,2.85,3,12.4,Needs Attention
687,6198.9,52.7,3.1,4,13.8,Needs Attention
688,8601.0,60.5,3.19,4,12.2,Needs Attention
689,4262.3,38.8,0.94,2,5.8,Healthy
690,6872.7,45.9,1.72,2,8.3,Healthy
691,3381.1,52.2,1.62,1,13.3,Needs Attention
692,3760.2,52.0,0.58,3,15.9,Critical
693,1032.5,47.5,1.25,0,3.3,Healthy
694,3512.9,48.4,3.4,4,10.4,Needs Attention
695,9007.1,33.5,1.93,2,10.6,Healthy
696,4477.7,41.4,3.77,7,15.6,Critical
697,1499.3,49.4,1.86,0,5.7,Healthy
698,8881.7,37.2,2.93,6,15.5,Critical
699,2785.0,55.4,0.1,2,2.5,Healthy
700,5861.7,48.6,1.42,2,10.7,Needs Attention
701,5803.6,38.1,0.29,4,6.6,Needs Attention
702,4570.6,42.7,1.65,1,9.5,Healthy
703,8534.5,58.8,2.31,4,8.8,Needs Attention
704,2361.3,66.5,3.31,3,17.3,Needs Attention
705,4708.6,47.1,1.21,0,2.4,Healthy
706,2562.0,57.4,1.1,1,11.8,Needs Attention
707,5717.3,42.0,2.08,2,8.4,Healthy
708,4679.2,54.5,0.99,2,9.2,Needs Attention
709,9646.5,63.2,1.46,3,10.8,Needs Attention
710,2490.0,46.6,2.11,3,11.2,Needs Attention
711,4370.9,48.7,2.72,6,17.9,Needs Attention
712,6630.2,60.9,2.57,5,16.1,Needs Attention
713,1248.1,39.7,1.67,0,5.1,Healthy
714,3267.5,42.3,2.57,1,12.3,Needs Attention
715,2011.2,42.7,0.56,2,2.4,Healthy
716,4773.5,47.3,3.48,2,8.1,Needs Attention
717,4179.8,56.6,3.88,7,15.7,Critical
718,5406.6,30.6,2.1,3,10.8,Needs Attention
719,6469.5,57.1,3.71,5,18.7,Critical
720,5912.1,56.0,2.74,2,14.8,Needs Attention
721,5455.7,53.9,1.77,7,19.1,Critical
722,5278.0,61.5,2.3,2,9.2,Healthy
723,8568.6,59.6,1.76,6,17.9,Needs Attention
724,5127.6,62.4,3.52,5,13.4,Needs Attention
725,5113.0,54.2,1.84,4,18.7,Needs Attention
726,3660.7,60.6,1.49,5,14.4,Critical
727,8028.7,42.8,1.28,1,7.9,Needs Attention
728,751.6,26.2,1.03,0,2.6,Healthy
729,5485.9,64.9,2.68,7,13.9,Critical
730,8753.5,41.2,2.98,2,8.7,Needs Attention
731,4017.4,40.0,1.98,4,8.4,Needs Attention
732,2111.9,50.0,1.59,0,1.5,Healthy
733,2446.7,50.1,2.05,4,6.7,Healthy
734,7895.9,51.2,2.07,4,12.4,Needs Attention
735,7655.3,54.4,1.64,0,2.6,Healthy
736,6177.1,51.5,1.29,2,1.9,Healthy
737,8639.3,46.1,2.01,4,6.8,Needs Attention
738,5153.6,40.8,0.65,1,3.9,Healthy
739,4689.3,56.3,0.72,1,6.2,Healthy
740,1085.6,29.1,1.95,1,7.4,Healthy
741,7939.2,37.3,0.1,0,4.0,Needs Attention
742,7105.9,52.9,2.22,6,19.3,Critical
743,5386.3,43.8,2.18,3,4.6,Needs Attention
744,987.7,46.0,2.67,2,7.3,Healthy
745,2124.4,38.5,1.08,3,4.0,Healthy
746,5462.4,42.9,0.83,0,0.4,Healthy
747,11570.3,73.9,3.81,5,18.8,Critical
748,4057.5,59.3,1.76,0,7.6,Healthy
749,1543.7,68.9,1.22,3,6.6,Needs Attention
750,2198.7,48.7,2.24,3,13.3,Needs Attention
751,7451.8,59.0,1.37,4,13.9,Needs Attention
752,4826.3,71.9,2.59,5,17.3,Critical
753,4037.2,41.8,2.11,3,8.9,Healthy
754,2083.0,60.7,2.34,0,7.6,Healthy
755,1910.3,49.3,2.99,6,18.5,Needs Attention
756,6743.5,49.6,0.1,0,5.5,Needs Attention
757,4971.1,49.1,3.11,5,15.7,Critical
758,6538.3,48.0,0.47,1,4.5,Healthy
759,6748.9,35.0,1.2,3,3.8,Needs Attention
760,6518.2,36.2,0.46,0,0.2,Healthy
761,6377.0,39.4,1.8,0,0.5,Healthy
762,3762.1,65.2,3.36,6,19.6,Critical
763,4538.4,43.6,1.52,0,2.1,Healthy
764,1333.6,55.4,1.39,5,13.2,Needs Attention
765,2405.4,51.7,2.78,0,9.6,Healthy
766,7056.9,64.5,2.08,3,18.8,Critical
767,9192.2,50.3,1.96,0,10.5,Needs Attention
768,4395.3,55.4,4.04,1,14.2,Needs Attention
769,4952.3,47.1,1.07,0,3.7,Needs Attention
770,6935.5,34.1,1.17,6,14.0,Critical
771,4178.9,57.2,2.22,0,6.5,Healthy
772,4055.9,48.5,3.57,6,17.1,Critical
773,7941.1,50.5,1.39,0,4.8,Needs Attention
774,1904.1,42.2,1.74,1,7.8,Healthy
775,9079.0,64.4,1.76,4,13.9,Needs Attention
776,9052.5,57.9,3.63,4,15.4,Critical
777,4207.9,63.1,2.54,5,13.4,Needs Attention
778,2424.3,60.1,2.25,4,11.2,Needs Attention
779,3862.0,42.2,0.89,2,6.3,Needs Attention
780,8648.1,60.2,2.45,0,12.0,Healthy
781,8145.6,44.0,1.2,5,13.9,Needs Attention
782,5791.2,48.5,2.79,2,6.7,Needs Attention
783,5347.1,70.9,2.64,5,17.9,Critical
784,7499.0,40.5,1.52,0,0.8,Healthy
785,7012.4,50.8,3.43,7,19.6,Critical
786,6288.4,40.6,1.84,1,5.0,Healthy
787,5345.6,26.0,0.92,1,3.8,Healthy
788,4786.3,47.6,2.87,3,14.5,Needs Attention
789,3695.9,41.8,3.18,4,15.6,Needs Attention
790,1863.2,73.6,1.66,4,15.9,Needs Attention
791,4617.2,51.9,2.12,2,9.3,Needs Attention
792,7039.9,66.3,1.88,1,10.0,Healthy
793,1854.2,50.9,2.22,4,8.2,Healthy
794,5472.4,65.4,1.32,5,10.2,Needs Attention
795,7359.6,40.4,2.2,0,12.6,Healthy
796,2881.5,54.9,3.83,4,16.8,Needs Attention
797,7385.4,47.2,1.19,0,8.5,Needs Attention
798,2834.2,65.4,3.87,3,14.6,Needs Attention
799,7520.8,41.7,3.29,6,19.7,Critical
800,2674.1,61.9,1.43,5,14.1,Needs Attention
801,7797.0,50.4,1.15,0,5.2,Healthy
802,5512.6,56.4,1.72,0,6.8,Healthy
803,4275.7,48.3,0.1,0,1.9,Healthy
804,8600.6,50.2,0.91,1,7.4,Needs Attention
805,3964.8,53.3,1.9,0,2.0,Healthy
806,5274.3,54.2,3.62,7,16.3,Critical
807,2898.7,28.4,1.31,0,0.3,Healthy
808,9082.7,67.1,1.13,2,8.6,Needs Attention
809,6431.8,48.7,1.73,0,10.4,Healthy
810,3799.3,44.6,2.37,2,3.4,Healthy
811,3989.5,63.9,2.85,4,14.3,Needs Attention
812,4705.1,56.4,0.34,0,2.7,Healthy
813,6942.5,33.5,1.53,2,7.5,Needs Attention
814,1003.1,50.7,1.63,2,1.8,Healthy
815,495.1,41.6,1.52,0,0.0,Healthy
816,3088.7,63.8,3.74,1,12.0,Needs Attention
817,2964.6,52.1,2.49,7,12.0,Critical
818,6283.9,40.0,3.36,4,14.1,Needs Attention
819,8762.7,55.8,2.94,6,14.7,Critical
820,10175.8,69.5,2.45,3,17.0,Critical
821,4041.0,48.9,2.02,5,13.9,Needs Attention
822,1959.4,52.4,2.48,2,9.2,Healthy
823,6805.8,66.1,2.75,4,14.5,Needs Attention
824,2565.5,52.7,2.32,5,19.5,Needs Attention
825,4644.4,39.8,2.27,0,4.8,Healthy
826,6781.7,61.0,2.88,4,17.3,Needs Attention
827,4651.8,44.2,0.68,0,0.5,Healthy
828,1474.1,64.8,2.6,1,11.4,Healthy
829,5979.4,60.7,2.73,7,16.2,Critical
830,5070.0,49.8,1.47,2,3.6,Needs Attention
831,3628.9,47.7,3.28,6,17.0,Critical
832,7319.8,50.4,2.5,7,18.9,Critical
833,2379.1,54.2,2.91,5,10.8,Needs Attention
834,3170.4,40.3,2.19,0,4.3,Healthy
835,4189.1,38.1,0.1,2,5.1,Needs Attention
836,8407.8,57.1,1.66,3,13.1,Needs Attention
837,1210.6,38.1,1.6,1,2.5,Healthy
838,3056.3,40.7,0.86,0,0.2,Healthy
839,5751.4,40.6,0.86,4,9.8,Needs Attention
840,7277.3,53.4,0.88,3,6.9,Needs Attention
841,1342.1,36.0,0.1,0,3.1,Healthy
842,4255.7,57.0,3.66,6,14.1,Needs Attention
843,8035.3,46.4,1.88,2,6.1,Needs Attention
844,6093.7,53.0,0.96,0,1.1,Healthy
845,9870.7,38.3,1.4,2,10.3,Needs Attention
846,4366.5,72.2,2.16,1,15.0,Healthy
847,8790.6,50.7,2.35,2,13.5,Needs Attention
848,2309.2,46.4,1.3,1,7.5,Healthy
849,5773.5,46.9,0.92,2,14.8,Needs Attention
850,4240.8,63.5,1.71,2,9.8,Needs Attention
851,1924.0,38.0,2.16,3,9.8,Needs Attention
852,3890.7,29.8,1.83,0,6.0,Healthy
853,7538.5,30.0,2.62,2,7.2,Needs Attention
854,6184.7,53.2,0.89,3,9.6,Healthy
855,9153.1,46.3,1.73,0,10.0,Needs Attention
856,5902.7,43.3,1.66,1,4.7,Healthy
857,4352.2,53.5,1.38,1,3.0,Healthy
858,7639.8,46.4,1.72,5,16.2,Critical
859,9688.9,65.8,2.79,5,19.8,Critical
860,4681.0,44.9,2.05,0,6.7,Healthy
861,384.9,21.1,1.29,1,1.0,Healthy
862,2905.9,48.9,1.5,0,7.3,Healthy
863,4536.6,49.6,2.11,4,10.6,Needs Attention
864,6664.7,75.1,2.88,4,18.2,Needs Attention
865,5992.4,43.0,2.77,4,4.0,Healthy
866,6408.9,44.8,3.47,7,17.9,Critical
867,1821.2,53.2,1.32,2,13.9,Healthy
868,4478.8,54.8,2.61,6,19.4,Critical
869,9376.7,48.6,1.92,3,13.9,Needs Attention
870,656.4,51.9,0.34,1,3.4,Healthy
871,7238.2,34.9,0.94,0,5.0,Healthy
872,5307.5,53.4,1.01,5,14.4,Needs Attention
873,8117.3,78.0,3.33,4,19.4,Needs Attention
874,6598.1,34.2,2.06,4,12.7,Needs Attention
875,5636.3,51.7,3.1,1,14.5,Needs Attention
876,1136.1,45.4,1.6,3,13.0,Needs Attention
877,3304.8,60.7,1.66,6,19.4,Needs Attention
878,1475.5,43.0,2.82,4,12.9,Needs Attention
879,5002.1,42.1,1.72,3,14.7,Needs Attention
880,5694.9,49.3,1.41,0,1.1,Healthy
881,2268.1,55.8,3.83,7,18.2,Needs Attention
882,1502.8,39.0,1.78,3,2.2,Healthy
883,6209.2,57.5,2.78,4,17.9,Critical
884,2143.4,57.2,0.53,5,7.0,Needs Attention
885,5540.9,46.9,0.5,0,3.0,Healthy
886,1839.2,39.1,2.24,0,5.6,Healthy
887,7409.4,34.3,1.71,2,6.7,Healthy
888,4960.2,54.6,1.16,3,11.6,Needs Attention
889,9768.0,54.1,1.5,3,11.2,Needs Attention
890,10971.3,60.1,3.61,4,17.1,Critical
891,7772.2,55.9,1.58,1,0.5,Healthy
892,833.1,44.0,2.1,0,1.6,Healthy
893,4069.8,56.9,2.46,2,8.2,Healthy
894,6691.8,49.4,0.1,0,0.2,Healthy
895,8182.5,43.5,2.03,1,3.1,Needs Attention
896,8665.5,39.6,0.87,4,11.2,Needs Attention
897,1107.7,54.2,1.49,3,3.9,Healthy
898,4477.5,49.9,4.24,2,15.1,Needs Attention
899,2689.0,37.4,1.65,0,0.9,Healthy
900,6881.1,71.8,2.91,4,19.5,Critical
901,7910.4,49.9,2.25,5,11.7,Needs Attention
902,7122.1,57.8,2.01,2,13.1,Needs Attention
903,4095.6,51.4,0.89,1,6.8,Healthy
904,5396.2,47.3,0.89,1,3.0,Healthy
905,2871.0,36.8,1.33,0,1.9,Healthy
906,3772.4,54.7,2.06,3,9.5,Healthy
907,8523.0,65.7,2.85,3,17.1,Needs Attention
908,7964.6,62.9,3.0,5,17.5,Critical
909,3389.3,49.9,1.74,2,3.2,Healthy
910,6173.2,47.3,1.65,2,1.7,Healthy
911,5094.3,32.9,2.31,6,14.0,Needs Attention
912,8283.8,62.0,2.51,1,7.6,Healthy
913,1435.7,45.7,1.12,3,12.7,Healthy
914,3814.6,60.3,3.0,2,16.6,Needs Attention
915,5903.8,56.7,1.42,2,3.2,Needs Attention
916,5024.7,59.5,1.28,2,12.3,Needs Attention
917,4290.9,64.6,3.32,6,17.3,Critical
918,2385.8,63.3,2.6,3,19.4,Critical
919,5626.5,68.2,3.23,5,19.4,Needs Attention
920,4218.9,50.1,1.32,1,9.1,Healthy
921,5618.2,51.9,2.52,6,11.9,Needs Attention
922,7752.4,56.1,3.86,6,19.9,Critical
923,5138.4,47.7,2.44,3,8.9,Needs Attention
924,8208.7,41.7,0.18,0,2.5,Healthy
925,7548.0,45.5,2.03,1,5.7,Healthy
926,3530.0,34.8,2.77,1,3.1,Needs Attention
927,5835.2,53.7,2.19,2,3.9,Needs Attention
928,4168.1,43.9,1.61,2,10.3,Healthy
929,8483.9,38.6,1.0,2,11.1,Healthy
930,3317.4,35.4,0.7,1,1.6,Healthy
931,3749.0,53.0,2.13,1,10.7,Healthy
932,2206.2,45.3,2.93,2,11.6,Needs Attention
933,5203.8,47.6,2.93,4,16.8,Needs Attention
934,7869.3,36.1,1.63,10,18.2,Critical
935,6192.2,53.5,1.34,4,9.7,Needs Attention
936,7136.6,42.9,2.38,0,3.0,Healthy
937,5323.5,48.0,2.74,6,19.1,Critical
938,8361.1,53.8,2.26,5,13.7,Needs Attention
939,6258.4,57.9,2.49,3,17.7,Critical
940,1409.6,38.1,2.23,1,1.3,Healthy
941,1498.3,49.9,1.44,0,0.6,Healthy
942,722.9,57.4,1.11,0,6.4,Healthy
943,2520.9,61.6,1.77,0,2.1,Healthy
944,2667.6,47.7,1.58,1,6.4,Healthy
945,3965.6,66.0,2.28,0,11.5,Needs Attention
946,3012.5,50.6,1.52,5,18.4,Needs Attention
947,4079.9,37.0,2.96,4,11.1,Needs Attention
948,943.3,37.0,2.98,4,12.4,Needs Attention
949,6288.8,75.3,2.97,8,18.0,Critical
950,2847.5,41.8,1.43,2,1.5,Healthy
951,10045.0,60.3,3.14,2,15.1,Needs Attention
952,6383.7,51.7,2.26,0,6.4,Healthy
953,1426.8,40.5,2.37,2,4.1,Healthy
954,6330.6,48.6,2.28,4,11.8,Needs Attention
955,9115.8,52.7,1.93,1,7.3,Needs Attention
956,3536.9,57.6,1.45,3,13.0,Needs Attention
957,7747.3,31.9,1.28,1,5.3,Needs Attention
958,7330.1,41.2,1.88,1,13.0,Needs Attention
959,8741.7,42.2,2.0,4,12.9,Critical
960,4067.6,60.8,3.24,3,14.3,Needs Attention
961,6634.3,47.2,2.75,3,11.9,Needs Attention
962,1757.7,28.9,1.18,0,1.4,Healthy
963,8716.5,54.8,1.86,4,13.6,Needs Attention
964,9232.9,55.3,3.73,3,19.8,Critical
965,4493.6,44.7,4.51,6,19.8,Needs Attention
966,5970.4,85.6,3.66,4,18.0,Critical
967,3566.5,53.1,2.06,0,10.0,Healthy
968,8665.9,55.0,2.98,6,17.5,Critical
969,8751.7,38.6,2.46,0,8.3,Needs Attention
970,5394.9,53.2,3.39,3,15.8,Needs Attention
971,3342.9,36.3,2.12,1,6.1,Healthy
972,1163.0,56.5,1.99,4,13.2,Needs Attention
973,8396.7,43.4,2.13,2,5.4,Healthy
974,8285.4,40.7,2.72,1,8.5,Needs Attention
975,2559.9,61.3,2.94,2,13.7,Needs Attention
976,4734.0,66.2,2.32,3,17.5,Needs Attention
977,1318.8,51.6,0.83,2,8.2,Needs Attention
978,4683.2,38.2,1.51,1,2.5,Healthy
979,970.2,51.9,1.96,1,9.2,Healthy
980,6105.2,38.3,1.47,0,1.2,Healthy
981,8102.4,65.0,2.63,4,13.5,Needs Attention
982,1749.1,52.6,1.11,4,12.1,Needs Attention
983,10034.5,57.2,2.12,3,19.7,Critical
984,7098.3,36.2,1.1,0,3.7,Healthy
985,6417.5,40.6,1.84,1,9.9,Needs Attention
986,2451.4,58.3,1.38,0,0.2,Healthy
987,8424.2,40.2,2.25,3,5.5,Needs Attention
988,6459.9,49.0,2.56,0,7.0,Needs Attention
989,4570.0,68.1,1.87,4,12.9,Needs Attention
990,5508.8,55.5,1.86,8,19.1,Critical
991,7952.7,56.2,2.92,4,9.5,Needs Attention
992,1706.0,60.8,2.38,4,8.4,Healthy
993,6272.3,52.2,2.04,1,6.4,Needs Attention
994,7058.9,34.8,0.58,2,3.2,Healthy
995,4214.5,38.8,0.51,0,7.2,Healthy
996,4962.0,55.3,2.23,3,11.4,Needs Attention
997,6410.7,32.5,0.8,3,1.6,Healthy
998,5927.2,60.9,2.03,3,5.0,Healthy
999,1690.2,50.0,1.19,1,8.0,Healthy
1000,6592.9,59.8,1.52,2,6.7,Needs Attention
1001,10188.4,78.8,2.91,5,19.0,Critical
1002,8569.1,29.7,1.98,2,11.0,Needs Attention
1003,1302.6,52.3,3.04,5,19.4,Needs Attention
1004,6279.8,45.8,1.63,1,1.0,Healthy
1005,3721.1,45.6,2.53,1,3.9,Healthy
1006,3247.1,65.3,2.35,4,19.8,Critical
1007,3029.8,46.4,1.72,0,4.9,Healthy
1008,7910.4,54.3,1.33,0,7.1,Healthy
1009,4841.0,57.0,1.65,6,14.0,Critical
1010,6310.7,61.0,2.84,0,4.6,Healthy
1011,4117.9,42.2,0.96,0,2.3,Healthy
1012,4057.6,46.7,2.48,3,17.3,Needs Attention
1013,4961.9,48.7,0.32,0,0.5,Healthy
1014,4807.0,52.5,2.44,1,8.7,Healthy
1015,6262.8,64.4,3.84,6,18.8,Critical
1016,6454.5,30.7,0.88,0,0.3,Healthy
1017,8523.7,44.5,1.79,4,13.2,Critical
1018,5446.5,52.6,2.47,2,8.8,Needs Attention
1019,997.3,48.6,1.48,3,6.3,Needs Attention
1020,971.3,42.7,1.04,2,1.0,Healthy
1021,2848.7,43.4,0.65,2,5.2,Healthy
1022,2904.3,42.2,2.84,3,10.2,Needs Attention
1023,4437.2,68.9,1.9,8,15.8,Critical
1024,2777.0,65.8,2.27,4,18.2,Needs Attention
1025,2899.2,62.4,3.5,5,16.6,Critical
1026,5682.1,55.1,2.08,1,11.5,Needs Attention
1027,7195.5,42.3,0.95,1,5.4,Healthy
1028,6736.1,24.9,1.51,0,4.8,Healthy
1029,6016.5,47.0,1.31,3,8.4,Needs Attention
1030,2865.4,40.0,1.34,4,5.7,Healthy
1031,993.2,44.4,0.7,0,0.3,Healthy
1032,4623.7,67.2,3.58,5,19.8,Critical
1033,9669.9,77.5,2.81,3,17.9,Critical
1034,7519.0,50.7,3.21,3,9.0,Needs Attention
1035,6636.5,50.5,3.22,6,17.9,Critical
1036,3523.2,53.7,0.96,1,5.9,Healthy
1037,6976.5,31.0,1.23,1,2.9,Healthy
1038,2468.8,62.1,0.41,2,2.4,Healthy
1039,2147.0,55.4,0.42,0,2.8,Healthy
1040,1550.1,63.7,2.5,4,16.7,Needs Attention
1041,8402.9,67.4,1.31,5,14.1,Critical
1042,6601.1,39.6,2.0,0,1.6,Healthy
1043,8122.4,45.6,2.78,2,6.3,Needs Attention
1044,959.5,52.6,1.41,4,12.7,Healthy
1045,2622.4,51.8,1.28,0,5.7,Healthy
1046,3667.3,38.0,0.89,1,3.6,Healthy
1047,2901.6,39.2,1.81,3,4.6,Needs Attention
1048,5248.8,60.8,2.68,6,15.1,Critical
1049,7917.6,53.3,2.35,1,14.1,Needs Attention
1050,3089.0,43.4,2.82,5,15.7,Needs Attention
1051,5241.3,46.6,1.87,1,14.6,Healthy
1052,4368.6,49.7,2.23,5,12.3,Needs Attention
1053,6658.0,52.0,3.13,3,11.1,Needs Attention
1054,4150.6,68.4,3.65,6,18.2,Critical
1055,2179.2,49.9,2.08,3,9.7,Healthy
1056,6159.5,34.9,0.24,3,2.6,Healthy
1057,3155.4,47.1,1.68,3,12.1,Needs Attention
1058,2114.4,45.2,2.06,0,5.5,Healthy
1059,5843.4,43.3,3.26,6,18.2,Critical
1060,4832.7,53.1,3.13,6,19.5,Critical
1061,7338.4,32.2,0.96,0,3.4,Healthy
1062,3496.0,44.8,3.08,6,15.3,Needs Attention
1063,8348.3,48.3,3.38,7,15.1,Needs Attention
1064,1088.2,50.9,1.95,0,1.6,Healthy
1065,3453.9,40.9,0.32,0,0.8,Healthy
1066,8269.6,39.2,2.01,0,5.9,Healthy
1067,7289.1,65.7,1.96,4,12.3,Needs Attention
1068,7175.7,66.2,2.53,4,10.5,Critical
1069,3287.3,41.0,2.4,0,10.8,Healthy
1070,7557.2,38.3,0.99,0,5.5,Healthy
1071,1458.8,50.2,1.81,0,1.5,Healthy
1072,6147.8,59.4,1.44,5,15.4,Needs Attention
1073,6556.4,37.4,2.24,0,1.8,Healthy
1074,4280.0,43.1,2.71,3,13.3,Needs Attention
1075,8935.4,66.2,1.6,1,10.6,Needs Attention
1076,7595.2,60.8,2.62,3,15.8,Needs Attention
1077,5337.0,50.7,2.12,0,4.3,Healthy
1078,2489.5,47.3,0.62,0,0.1,Healthy
1079,5643.2,52.8,0.1,2,0.9,Healthy
1080,5563.7,57.2,2.4,4,9.8,Needs Attention
1081,3018.3,57.1,1.88,1,17.4,Healthy
1082,5116.8,43.6,2.41,0,3.9,Healthy
1083,8662.3,69.2,2.48,3,10.3,Needs Attention
1084,2914.4,45.4,0.3,2,8.9,Needs Attention
1085,5595.6,49.5,2.01,2,6.8,Needs Attention
1086,9382.2,63.8,2.91,6,19.3,Critical
1087,4469.4,45.6,1.79,4,18.0,Needs Attention
1088,7359.5,44.1,2.1,0,3.8,Needs Attention
1089,6621.0,40.7,2.13,2,9.0,Healthy
1090,7684.3,66.3,1.02,5,16.2,Needs Attention
1091,884.2,54.5,2.43,1,9.4,Healthy
1092,5711.4,29.7,1.34,2,0.7,Needs Attention
1093,4210.1,36.2,1.78,0,6.1,Healthy
1094,3499.2,60.1,1.42,2,5.1,Healthy
1095,7814.6,24.8,2.06,6,8.4,Needs Attention
1096,8430.5,61.4,0.93,1,4.0,Healthy
1097,1783.9,48.7,1.91,2,9.2,Healthy
1098,6344.3,39.0,2.14,0,4.9,Healthy
1099,8740.3,62.3,2.58,4,13.4,Needs Attention
1100,7707.5,37.3,2.85,5,16.4,Critical
1101,4508.1,61.7,1.43,5,15.4,Needs Attention
1102,3907.1,42.4,2.13,4,4.2,Needs Attention
1103,2588.1,61.4,1.96,4,8.4,Healthy
1104,2579.4,20,1.15,0,0.2,Healthy
1105,5803.8,40.0,1.92,0,5.2,Healthy
1106,9883.1,59.9,3.69,3,15.7,Needs Attention
1107,7748.5,53.5,2.89,6,16.3,Needs Attention
1108,3171.8,50.3,1.77,0,5.0,Healthy
1109,3518.3,55.3,2.59,2,11.9,Healthy
1110,8618.2,54.0,0.72,1,5.5,Needs Attention
1111,2648.0,35.8,2.57,4,7.5,Healthy
1112,1815.8,59.3,1.03,3,8.5,Needs Attention
1113,3086.6,46.8,0.95,1,5.2,Healthy
1114,7590.2,68.7,1.67,4,14.9,Needs Attention
1115,1785.6,51.5,1.82,2,8.3,Healthy
1116,6705.7,43.9,2.35,3,5.8,Needs Attention
1117,4378.2,41.8,0.67,4,6.9,Needs Attention
1118,7654.5,61.1,2.48,4,19.4,Critical
1119,5043.9,41.6,1.08,0,0.6,Healthy
1120,7697.3,53.3,1.94,0,4.7,Healthy
1121,6732.7,42.0,0.73,0,3.2,Healthy
1122,7485.5,33.0,1.15,0,2.1,Healthy
1123,6707.3,42.0,2.48,6,16.5,Critical
1124,6735.1,45.2,1.64,4,7.7,Needs Attention
1125,9005.7,48.2,2.32,4,14.6,Needs Attention
1126,6768.1,43.2,2.78,7,13.1,Needs Attention
1127,3540.9,44.5,2.78,3,6.5,Healthy
1128,2295.3,57.3,3.03,3,10.0,Needs Attention
1129,9627.5,48.7,2.87,5,13.5,Critical
1130,4964.3,52.8,3.29,4,12.9,Needs Attention
1131,6200.9,53.3,3.27,4,14.3,Needs Attention
1132,3646.5,48.7,1.65,3,3.4,Needs Attention
1133,2830.0,50.1,1.14,0,9.8,Healthy
1134,2556.9,36.3,2.59,0,3.0,Healthy
1135,3780.8,44.9,2.57,3,8.8,Needs Attention
1136,5216.2,58.1,1.67,2,6.1,Needs Attention
1137,7122.0,41.5,1.35,2,3.1,Needs Attention
1138,7606.0,35.0,2.06,0,0.3,Healthy
1139,9012.3,57.8,0.95,3,9.2,Needs Attention
1140,1586.1,32.2,1.88,2,8.0,Healthy
1141,2982.8,52.4,1.98,2,11.3,Needs Attention
1142,5193.0,67.6,2.75,4,12.2,Needs Attention
1143,6050.0,50.2,2.59,3,11.7,Needs Attention
1144,4659.7,30.7,0.65,3,3.9,Healthy
1145,7000.6,39.0,0.57,1,3.9,Needs Attention
1146,8589.4,49.9,2.59,0,10.3,Needs Attention
1147,5750.6,69.1,2.95,4,18.9,Critical
1148,6267.1,49.3,1.48,1,8.9,Needs Attention
1149,2697.5,46.4,2.12,1,2.1,Healthy
1150,8264.9,47.6,0.98,0,3.1,Healthy
1151,1770.2,39.7,1.74,0,6.1,Healthy
1152,8584.1,55.5,1.86,3,8.1,Needs Attention
1153,3567.6,40.9,1.27,0,5.9,Healthy
1154,2152.6,23.3,1.42,0,2.1,Healthy
1155,5571.1,68.1,2.92,3,18.2,Critical
1156,1431.7,40.6,1.32,0,2.2,Healthy
1157,2206.5,33.4,1.0,0,1.8,Healthy
1158,7215.6,49.6,2.49,3,15.7,Needs Attention
1159,6463.9,51.5,1.65,0,6.7,Healthy
1160,4414.1,34.3,1.16,1,1.0,Healthy
1161,6021.1,66.5,1.84,3,9.8,Healthy
1162,7634.7,46.1,0.51,0,1.8,Healthy
1163,6105.7,43.3,2.79,4,14.8,Needs Attention
1164,2054.5,37.7,2.04,2,11.5,Healthy
1165,6845.7,60.2,0.78,2,9.2,Needs Attention
1166,714.8,28.4,0.93,0,3.6,Healthy
1167,2900.7,49.1,1.82,2,4.2,Healthy
1168,4948.0,56.8,2.95,5,16.7,Critical
1169,1985.9,75.0,2.71,2,16.3,Needs Attention
1170,3714.7,61.4,2.27,4,15.0,Needs Attention
1171,6078.3,62.6,2.62,2,16.1,Critical
1172,5333.0,44.4,2.0,1,1.7,Healthy
1173,1852.6,69.5,2.95,2,11.3,Healthy
1174,1889.5,55.8,0.47,3,8.3,Healthy
1175,4287.4,47.0,1.94,0,3.2,Healthy
1176,7107.2,31.2,0.62,3,0.7,Healthy
1177,8025.9,52.7,0.53,0,1.8,Healthy
1178,4905.6,38.1,2.37,0,6.2,Healthy
1179,2979.5,55.6,2.26,2,17.0,Needs Attention
1180,1972.9,52.4,1.07,0,2.1,Healthy
1181,2775.9,60.4,3.07,4,15.2,Needs Attention
1182,1743.2,48.8,1.88,0,4.0,Healthy
1183,8256.8,41.9,1.26,3,12.6,Critical
1184,6099.8,47.0,3.21,4,18.5,Needs Attention
1185,1595.0,60.6,2.3,4,10.4,Needs Attention
1186,7553.2,64.3,2.19,0,5.9,Needs Attention
1187,5079.1,48.8,2.64,7,20.0,Critical
1188,7498.3,44.5,1.52,4,10.5,Needs Attention
1189,8763.0,40.3,1.21,7,12.4,Needs Attention
1190,8362.9,60.3,2.36,1,5.9,Needs Attention
1191,8264.6,40.9,2.0,2,6.2,Healthy
1192,5130.7,66.0,3.15,6,19.0,Critical
1193,3868.7,51.2,3.57,6,17.9,Critical
1194,1715.4,46.4,2.07,1,6.2,Healthy
1195,9267.7,47.6,3.06,3,19.6,Critical
1196,8491.9,81.4,4.19,4,17.5,Critical
1197,8373.1,54.3,1.44,5,17.4,Needs Attention
1198,4627.3,54.7,1.79,1,5.0,Needs Attention
1199,6099.0,43.0,1.61,0,11.8,Healthy
1200,5880.1,50.9,1.84,0,7.7,Needs Attention
1201,5348.7,64.7,1.8,1,18.1,Needs Attention
1202,7741.3,52.7,3.3,7,16.3,Critical
1203,8671.1,43.2,3.54,4,16.0,Critical
1204,8751.0,50.3,1.01,1,9.2,Needs Attention
1205,9667.3,53.8,1.05,5,16.3,Critical
1206,6511.5,46.6,3.05,2,14.4,Needs Attention
1207,9508.9,35.6,2.5,3,17.9,Needs Attention
1208,4850.7,30.1,1.27,3,10.8,Needs Attention
1209,5187.7,57.6,0.7,2,10.7,Needs Attention
1210,4662.6,61.2,4.36,7,20.0,Critical
1211,5553.9,50.7,1.71,0,4.5,Healthy
1212,5318.5,70.6,1.35,2,11.4,Healthy
1213,3807.6,63.7,3.86,6,16.1,Critical
1214,4550.8,59.2,2.22,4,19.7,Critical
1215,7668.2,63.3,2.24,5,12.1,Needs Attention
1216,5399.9,44.7,1.76,3,9.9,Needs Attention
1217,2669.8,57.3,1.41,3,13.6,Healthy
1218,4042.6,57.2,4.39,6,19.7,Critical
1219,6500.0,44.8,1.12,5,10.8,Needs Attention
1220,7537.8,49.2,1.35,2,10.6,Needs Attention
1221,1173.5,40.8,1.69,1,2.4,Healthy
1222,3137.8,45.9,1.7,2,1.9,Healthy
1223,6888.9,47.4,1.57,3,6.8,Needs Attention
1224,1179.0,35.0,2.08,3,10.6,Needs Attention
1225,2113.4,40.6,1.04,0,3.6,Healthy
1226,1795.8,20,1.15,1,3.5,Healthy
1227,3239.4,39.0,1.88,4,5.8,Healthy
1228,6398.7,46.9,2.43,5,18.6,Critical
1229,3628.5,56.1,0.24,1,3.8,Healthy
1230,6328.2,43.6,1.97,3,10.4,Needs Attention
1231,3309.1,49.2,1.61,0,9.0,Healthy
1232,8948.5,47.4,1.85,1,6.1,Needs Attention
1233,6972.8,69.1,2.39,5,18.0,Critical
1234,9642.5,45.1,4.0,7,16.5,Critical
1235,6784.1,48.7,3.45,5,17.8,Critical
1236,1630.0,91.1,3.28,3,18.5,Critical
1237,1211.6,35.7,1.49,0,0.9,Healthy
1238,7492.8,54.6,3.72,5,17.6,Needs Attention
1239,6324.1,50.9,2.0,6,12.0,Critical
1240,2438.1,43.9,0.62,1,9.8,Healthy
1241,1642.1,68.6,1.9,6,11.4,Critical
1242,1667.1,50.5,0.61,1,9.4,Healthy
1243,4938.9,48.9,1.62,0,2.9,Healthy
1244,8883.6,37.9,0.97,1,6.8,Needs Attention
1245,2104.9,52.6,1.57,0,3.7,Healthy
1246,3401.1,54.3,3.52,5,19.3,Critical
1247,2094.4,45.8,0.85,0,2.1,Healthy
1248,5470.8,41.4,1.96,0,1.5,Healthy
1249,5199.0,61.6,2.67,5,12.3,Critical
1250,8438.5,57.9,1.37,0,3.5,Healthy
1251,3007.5,60.8,1.77,3,10.8,Healthy
1252,3679.9,50.8,1.94,3,7.8,Needs Attention
1253,7393.7,46.8,2.41,4,13.2,Needs Attention
1254,4676.7,63.1,2.5,4,13.0,Needs Attention
1255,2653.6,48.1,1.88,2,10.4,Healthy
1256,6892.2,49.8,1.91,0,8.0,Needs Attention
1257,8095.5,58.1,2.7,6,12.2,Critical
1258,7721.3,45.3,1.41,0,6.3,Healthy
1259,6516.7,50.1,1.67,0,9.5,Healthy
1260,4804.0,64.6,0.44,1,3.2,Healthy
1261,2702.6,62.1,3.1,6,15.1,Needs Attention
1262,7855.9,63.8,0.33,1,3.6,Healthy
1263,3583.5,41.9,0.16,0,6.0,Healthy
1264,5111.3,40.6,1.41,0,1.7,Healthy
1265,8611.2,50.6,2.5,2,10.4,Needs Attention
1266,7858.8,64.3,3.9,4,15.0,Critical
1267,8049.5,43.4,1.48,3,7.6,Healthy
1268,4287.7,44.1,2.18,2,8.1,Healthy
1269,4228.9,52.6,1.5,3,13.3,Needs Attention
1270,9103.9,49.0,1.65,5,16.0,Critical
1271,6835.7,67.4,2.87,5,17.4,Critical
1272,7702.2,42.8,1.22,0,1.8,Healthy
1273,8452.6,33.4,0.15,1,3.9,Healthy
1274,1832.3,44.5,0.31,1,3.5,Healthy
1275,4176.2,56.1,2.81,7,19.8,Needs Attention
1276,7308.1,53.2,1.98,2,10.6,Healthy
1277,3340.1,54.9,2.53,6,16.4,Needs Attention
1278,6240.0,41.2,2.63,1,13.6,Needs Attention
1279,8487.6,36.9,2.14,4,6.3,Needs Attention
1280,7295.3,54.9,1.39,6,19.4,Critical
1281,7233.8,50.5,2.85,6,19.8,Critical
1282,1983.9,36.4,3.23,2,7.8,Needs Attention
1283,6248.3,73.2,2.38,3,14.5,Critical
1284,2991.9,53.6,1.42,0,5.8,Healthy
1285,1571.7,54.6,0.63,3,8.6,Healthy
1286,4060.6,49.5,1.89,5,8.9,Needs Attention
1287,5724.0,39.0,3.4,3,11.1,Needs Attention
1288,7136.7,36.2,1.57,0,4.7,Healthy
1289,6620.4,38.8,2.59,2,9.8,Needs Attention
1290,1951.0,61.7,1.48,4,17.0,Needs Attention
1291,7408.0,78.0,2.01,5,19.7,Needs Attention
1292,6751.0,44.8,1.22,1,3.9,Healthy
1293,6902.5,63.4,3.05,1,13.0,Needs Attention
1294,2389.5,44.4,1.59,2,2.2,Healthy
1295,4030.5,46.1,1.37,2,11.1,Needs Attention
1296,2357.7,56.5,1.37,0,0.7,Healthy
1297,4755.3,51.9,1.18,0,3.0,Healthy
1298,5791.8,52.8,1.05,5,10.9,Needs Attention
1299,2677.0,44.2,0.92,1,5.2,Healthy
1300,7351.6,44.4,1.29,0,3.1,Healthy
1301,5178.9,51.4,2.63,2,13.9,Needs Attention
1302,2787.9,62.6,2.41,4,18.0,Needs Attention
1303,5261.6,45.7,1.55,0,4.0,Healthy
1304,4038.3,47.8,0.49,0,10.2,Healthy
1305,8449.7,71.2,3.06,5,16.7,Critical
1306,3320.3,32.5,2.25,1,10.2,Healthy
1307,9209.1,50.1,0.65,4,15.1,Needs Attention
1308,431.2,23.3,1.42,1,0.6,Healthy
1309,9848.0,45.2,1.28,4,12.9,Needs Attention
1310,9255.1,36.2,1.06,5,9.1,Needs Attention
1311,1456.2,45.0,0.73,0,3.5,Healthy
1312,3236.7,39.3,2.21,7,13.8,Needs Attention
1313,10052.5,59.9,2.99,4,13.1,Needs Attention
1314,9234.2,54.5,2.06,4,13.8,Needs Attention
1315,3234.7,48.7,2.93,4,14.9,Needs Attention
1316,5825.2,59.2,1.31,0,6.4,Healthy
1317,5884.4,57.3,3.58,2,13.5,Needs Attention
1318,8498.6,68.6,2.97,3,13.6,Needs Attention
1319,9759.5,61.5,1.61,1,11.5,Needs Attention
1320,3562.3,53.3,1.17,2,11.5,Needs Attention
1321,8458.9,42.2,2.43,3,7.5,Needs Attention
1322,8351.8,43.8,0.87,3,9.1,Needs Attention
1323,4042.1,77.7,2.62,6,19.0,Critical
1324,6433.1,40.7,1.6,0,3.7,Healthy
1325,2559.0,46.5,1.66,3,7.8,Needs Attention
1326,5712.6,50.9,1.6,0,0.6,Healthy
1327,765.5,43.8,1.69,2,9.8,Healthy
1328,6624.9,65.2,3.46,6,18.4,Critical
1329,650.3,62.0,1.57,0,8.2,Healthy
1330,8554.7,42.2,1.43,2,7.8,Needs Attention
1331,3036.7,50.1,1.95,2,5.8,Healthy
1332,7203.8,44.4,1.26,3,18.1,Needs Attention
1333,2102.3,59.1,2.33,5,18.2,Needs Attention
1334,7075.4,44.3,2.72,4,10.5,Needs Attention
1335,4954.9,73.9,2.04,3,19.0,Needs Attention
1336,8915.5,43.7,1.44,1,8.9,Needs Attention
1337,1515.9,38.0,1.05,0,2.9,Healthy
1338,4407.2,70.4,3.35,6,17.6,Critical
1339,6497.6,28.6,1.65,0,12.7,Needs Attention
1340,3818.6,54.7,2.1,0,11.3,Needs Attention
1341,2573.0,48.6,2.2,6,15.6,Critical
1342,9431.1,51.1,2.72,4,15.8,Critical
1343,917.6,36.8,1.56,1,1.3,Healthy
1344,4886.6,41.5,1.79,0,6.1,Healthy
1345,7600.9,67.4,2.94,3,18.5,Needs Attention
1346,2599.1,37.4,2.91,0,5.0,Healthy
1347,7384.6,32.8,2.18,2,6.1,Healthy
1348,4717.3,47.5,3.63,5,15.4,Critical
1349,6523.8,70.6,3.54,5,17.5,Critical
1350,5250.8,44.2,3.27,1,5.4,Healthy
1351,8191.8,43.0,1.16,1,3.8,Healthy
1352,9051.5,51.0,2.0,2,8.6,Needs Attention
1353,4454.3,66.7,1.78,6,16.9,Needs Attention
1354,2729.6,40.8,1.85,0,0.2,Healthy
1355,3449.0,56.0,1.13,2,16.8,Healthy
1356,6277.9,54.0,1.79,0,1.8,Healthy
1357,1994.1,31.2,0.92,1,3.5,Healthy
1358,5885.6,35.0,0.78,0,1.6,Needs Attention
1359,7576.9,36.6,1.32,1,9.8,Needs Attention
1360,6871.2,49.3,2.46,3,12.0,Needs Attention
1361,4401.4,51.8,1.94,2,12.0,Needs Attention
1362,5133.2,46.4,2.09,3,7.6,Needs Attention
1363,7328.1,59.5,0.1,1,3.4,Healthy
1364,3562.6,53.9,2.18,6,18.3,Needs Attention
1365,3603.0,58.2,3.22,6,18.3,Needs Attention
1366,3892.7,72.3,3.39,5,18.8,Critical
1367,6691.9,41.7,0.17,1,2.0,Healthy
1368,6876.2,32.7,1.01,0,0.2,Healthy
1369,7348.9,40.7,1.53,0,2.6,Needs Attention
1370,2146.5,50.8,1.49,3,15.1,Needs Attention
1371,9707.5,47.4,1.34,1,10.5,Needs Attention
1372,5722.1,43.6,2.49,1,10.1,Needs Attention
1373,3114.9,40.3,1.77,2,7.5,Healthy
1374,3542.5,35.4,2.52,0,13.0,Needs Attention
1375,3863.0,63.4,1.28,1,9.3,Healthy
1376,5297.6,32.9,2.99,2,13.1,Needs Attention
1377,7668.0,40.7,0.74,1,3.9,Needs Attention
1378,3312.2,41.1,1.24,1,0.5,Healthy
1379,6652.3,52.1,2.35,4,9.8,Needs Attention
1380,5609.5,49.6,2.03,3,13.2,Needs Attention
1381,8111.4,47.8,1.33,1,6.1,Needs Attention
1382,529.8,48.1,1.27,1,0.0,Healthy
1383,3972.7,58.4,0.1,0,1.6,Healthy
1384,5085.6,63.9,2.24,5,16.3,Needs Attention
1385,7083.4,41.5,3.26,3,4.9,Needs Attention
1386,4838.9,64.2,4.02,5,16.0,Critical
1387,4646.8,52.4,2.23,3,10.8,Needs Attention
1388,7841.1,42.9,1.93,2,6.3,Needs Attention
1389,7344.7,62.1,2.55,5,17.6,Critical
1390,3420.6,56.7,1.69,5,6.5,Needs Attention
1391,8403.9,60.3,3.68,3,16.2,Needs Attention
1392,4974.0,58.5,2.25,0,7.1,Healthy
1393,1772.3,32.5,0.93,1,3.8,Healthy
1394,4965.0,52.5,1.62,3,1.3,Healthy
1395,7840.8,48.1,3.1,4,13.3,Needs Attention
1396,4424.7,52.9,3.34,6,19.7,Critical
1397,1743.8,42.1,1.39,4,9.0,Needs Attention
1398,7028.0,62.2,2.27,5,18.9,Critical
1399,6877.2,36.0,0.57,0,0.6,Healthy
1400,8470.4,38.1,0.95,2,6.5,Healthy
1401,5540.7,49.9,3.02,4,8.3,Needs Attention
1402,7382.6,52.8,1.86,3,8.4,Needs Attention
1403,3285.1,28.8,1.38,0,4.2,Healthy
1404,9077.9,41.0,1.87,3,8.7,Needs Attention
1405,6383.4,67.7,1.32,2,8.1,Needs Attention
1406,4715.7,51.2,3.18,3,11.8,Needs Attention
1407,7710.0,53.9,0.78,0,0.8,Healthy
1408,5615.0,48.4,2.22,3,8.3,Needs Attention
1409,3189.9,48.0,2.18,4,13.2,Needs Attention
1410,5481.9,37.1,0.72,0,1.6,Healthy
1411,2982.8,51.5,3.6,9,18.1,Critical
1412,7708.0,61.0,2.18,6,17.5,Critical
1413,6528.6,35.4,0.72,1,2.4,Healthy
1414,3010.0,38.3,0.9,3,7.8,Healthy
1415,5220.0,50.0,1.01,0,6.8,Healthy
1416,4460.1,29.4,0.48,4,2.1,Needs Attention
1417,6097.4,38.5,1.87,2,4.5,Healthy
1418,2863.2,28.5,1.59,0,0.1,Healthy
1419,7025.4,20.1,3.14,3,16.9,Critical
1420,6740.3,39.4,2.18,0,0.6,Needs Attention
1421,2355.0,37.5,1.4,1,2.7,Healthy
1422,1365.0,59.7,0.65,2,6.0,Healthy
1423,2303.7,42.8,2.19,0,1.9,Healthy
1424,6298.2,44.1,1.45,2,11.0,Needs Attention
1425,7022.8,61.1,1.59,8,17.9,Critical
1426,2288.9,44.0,2.16,1,11.8,Healthy
1427,1582.7,44.4,1.03,0,1.6,Healthy
1428,9325.8,57.2,3.4,5,19.1,Critical
1429,1373.1,42.5,1.9,0,11.0,Healthy
1430,3027.1,37.2,1.29,0,5.8,Healthy
1431,1421.6,40.0,0.99,4,5.1,Healthy
1432,6493.7,44.7,2.38,4,14.6,Needs Attention
1433,1801.1,50.2,0.8,0,2.1,Healthy
1434,2905.2,55.6,1.17,0,8.9,Healthy
1435,3017.3,55.2,1.03,2,8.7,Needs Attention
1436,2704.0,47.2,1.32,1,5.7,Healthy
1437,7614.5,35.0,1.33,1,4.0,Healthy
1438,8914.2,44.4,2.16,4,7.7,Needs Attention
1439,3620.5,63.8,2.58,3,10.3,Needs Attention
1440,9379.4,55.4,0.75,6,18.6,Critical
1441,6296.6,49.2,3.07,4,13.8,Critical
1442,6791.3,52.9,2.78,4,11.7,Needs Attention
1443,5673.1,48.4,3.37,7,17.2,Critical
1444,7303.8,60.0,2.08,0,4.6,Healthy
1445,2702.8,34.6,3.69,6,14.8,Needs Attention
1446,7657.9,27.8,0.7,0,1.9,Healthy
1447,2236.1,26.1,1.84,2,5.5,Healthy
1448,3211.8,59.3,1.67,4,10.1,Needs Attention
1449,7515.5,57.0,2.51,6,19.6,Critical
1450,1183.0,40.0,0.56,1,5.9,Healthy
1451,6012.8,55.3,2.15,6,16.7,Critical
1452,1297.1,32.6,1.93,1,8.4,Healthy
1453,7523.9,57.8,2.41,6,17.7,Needs Attention
1454,3273.8,45.7,2.64,6,13.2,Needs Attention
1455,3145.5,69.8,3.59,5,16.7,Critical
1456,6893.4,47.1,2.17,5,14.7,Needs Attention
1457,7897.8,50.2,2.75,6,17.5,Critical
1458,2340.6,22.7,1.19,1,1.9,Healthy
1459,1392.0,54.8,1.66,0,1.8,Healthy
1460,616.6,59.6,1.53,0,6.8,Healthy
1461,5697.5,67.1,3.29,3,16.2,Critical
1462,7207.2,53.8,1.56,4,15.0,Needs Attention
1463,4597.2,41.9,2.12,2,3.2,Needs Attention
1464,5300.2,38.8,1.69,2,5.8,Healthy
1465,3258.8,36.4,1.41,1,4.9,Healthy
1466,2353.3,51.0,0.53,3,5.4,Healthy
1467,1439.1,44.6,2.31,5,12.5,Needs Attention
1468,9905.2,44.1,1.98,1,12.7,Needs Attention
1469,4769.8,41.7,2.35,2,2.5,Healthy
1470,6110.2,69.6,2.4,7,18.6,Critical
1471,3299.0,54.0,1.21,3,12.4,Needs Attention
1472,5216.7,46.8,2.8,6,14.3,Needs Attention
1473,8486.9,48.2,0.11,0,5.8,Healthy
1474,4777.9,56.8,1.72,2,13.5,Needs Attention
1475,3088.4,59.4,1.18,0,5.6,Healthy
1476,3401.1,38.3,1.8,2,10.0,Healthy
1477,2898.0,57.8,3.16,4,13.7,Needs Attention
1478,6359.0,43.8,1.85,0,6.3,Healthy
1479,6568.2,48.3,1.83,3,15.7,Needs Attention
1480,7861.1,59.6,1.05,1,4.5,Healthy
1481,4669.5,58.7,0.44,3,7.8,Needs Attention
1482,1548.8,69.1,4.42,6,19.9,Critical
1483,6464.8,61.5,2.52,4,9.4,Needs Attention
1484,3669.1,37.2,1.48,0,4.3,Healthy
1485,4791.9,50.5,1.04,0,5.7,Healthy
1486,9577.1,43.4,2.49,7,14.5,Critical
1487,8166.1,53.0,1.44,4,13.9,Needs Attention
1488,4294.0,46.7,1.34,2,9.8,Healthy
1489,1702.3,25.0,1.84,0,0.8,Healthy
1490,3949.0,42.4,1.81,0,3.1,Healthy
1491,2852.5,44.4,2.78,0,10.2,Healthy
1492,5551.4,34.9,3.11,5,16.6,Needs Attention
1493,7781.1,41.5,1.77,0,4.7,Healthy
1494,3271.8,20,1.13,1,2.0,Healthy
1495,9287.5,51.4,1.69,0,11.5,Healthy
1496,6434.0,58.6,1.31,2,8.4,Healthy
1497,7798.0,54.2,1.96,3,15.2,Needs Attention
1498,4229.3,60.5,1.5,3,11.3,Needs Attention
1499,7858.6,55.0,3.78,7,16.8,Critical
1500,4499.9,25.5,1.68,0,0.5,Healthy
1501,8900.8,41.5,1.17,4,11.2,Needs Attention
1502,5178.6,62.5,2.2,1,13.1,Healthy
1503,6602.3,54.3,2.67,4,18.0,Needs Attention
1504,2498.2,40.2,0.95,1,13.2,Healthy
1505,7009.6,42.8,1.79,2,2.0,Needs Attention
1506,4310.7,63.3,2.78,6,15.5,Needs Attention
1507,6184.1,29.9,0.52,1,3.3,Healthy
1508,4671.6,37.0,2.87,9,19.6,Critical
1509,1552.2,57.4,1.85,1,7.5,Healthy
1510,3298.1,59.0,2.67,3,12.6,Needs Attention
1511,4454.6,44.5,2.0,4,9.9,Needs Attention
1512,4342.9,48.4,1.58,7,11.9,Needs Attention
1513,8138.1,60.7,1.51,4,11.3,Needs Attention
1514,1349.6,56.5,2.12,1,9.1,Healthy
1515,5207.7,70.3,2.01,4,18.5,Critical
1516,8255.6,25.6,1.27,3,8.4,Needs Attention
1517,6071.5,66.9,2.66,6,17.8,Critical
1518,6642.9,24.7,1.39,0,0.9,Healthy
1519,10237.5,61.5,3.36,3,18.6,Needs Attention
1520,7828.3,26.3,2.01,3,17.9,Needs Attention
1521,7231.4,54.0,0.93,5,9.8,Needs Attention
1522,5794.4,39.2,0.1,1,3.5,Healthy
1523,5619.9,58.6,2.49,4,14.4,Needs Attention
1524,3806.6,45.3,3.03,5,15.6,Critical
1525,2586.0,56.6,2.03,4,6.6,Healthy
1526,1696.3,63.0,2.01,1,8.1,Healthy
1527,1964.8,42.9,2.29,3,11.9,Needs Attention
1528,7315.6,27.8,0.78,0,3.2,Healthy
1529,7044.5,51.2,2.12,1,12.0,Needs Attention
1530,3787.9,59.6,1.31,2,12.9,Needs Attention
1531,7558.5,41.6,0.32,0,3.6,Healthy
1532,8636.7,52.5,2.4,5,15.6,Critical
1533,6933.8,50.8,3.53,5,18.3,Needs Attention
1534,5983.5,56.0,1.71,4,10.6,Needs Attention
1535,7932.8,57.5,3.09,6,17.4,Critical
1536,6594.3,30.7,1.21,2,3.5,Needs Attention
1537,2546.8,58.5,1.41,4,12.2,Needs Attention
1538,7851.7,51.1,3.49,6,18.8,Critical
1539,8664.7,38.6,3.03,5,15.2,Critical
1540,4709.2,64.6,0.75,3,13.9,Needs Attention
1541,5230.5,43.9,1.0,0,0.5,Healthy
1542,3099.2,50.5,2.14,5,16.5,Needs Attention
1543,4421.5,46.3,1.28,3,9.6,Needs Attention
1544,3333.9,53.5,2.14,3,6.2,Healthy
1545,7989.5,47.7,2.24,2,9.5,Needs Attention
1546,6069.0,70.4,2.45,1,13.9,Healthy
1547,5024.1,49.8,1.69,2,2.4,Needs Attention
1548,7925.2,36.2,3.33,2,10.5,Needs Attention
1549,7002.2,41.6,1.61,0,6.5,Healthy
1550,6934.1,27.8,1.05,1,6.7,Needs Attention
1551,2275.0,76.4,1.92,3,12.3,Needs Attention
1552,8019.3,62.3,3.1,5,17.0,Critical
1553,10110.7,67.2,2.5,6,17.5,Critical
1554,5426.4,51.4,1.53,0,12.7,Healthy
1555,5736.7,41.0,2.19,4,9.8,Needs Attention
1556,365.8,49.2,1.71,2,3.0,Healthy
1557,3500.2,64.6,2.33,6,16.1,Critical
1558,2445.3,40.2,1.25,1,0.1,Healthy
1559,889.1,56.8,2.54,4,9.3,Healthy
1560,6643.3,35.5,2.75,0,6.4,Needs Attention
1561,7738.9,41.5,1.59,2,10.2,Needs Attention
1562,2026.2,51.3,3.08,4,8.8,Needs Attention
1563,11299.6,43.5,2.79,5,19.3,Needs Attention
1564,9107.7,59.2,2.67,5,19.1,Critical
1565,6755.2,61.0,2.79,2,13.1,Needs Attention
1566,8249.6,47.6,3.77,3,12.9,Needs Attention
1567,8494.7,42.5,3.57,3,16.2,Needs Attention
1568,763.2,37.0,1.49,2,3.5,Healthy
1569,5066.2,63.3,3.69,5,17.9,Needs Attention
1570,5857.6,69.8,3.32,2,15.9,Needs Attention
1571,9481.1,56.4,3.67,5,18.8,Critical
1572,2977.1,51.8,1.69,3,10.3,Healthy
1573,3471.8,56.0,0.72,4,5.6,Needs Attention
1574,2205.8,52.8,1.4,1,3.3,Healthy
1575,3413.2,41.8,1.01,2,11.7,Healthy
1576,3336.7,58.5,1.87,0,0.1,Healthy
1577,1861.1,36.9,1.51,2,3.0,Healthy
1578,1710.8,51.5,3.1,2,14.9,Needs Attention
1579,9569.0,46.6,1.03,2,13.2,Needs Attention
1580,5287.8,55.4,0.44,2,6.7,Healthy
1581,2612.6,48.2,1.52,0,2.0,Healthy
1582,2501.7,42.6,0.89,0,3.0,Healthy
1583,6129.7,33.5,0.38,0,1.3,Healthy
1584,835.9,31.2,1.29,0,0.3,Healthy
1585,2696.1,70.9,3.62,6,18.5,Critical
1586,1904.9,40.4,1.75,3,7.2,Healthy
1587,1627.8,38.5,1.4,4,17.2,Critical
1588,7904.3,52.7,2.48,2,16.6,Needs Attention
1589,5486.9,53.3,1.14,0,8.1,Healthy
1590,5251.3,47.1,3.71,5,20.0,Critical
1591,4803.4,44.8,1.34,1,2.2,Healthy
1592,3518.1,27.8,1.13,1,2.0,Healthy
1593,1676.2,53.2,0.98,4,9.0,Needs Attention
1594,4109.0,43.5,1.09,1,4.9,Healthy
1595,3889.6,53.1,3.32,3,16.0,Needs Attention
1596,2498.4,44.2,3.03,3,8.6,Needs Attention
1597,9268.4,40.1,2.65,3,16.5,Needs Attention
1598,7608.6,46.7,2.71,4,16.6,Critical
1599,7230.4,62.4,2.11,3,15.1,Needs Attention
1600,8187.9,62.9,1.18,4,10.9,Needs Attention
1601,3862.8,37.4,2.57,7,19.9,Needs Attention
1602,5781.0,65.9,2.71,4,18.6,Needs Attention
1603,5165.9,50.3,1.84,3,7.6,Needs Attention
1604,2269.9,39.5,0.1,0,5.3,Healthy
1605,10093.1,55.6,2.5,7,18.2,Critical
1606,3801.8,42.7,1.26,1,0.5,Healthy
1607,6498.1,62.3,0.51,0,0.5,Healthy
1608,6662.3,59.3,2.03,8,15.0,Critical
1609,6400.9,51.0,2.92,7,14.6,Critical
1610,3699.1,67.5,2.43,7,17.9,Critical
1611,5072.5,43.6,1.05,0,8.8,Healthy
1612,7075.7,34.6,1.07,1,1.9,Healthy
1613,7861.2,48.6,2.76,5,17.8,Needs Attention
1614,8711.1,64.7,3.44,5,18.9,Critical
1615,5018.6,49.5,1.95,6,15.8,Needs Attention
1616,3860.5,37.3,1.72,2,11.2,Healthy
1617,9496.5,47.1,1.58,3,12.8,Critical
1618,3672.9,32.0,0.93,1,0.5,Healthy
1619,8291.3,41.7,2.95,4,15.2,Critical
1620,5535.1,50.7,3.28,3,10.7,Needs Attention
1621,5049.4,47.8,3.35,3,11.5,Needs Attention
1622,7051.6,63.3,0.76,2,7.2,Needs Attention
1623,6262.9,43.9,2.4,5,17.9,Needs Attention
1624,7554.2,41.7,1.46,1,3.3,Healthy
1625,1009.5,41.2,1.13,1,5.8,Healthy
1626,2396.4,25.3,0.87,1,2.5,Healthy
1627,1456.6,62.7,2.44,0,11.0,Healthy
1628,9226.1,56.4,2.42,2,12.5,Needs Attention
1629,8385.6,57.2,1.96,1,8.8,Needs Attention
1630,5258.0,34.7,0.56,0,2.2,Healthy
1631,3651.8,63.9,2.87,4,13.9,Needs Attention
1632,2972.7,35.0,1.31,2,4.1,Healthy
1633,4900.6,26.8,0.92,0,1.0,Healthy
1634,8180.2,41.3,1.69,2,7.5,Healthy
1635,6353.0,39.2,0.5,0,0.3,Healthy
1636,3066.7,55.2,1.9,0,6.2,Healthy
1637,9383.7,50.3,2.38,4,17.5,Critical
1638,1139.0,43.9,1.71,3,4.6,Healthy
1639,8376.0,48.3,0.94,3,8.6,Needs Attention
1640,2302.8,70.5,2.24,3,14.2,Needs Attention
1641,8629.7,45.0,3.84,6,15.2,Critical
1642,5433.6,60.5,1.42,2,3.5,Healthy
1643,2223.4,47.7,1.45,1,5.3,Healthy
1644,2801.6,49.4,1.82,4,9.6,Needs Attention
1645,3058.4,29.7,1.39,3,7.4,Healthy
1646,8456.3,54.3,3.27,4,15.0,Critical
1647,7300.6,40.2,0.86,0,3.9,Healthy
1648,8248.2,48.7,3.86,5,19.5,Critical
1649,7517.5,43.1,1.66,5,12.8,Needs Attention
1650,6085.8,55.8,2.07,3,14.3,Needs Attention
1651,4989.3,38.2,1.07,0,0.7,Healthy
1652,3239.2,66.3,2.42,3,17.6,Needs Attention
1653,8245.4,41.1,3.17,1,5.7,Needs Attention
1654,3831.5,45.4,2.73,4,16.5,Needs Attention
1655,8375.1,49.7,2.12,1,13.7,Needs Attention
1656,8868.0,49.7,1.77,6,17.5,Needs Attention
1657,8062.3,31.3,1.18,1,1.2,Healthy
1658,827.9,38.8,1.36,2,0.7,Healthy
1659,5706.5,67.6,3.92,2,13.0,Needs Attention
1660,8029.4,43.6,1.35,0,7.8,Healthy
1661,1555.3,40.2,1.34,0,3.4,Healthy
1662,7570.6,30.9,0.84,0,2.3,Healthy
1663,2543.8,45.2,0.96,2,1.7,Healthy
1664,2300.3,35.1,3.21,3,12.8,Needs Attention
1665,7788.3,56.4,1.88,4,6.2,Needs Attention
1666,2313.7,65.3,1.52,2,8.1,Healthy
1667,6190.3,56.4,2.64,5,13.8,Needs Attention
1668,1021.8,36.9,2.24,2,1.7,Healthy
1669,7783.7,71.8,3.42,3,18.4,Critical
1670,1894.5,53.4,2.45,0,5.9,Healthy
1671,5787.6,42.5,1.65,3,11.2,Needs Attention
1672,5111.7,63.7,2.68,7,16.1,Critical
1673,7493.9,38.7,0.78,0,2.7,Healthy
1674,5423.6,69.3,2.36,4,19.6,Critical
1675,8408.9,46.0,1.21,0,6.3,Healthy
1676,5716.7,31.5,0.77,0,1.9,Healthy
1677,7824.6,48.7,0.25,0,2.8,Needs Attention
1678,1974.7,27.3,1.53,1,5.3,Healthy
1679,4118.3,57.6,2.97,6,16.9,Critical
1680,9250.6,67.5,3.81,4,18.5,Critical
1681,4807.3,50.4,1.34,3,3.3,Healthy
1682,6093.8,32.1,1.82,3,3.7,Healthy
1683,4293.0,40.8,0.1,0,7.5,Healthy
1684,8981.9,55.0,1.91,5,12.2,Needs Attention
1685,7296.4,43.8,1.4,0,4.5,Healthy
1686,7682.4,53.3,1.41,0,0.3,Healthy
1687,6905.5,37.3,1.37,1,5.9,Healthy
1688,8493.4,60.7,1.25,2,5.1,Needs Attention
1689,7492.1,70.4,2.08,3,16.1,Critical
1690,2719.4,63.5,2.31,1,12.2,Needs Attention
1691,5116.0,46.5,3.11,6,17.6,Critical
1692,5157.6,58.3,1.11,2,3.9,Healthy
1693,8149.6,45.1,1.43,0,4.6,Needs Attention
1694,2725.5,44.3,2.26,2,8.9,Needs Attention
1695,6916.1,63.7,3.42,4,16.5,Needs Attention
1696,7895.4,46.4,0.31,3,12.0,Needs Attention
1697,3622.5,41.9,1.0,1,6.6,Healthy
1698,7432.8,41.6,1.29,2,4.7,Needs Attention
1699,7200.9,48.8,2.35,2,6.3,Needs Attention
1700,2064.2,56.7,1.08,0,2.2,Healthy
1701,1401.4,59.1,1.73,1,12.4,Healthy
1702,8242.2,53.0,3.05,7,18.6,Critical
1703,8709.9,55.6,1.23,3,19.1,Critical
1704,5644.4,72.9,3.28,8,17.6,Critical
1705,5512.1,63.6,3.26,4,19.8,Critical
1706,3066.5,36.7,1.0,0,2.9,Healthy
1707,7670.4,58.9,3.21,5,18.3,Critical
1708,6276.5,43.4,1.36,3,5.3,Needs Attention
1709,578.5,51.4,1.77,0,4.5,Healthy
1710,1860.5,46.7,1.41,0,1.5,Healthy
1711,8151.1,39.7,2.32,1,3.7,Healthy
1712,7250.9,53.1,1.12,1,0.8,Healthy
1713,2120.3,42.6,2.02,1,4.9,Healthy
1714,9663.1,47.8,2.24,7,19.2,Critical
1715,4997.6,57.3,1.56,0,1.8,Healthy
1716,8210.3,61.9,2.85,6,15.9,Critical
1717,3559.3,34.3,0.26,0,0.0,Healthy
1718,6679.8,51.7,0.64,2,2.0,Healthy
1719,6100.7,59.3,3.0,5,13.7,Critical
1720,6964.3,56.6,1.77,6,6.3,Needs Attention
1721,2776.3,52.1,2.33,3,6.8,Healthy
1722,9172.2,52.6,1.88,2,11.6,Needs Attention
1723,2177.4,46.1,2.83,4,15.1,Needs Attention
1724,2299.7,41.9,1.7,0,3.1,Healthy
1725,8501.4,50.4,1.97,2,8.4,Needs Attention
1726,1206.0,50.8,2.12,1,4.2,Healthy
1727,4709.0,54.7,2.66,6,17.5,Critical
1728,6135.0,48.0,2.49,0,3.9,Needs Attention
1729,4430.8,42.0,1.86,2,1.9,Healthy
1730,5336.8,67.2,3.37,6,14.8,Critical
1731,7592.0,39.1,1.8,1,5.3,Healthy
1732,4195.2,32.2,2.17,2,2.4,Healthy
1733,8750.3,70.7,2.71,3,15.1,Critical
1734,6607.3,25.7,2.37,0,5.7,Healthy
1735,3565.4,39.9,1.39,3,4.5,Needs Attention
1736,2529.8,50.5,2.05,0,2.3,Healthy
1737,2015.4,58.0,1.32,5,5.3,Needs Attention
1738,8269.6,39.9,2.76,1,12.4,Needs Attention
1739,2142.5,63.8,1.38,2,5.3,Healthy
1740,1408.0,47.2,3.01,2,7.3,Healthy
1741,8946.9,52.4,2.05,4,16.7,Needs Attention
1742,3274.3,62.9,1.21,3,11.3,Healthy
1743,8897.7,32.6,2.34,5,12.7,Needs Attention
1744,8299.5,51.4,2.14,0,10.1,Healthy
1745,9593.4,60.6,2.74,2,11.5,Needs Attention
1746,6665.5,65.7,2.44,6,18.8,Critical
1747,7205.1,50.5,1.91,4,7.4,Needs Attention
1748,4142.2,57.8,2.44,3,11.7,Needs Attention
1749,3630.8,52.2,2.06,3,11.3,Needs Attention
1750,10109.3,41.4,2.67,6,18.8,Critical
1751,3507.8,30.5,1.94,0,3.1,Healthy
1752,6174.5,60.4,3.45,5,13.0,Needs Attention
1753,9754.0,40.9,2.66,4,15.9,Critical
1754,2646.3,47.3,1.31,4,9.4,Healthy
1755,7557.2,44.8,1.12,0,1.3,Healthy
1756,2728.2,48.8,1.3,3,2.6,Healthy
1757,7758.9,65.5,2.34,1,2.5,Needs Attention
1758,3715.3,50.6,1.05,3,12.4,Healthy
1759,5230.3,70.7,1.57,4,15.7,Needs Attention
1760,7656.8,41.4,1.53,2,12.8,Needs Attention
1761,9584.1,56.3,3.03,5,13.9,Critical
1762,745.2,26.8,0.45,0,1.8,Healthy
1763,4157.2,62.8,3.99,6,17.1,Critical
1764,8217.2,56.6,2.9,3,19.3,Critical
1765,7744.1,43.4,1.05,2,5.2,Needs Attention
1766,3883.4,50.8,1.34,5,13.8,Needs Attention
1767,9535.8,59.5,1.25,7,19.8,Critical
1768,7638.6,38.8,0.49,4,7.5,Needs Attention
1769,6965.9,49.7,2.85,3,9.6,Needs Attention
1770,4253.6,52.7,1.06,2,9.7,Healthy
1771,3661.6,53.5,2.87,1,7.7,Healthy
1772,7154.7,58.4,1.35,3,14.6,Needs Attention
1773,2519.2,57.5,3.11,6,14.4,Critical
1774,2850.4,54.6,2.22,4,11.8,Needs Attention
1775,1720.8,61.9,2.06,1,8.7,Needs Attention
1776,7320.5,44.2,1.86,1,11.4,Needs Attention
1777,1851.2,29.0,0.66,0,4.3,Healthy
1778,7765.7,31.3,1.17,2,0.6,Healthy
1779,8957.8,63.2,3.56,5,18.8,Critical
1780,8582.8,60.3,2.32,8,19.1,Critical
1781,5544.5,46.4,2.89,4,15.5,Needs Attention
1782,5408.6,41.0,2.14,0,8.4,Healthy
1783,3764.3,53.4,3.26,6,17.7,Critical
1784,6448.1,56.4,1.67,3,7.1,Needs Attention
1785,5404.4,44.3,1.66,0,2.2,Healthy
1786,3065.3,43.3,2.02,2,3.6,Healthy
1787,7417.2,43.7,3.51,4,18.3,Critical
1788,3315.9,49.7,1.81,3,6.6,Healthy
1789,8517.1,43.0,0.47,1,7.9,Needs Attention
1790,8593.0,54.2,1.49,6,17.6,Critical
1791,5864.6,52.1,1.42,0,8.4,Healthy
1792,2347.3,42.9,1.51,2,5.4,Healthy
1793,2781.0,28.3,0.31,0,0.9,Healthy
1794,2495.9,40.9,3.67,6,17.2,Critical
1795,7388.4,55.1,2.62,0,11.3,Needs Attention
1796,6638.9,42.2,2.71,3,17.3,Needs Attention
1797,9658.5,56.6,2.61,4,16.1,Critical
1798,2005.8,43.9,1.59,1,1.7,Healthy
1799,7077.7,29.7,1.63,0,2.7,Healthy
1800,5821.6,60.6,0.6,4,11.6,Healthy
1801,8085.6,52.1,0.33,4,13.0,Needs Attention
1802,6337.5,51.9,2.76,4,13.3,Needs Attention
1803,9731.9,48.7,2.11,5,15.9,Critical
1804,8422.9,57.7,2.04,4,14.6,Needs Attention
1805,8590.7,49.5,2.23,4,8.0,Needs Attention
1806,5009.4,57.0,2.05,2,13.4,Healthy
1807,7557.7,61.5,1.92,2,6.3,Needs Attention
1808,7692.7,58.2,1.32,3,15.4,Needs Attention
1809,9636.4,77.4,2.32,7,18.9,Critical
1810,7395.4,55.3,1.58,0,5.9,Healthy
1811,7631.4,40.3,1.54,0,2.0,Healthy
1812,2323.7,63.7,3.01,4,18.5,Needs Attention
1813,1788.7,51.6,2.07,5,17.4,Needs Attention
1814,4877.8,41.1,1.18,2,5.1,Healthy
1815,836.0,59.3,1.63,0,2.6,Healthy
1816,3193.0,67.5,1.52,3,14.9,Needs Attention
1817,6709.9,61.4,3.62,5,18.7,Needs Attention
1818,984.1,47.5,0.78,0,2.2,Healthy
1819,2342.0,50.9,2.93,2,17.1,Needs Attention
1820,6834.4,62.5,2.64,5,18.2,Critical
1821,5411.4,48.9,1.79,4,10.0,Needs Attention
1822,4838.2,56.7,2.6,0,7.6,Healthy
1823,5720.2,50.0,1.94,3,7.9,Needs Attention
1824,2930.6,55.2,1.56,5,15.9,Needs Attention
1825,7059.1,62.8,3.5,4,13.1,Needs Attention
1826,3032.8,34.4,1.63,1,3.0,Healthy
1827,8250.4,54.2,2.63,2,16.5,Needs Attention
1828,1664.6,48.4,1.68,0,11.0,Healthy
1829,3693.3,64.2,3.44,3,14.1,Needs Attention
1830,9151.4,48.0,2.78,3,13.3,Needs Attention
1831,2392.7,49.3,2.45,4,15.3,Needs Attention
1832,4429.7,56.6,2.59,2,15.9,Needs Attention
1833,6873.9,69.4,2.5,6,19.2,Critical
1834,5450.1,44.3,1.46,2,3.6,Healthy
1835,6321.6,66.3,1.79,5,12.2,Needs Attention
1836,7112.2,24.5,0.1,0,1.8,Healthy
1837,5799.7,44.9,0.72,0,3.2,Healthy
1838,43.1,43.2,1.56,2,0.0,Healthy
1839,1998.8,39.4,0.33,2,6.5,Healthy
1840,4068.7,46.7,2.73,5,16.2,Needs Attention
1841,8294.7,70.6,3.13,4,18.7,Needs Attention
1842,6972.1,34.2,0.67,3,4.1,Healthy
1843,3237.0,55.8,3.21,5,15.4,Critical
1844,2933.7,44.3,3.14,4,15.8,Needs Attention
1845,6701.2,58.1,0.34,6,14.7,Needs Attention
1846,6078.1,46.6,2.04,1,7.7,Healthy
1847,4299.9,46.6,2.47,3,13.1,Needs Attention
1848,6804.9,59.0,3.16,3,19.4,Needs Attention
1849,2986.7,52.4,2.45,6,16.4,Needs Attention
1850,2742.6,46.7,0.93,0,1.9,Healthy
1851,1542.1,47.5,1.87,1,12.6,Healthy
1852,6358.5,37.2,1.4,0,8.2,Healthy
1853,5976.0,39.0,1.09,0,6.1,Healthy
1854,7845.9,34.7,2.72,3,16.0,Critical
1855,2589.9,60.3,3.61,5,16.2,Critical
1856,8600.6,58.9,2.0,3,16.1,Needs Attention
1857,5157.9,38.6,1.49,1,5.8,Healthy
1858,5958.7,44.0,2.92,5,17.5,Critical
1859,8201.8,50.1,1.57,5,9.5,Needs Attention
1860,1877.2,64.3,2.39,6,18.3,Needs Attention
1861,2656.8,36.2,1.53,2,12.9,Needs Attention
1862,9864.3,45.4,2.0,6,16.9,Critical
1863,5600.4,32.5,2.07,2,8.3,Needs Attention
1864,8176.8,30.3,1.98,0,6.1,Healthy
1865,4554.0,46.0,3.02,3,16.4,Needs Attention
1866,3616.1,55.5,2.54,3,9.6,Needs Attention
1867,4234.8,45.3,3.05,3,13.2,Needs Attention
1868,3383.6,53.3,2.66,4,12.0,Needs Attention
1869,2839.3,75.7,2.65,2,14.6,Healthy
1870,3474.7,55.1,2.14,7,18.6,Critical
1871,5295.1,42.7,1.04,2,10.7,Needs Attention
1872,4904.3,57.2,2.11,4,13.6,Needs Attention
1873,1608.7,49.0,1.9,0,6.7,Healthy
1874,3764.0,51.8,0.81,4,12.8,Needs Attention
1875,3615.4,40.4,2.75,1,7.1,Needs Attention
1876,2513.3,46.4,0.9,1,10.7,Healthy
1877,4507.0,67.5,3.3,6,19.6,Critical
1878,1730.9,51.7,2.04,2,9.5,Needs Attention
1879,9516.0,52.3,2.38,5,13.2,Critical
1880,4072.2,44.6,1.84,3,9.6,Healthy
1881,2589.1,27.1,0.57,0,1.3,Healthy
1882,5803.3,58.2,2.2,0,6.8,Healthy
1883,3882.1,46.6,1.25,0,10.6,Healthy
1884,2669.7,43.7,2.43,0,3.4,Healthy
1885,5073.9,64.8,2.07,2,11.7,Needs Attention
1886,9268.9,37.0,3.61,3,18.9,Needs Attention
1887,9632.4,42.7,1.6,5,16.9,Critical
1888,5271.1,59.2,0.87,2,6.6,Needs Attention
1889,6086.5,52.0,1.4,2,17.5,Needs Attention
1890,1971.5,47.6,2.36,6,17.0,Needs Attention
1891,3193.8,70.0,2.74,6,17.8,Needs Attention
1892,3793.2,55.0,2.27,5,11.5,Needs Attention
1893,5061.3,47.5,0.71,2,6.3,Needs Attention
1894,5982.6,61.3,1.14,2,0.4,Healthy
1895,5763.9,48.7,1.68,3,6.1,Healthy
1896,6702.0,54.1,3.11,6,17.1,Critical
1897,8025.7,54.0,2.53,2,13.9,Needs Attention
1898,2655.7,47.8,2.14,6,11.4,Needs Attention
1899,4596.5,36.4,1.17,2,8.6,Needs Attention
1900,3445.6,30.7,1.76,2,3.7,Healthy
1901,4458.3,34.9,1.9,4,4.8,Needs Attention
1902,4799.2,37.8,0.72,6,5.9,Critical
1903,8926.1,54.3,0.61,2,9.2,Critical
1904,3202.3,57.6,2.23,4,19.3,Needs Attention
1905,5295.2,53.6,3.23,3,18.7,Needs Attention
1906,7123.7,49.2,4.63,6,18.5,Critical
1907,1078.3,54.6,3.13,3,13.8,Needs Attention
1908,3891.0,51.8,1.92,4,19.2,Needs Attention
1909,3644.3,81.9,3.14,6,17.8,Needs Attention
1910,6982.0,39.8,1.86,2,15.5,Needs Attention
1911,7708.3,32.6,2.42,2,8.9,Needs Attention
1912,6891.0,58.5,4.01,5,14.3,Critical
1913,1299.1,36.3,2.05,2,2.6,Healthy
1914,7055.0,47.0,1.46,2,12.2,Healthy
1915,4440.8,52.7,1.79,6,16.8,Critical
1916,2575.6,41.8,2.15,3,12.3,Healthy
1917,10543.2,54.5,2.7,4,14.9,Critical
1918,3184.5,40.4,1.91,2,5.8,Healthy
1919,4632.1,50.0,2.41,3,7.7,Needs Attention
1920,698.7,47.7,0.81,0,3.0,Healthy
1921,5655.9,63.1,2.48,4,19.2,Critical
1922,2508.7,57.5,2.68,6,19.3,Critical
1923,3652.2,49.5,1.16,6,10.8,Needs Attention
1924,8422.3,54.6,1.42,3,6.3,Healthy
1925,891.3,57.4,2.04,2,9.5,Needs Attention
1926,2758.7,52.8,3.31,5,18.0,Needs Attention
1927,9837.7,60.3,1.47,5,14.7,Critical
1928,2075.2,47.5,0.93,0,4.2,Healthy
1929,3009.5,57.1,2.0,4,14.4,Needs Attention
1930,4739.6,46.5,1.15,0,2.1,Healthy
1931,4413.3,46.4,3.17,6,15.1,Needs Attention
1932,4208.5,42.5,1.79,0,2.5,Healthy
1933,10385.6,39.3,2.95,3,13.1,Needs Attention
1934,7229.2,59.3,1.75,2,8.1,Needs Attention
1935,2938.1,41.7,2.64,1,3.9,Healthy
1936,5040.9,58.4,2.3,5,19.3,Needs Attention
1937,2168.1,62.8,2.46,7,18.8,Critical
1938,3119.3,42.5,1.55,0,5.0,Healthy
1939,2327.9,76.2,2.44,6,20.0,Needs Attention
1940,3147.3,57.4,2.72,4,16.4,Needs Attention
1941,4733.3,72.9,2.69,4,12.4,Needs Attention
1942,2896.8,58.1,0.5,2,9.6,Healthy
1943,1194.9,52.9,1.9,0,2.4,Healthy
1944,2999.5,46.2,3.01,2,7.4,Needs Attention
1945,2923.9,46.2,1.13,0,0.2,Healthy
1946,7714.4,49.9,1.81,5,11.6,Needs Attention
1947,7770.7,59.9,2.22,2,16.2,Needs Attention
1948,4756.2,49.7,2.48,5,19.4,Critical
1949,7957.0,46.6,1.54,2,4.5,Needs Attention
1950,1288.0,40.2,2.04,2,3.2,Healthy
1951,9396.1,52.9,1.65,3,15.7,Needs Attention
1952,3470.6,32.5,0.97,0,1.1,Healthy
1953,8110.6,41.9,1.47,0,3.5,Healthy
1954,4315.5,54.7,3.56,5,10.6,Needs Attention
1955,7015.9,47.1,2.43,2,6.2,Healthy
1956,2565.8,35.6,2.86,5,16.5,Critical
1957,2026.5,41.4,1.69,5,9.8,Needs Attention
1958,2792.1,70.2,2.96,4,15.0,Needs Attention
1959,6360.5,60.8,1.63,0,7.0,Needs Attention
1960,6569.4,39.5,3.16,3,17.0,Needs Attention
1961,1705.0,35.3,1.57,2,7.2,Healthy
1962,8156.8,52.6,1.54,5,17.3,Critical
1963,4851.7,51.6,2.68,6,15.8,Needs Attention
1964,3214.6,40.7,0.7,0,5.5,Healthy
1965,1418.0,37.8,0.98,4,9.3,Healthy
1966,5553.9,67.4,2.95,7,14.5,Critical
1967,9203.1,50.2,3.08,5,16.3,Critical
1968,2854.5,55.7,3.49,4,17.3,Needs Attention
1969,8551.6,70.2,2.24,1,14.6,Needs Attention
1970,8017.2,50.2,2.62,3,12.5,Needs Attention
1971,5859.3,37.2,0.76,2,2.1,Healthy
1972,8698.4,43.2,0.76,1,7.8,Needs Attention
1973,8653.7,54.7,1.87,4,13.0,Critical
1974,4942.5,35.4,1.28,1,4.5,Healthy
1975,4203.2,46.6,1.05,0,2.8,Healthy
1976,8707.9,66.6,2.28,3,12.3,Critical
1977,1825.7,27.3,1.92,3,2.4,Healthy
1978,7106.1,54.3,1.04,1,10.9,Healthy
1979,6801.7,60.6,2.48,6,5.9,Needs Attention
1980,7700.0,53.0,2.46,3,12.0,Needs Attention
1981,6276.7,47.1,2.95,3,8.7,Needs Attention
1982,9417.5,76.7,2.09,1,14.7,Critical
1983,8342.2,70.4,2.52,3,19.1,Needs Attention
1984,4376.7,66.5,2.52,1,11.6,Healthy
1985,3905.2,57.4,2.7,5,16.3,Needs Attention
1986,3550.5,62.1,1.1,1,7.8,Healthy
1987,7744.9,43.5,3.55,2,6.5,Healthy
1988,8506.3,44.1,0.19,1,8.5,Needs Attention
1989,5481.1,47.5,0.84,2,9.0,Needs Attention
1990,7926.6,63.2,2.7,5,17.1,Needs Attention
1991,10379.4,58.0,2.83,5,14.8,Critical
1992,5430.9,38.3,3.3,2,16.5,Needs Attention
1993,4306.4,41.7,2.16,2,4.3,Healthy
1994,4173.7,37.4,2.48,0,6.5,Healthy
1995,3768.5,44.5,2.14,4,17.9,Needs Attention
1996,4072.5,35.8,2.42,0,4.1,Healthy
1997,5061.4,50.7,0.55,0,2.8,Healthy
1998,8029.2,52.0,2.5,1,5.3,Healthy
1999,1091.4,41.6,1.98,3,6.9,Healthy
2000,4947.7,41.7,2.19,4,17.1,Needs Attention
2001,5773.5,63.7,2.36,6,17.6,Needs Attention
2002,1683.8,40.8,1.27,2,2.9,Needs Attention
2003,1302.6,41.8,0.75,1,2.9,Healthy
2004,6478.5,39.6,2.41,0,3.3,Healthy
2005,1226.6,44.0,0.89,1,3.5,Healthy
2006,7091.9,55.0,3.38,6,19.2,Critical
2007,8228.5,70.4,1.12,4,10.9,Needs Attention
2008,9488.9,62.0,3.45,6,15.6,Critical
2009,2293.3,44.9,2.75,2,7.5,Healthy
2010,5211.9,59.1,1.95,0,4.4,Healthy
2011,6129.6,35.9,0.1,1,6.5,Healthy
2012,2878.7,60.8,2.54,6,17.9,Critical
2013,3998.3,42.8,2.07,1,8.4,Healthy
2014,5493.7,51.9,1.61,4,15.0,Healthy
2015,7576.1,42.5,2.93,5,15.1,Needs Attention
2016,6785.7,53.0,0.88,0,3.3,Healthy
2017,1930.7,37.8,1.11,0,0.7,Healthy
2018,10014.0,71.0,2.99,4,16.2,Critical
2019,8387.9,43.4,2.46,4,14.4,Critical
2020,2694.1,64.2,2.33,3,15.5,Needs Attention
2021,6493.7,55.8,0.91,4,14.9,Needs Attention
2022,7710.1,48.3,0.99,4,15.6,Critical
2023,4234.4,46.6,1.11,2,4.0,Healthy
2024,8358.0,58.2,2.1,3,11.3,Needs Attention
2025,4087.7,39.0,2.27,2,4.6,Healthy
2026,7571.5,29.2,1.44,0,2.1,Healthy
2027,5600.6,62.6,2.71,3,14.8,Needs Attention
2028,3185.9,41.8,1.38,3,7.1,Healthy
2029,8387.1,52.9,2.0,3,8.8,Needs Attention
2030,4658.9,36.4,2.5,0,1.9,Healthy
2031,4969.4,48.6,1.51,6,19.4,Critical
2032,5171.2,39.5,1.15,0,3.4,Healthy
2033,5703.7,58.8,2.02,6,19.2,Needs Attention
2034,4819.0,61.9,2.85,5,19.5,Critical
2035,2466.8,60.4,0.98,2,11.7,Healthy
2036,1796.7,35.8,2.31,0,3.2,Healthy
2037,6208.6,64.7,1.58,8,19.8,Critical
2038,2644.5,48.8,0.77,0,4.9,Healthy
2039,2052.0,41.7,3.26,2,8.9,Needs Attention
2040,6878.8,49.7,1.52,0,1.3,Healthy
2041,5234.2,52.0,1.77,1,4.0,Healthy
2042,8834.7,47.9,4.1,5,19.3,Needs Attention
2043,8003.5,20,0.83,0,1.1,Healthy
2044,2393.3,53.7,0.55,1,3.5,Healthy
2045,1661.8,54.1,1.88,2,8.2,Healthy
2046,7851.5,50.8,2.59,0,7.0,Healthy
2047,7808.6,48.5,2.44,3,8.4,Needs Attention
2048,1408.5,21.0,2.91,0,8.6,Healthy
2049,2692.4,44.4,1.99,2,3.8,Healthy
2050,3498.2,41.0,1.77,2,4.4,Healthy
2051,8027.2,62.8,2.53,4,17.5,Needs Attention
2052,6797.8,63.9,2.04,1,10.3,Needs Attention
2053,8280.0,41.7,2.22,3,9.6,Needs Attention
2054,4661.9,48.6,0.84,0,4.4,Healthy
2055,5925.6,50.2,3.35,4,19.1,Needs Attention
2056,4024.5,54.4,3.14,6,17.6,Needs Attention
2057,5510.0,28.6,0.98,1,1.3,Healthy
2058,4600.2,43.4,3.93,6,18.5,Critical
2059,2537.9,48.0,1.18,1,5.8,Healthy
2060,2806.6,61.4,2.31,3,10.2,Needs Attention
2061,2913.8,70.3,2.93,3,18.7,Needs Attention
2062,6208.1,42.6,0.52,1,9.0,Needs Attention
2063,3864.9,58.3,1.29,0,8.3,Healthy
2064,8574.0,43.6,2.15,1,6.3,Healthy
2065,6630.0,46.4,2.25,3,13.0,Needs Attention
2066,755.2,47.0,1.02,1,1.2,Healthy
2067,6249.8,54.0,1.87,5,15.3,Critical
2068,9357.4,48.6,1.64,6,19.3,Critical
2069,3729.5,34.7,1.11,2,5.2,Healthy
2070,9129.9,70.4,3.02,3,15.4,Needs Attention
2071,3081.5,43.3,1.05,0,0.5,Healthy
2072,5593.4,65.9,2.33,6,20.0,Needs Attention
2073,3205.5,50.3,2.81,6,16.4,Needs Attention
2074,1714.0,49.1,0.1,0,4.4,Healthy
2075,9658.4,63.5,3.23,4,15.4,Needs Attention
2076,4873.4,40.6,0.83,0,1.1,Healthy
2077,8764.6,58.1,4.14,3,18.0,Needs Attention
2078,8391.8,70.2,2.72,3,16.7,Needs Attention
2079,6489.1,36.4,2.08,4,11.3,Needs Attention
2080,8224.1,58.4,2.15,7,17.9,Critical
2081,6637.9,45.1,0.61,3,9.1,Needs Attention
2082,6319.5,50.5,0.76,3,7.6,Needs Attention
2083,6172.5,40.5,1.74,4,5.9,Needs Attention
2084,5335.6,49.8,3.25,5,19.1,Needs Attention
2085,6464.2,45.5,2.17,2,7.5,Needs Attention
2086,6394.7,34.5,1.48,4,7.1,Needs Attention
2087,10366.4,54.2,2.63,5,19.4,Critical
2088,5056.8,71.6,1.72,4,10.0,Needs Attention
2089,8022.1,56.6,2.57,0,9.3,Needs Attention
2090,8483.8,41.1,1.82,3,17.7,Critical
2091,3347.8,40.2,0.84,0,0.2,Healthy
2092,10288.3,40.4,2.02,6,18.2,Critical
2093,8537.9,52.1,3.2,3,14.7,Needs Attention
2094,4482.4,61.8,0.62,2,4.9,Needs Attention
2095,6353.7,61.5,1.53,5,3.8,Needs Attention
2096,8447.8,71.0,3.17,2,14.0,Needs Attention
2097,8190.8,52.8,3.78,6,17.4,Critical
2098,2571.2,56.7,1.21,4,10.9,Healthy
2099,7537.2,50.2,1.36,1,2.7,Needs Attention
2100,4783.6,52.6,3.17,4,9.7,Needs Attention
2101,9883.9,71.8,2.97,6,19.5,Critical
2102,4479.8,59.5,2.85,4,13.2,Needs Attention
2103,9561.1,69.0,3.22,3,15.3,Critical
2104,2005.2,40.6,1.73,0,3.3,Healthy
2105,3128.1,57.1,2.89,4,12.8,Needs Attention
2106,6151.1,46.0,2.13,3,6.7,Needs Attention
2107,3089.3,42.3,1.28,0,3.7,Healthy
2108,4658.4,73.5,2.71,4,19.2,Critical
2109,7469.9,56.3,2.2,6,15.5,Critical
2110,3841.7,38.1,3.1,6,19.2,Needs Attention
2111,735.5,53.6,1.45,1,7.1,Healthy
2112,6435.5,67.6,2.41,3,12.4,Needs Attention
2113,6885.3,52.7,1.58,1,4.9,Healthy
2114,5579.8,57.9,3.57,5,15.8,Needs Attention
2115,4259.8,50.5,0.83,1,0.8,Healthy
2116,2273.6,58.1,2.18,2,10.8,Healthy
2117,2542.2,46.7,2.95,2,4.1,Healthy
2118,2096.8,42.8,1.19,5,10.1,Needs Attention
2119,5490.1,44.8,0.15,3,0.8,Healthy
2120,1883.0,45.8,1.44,0,1.6,Healthy
2121,3452.0,37.5,1.6,0,3.3,Healthy
2122,2914.6,31.6,1.42,0,2.9,Healthy
2123,2945.3,84.3,1.49,5,19.2,Needs Attention
2124,8607.1,46.6,3.45,5,14.9,Critical
2125,3244.9,38.7,2.76,0,8.1,Healthy
2126,1775.5,47.5,2.12,0,6.0,Healthy
2127,1196.3,54.9,2.36,4,7.9,Needs Attention
2128,762.4,37.7,1.37,3,5.3,Healthy
2129,2045.0,47.4,1.28,2,12.8,Needs Attention
2130,2645.2,48.6,2.57,2,11.9,Needs Attention
2131,6114.2,50.8,4.85,5,19.3,Critical
2132,7221.5,38.3,2.03,3,6.4,Needs Attention
2133,6233.3,61.0,2.06,3,14.4,Needs Attention
2134,7421.7,44.2,2.59,9,17.3,Critical
2135,7930.5,39.5,2.28,3,8.2,Needs Attention
2136,1591.3,57.7,2.61,5,18.4,Needs Attention
2137,6713.1,52.1,2.1,2,8.8,Needs Attention
2138,2204.6,34.3,1.48,3,2.6,Healthy
2139,2030.3,51.0,1.93,4,7.3,Needs Attention
2140,5349.8,59.0,0.9,0,1.6,Healthy
2141,7959.6,37.9,1.48,0,6.6,Healthy
2142,5499.1,37.3,0.33,0,0.1,Healthy
2143,765.0,35.1,0.98,2,4.9,Needs Attention
2144,6511.3,39.5,1.61,7,13.8,Critical
2145,5603.4,75.6,2.65,4,18.4,Critical
2146,4069.4,38.4,0.19,2,3.3,Healthy
2147,4917.6,36.8,1.18,0,3.6,Healthy
2148,3001.1,45.7,1.44,0,4.2,Healthy
2149,7002.9,47.4,0.83,0,1.7,Healthy
2150,7949.8,50.9,0.1,2,4.0,Needs Attention
2151,6438.4,46.6,2.32,0,8.6,Needs Attention
2152,1806.9,76.5,1.9,3,14.0,Needs Attention
2153,1356.8,41.4,2.24,3,7.6,Healthy
2154,3297.2,52.5,1.46,4,15.8,Needs Attention
2155,4270.9,51.4,2.31,2,8.6,Needs Attention
2156,6965.6,48.4,3.08,4,16.1,Needs Attention
2157,3739.5,44.7,2.19,3,11.5,Healthy
2158,9052.3,70.7,3.19,2,15.0,Critical
2159,3723.2,59.6,2.25,3,12.4,Needs Attention
2160,1412.8,51.6,1.69,0,4.3,Healthy
2161,6802.5,49.0,3.13,5,10.7,Needs Attention
2162,4183.7,52.5,1.69,0,3.6,Healthy
2163,5672.7,56.4,3.29,2,18.8,Needs Attention
2164,7099.3,42.0,1.19,2,15.5,Healthy
2165,3436.5,55.8,2.54,0,5.8,Healthy
2166,6556.7,70.2,2.66,3,15.0,Needs Attention
2167,7266.0,61.9,2.62,4,11.3,Needs Attention
2168,6856.7,39.3,1.36,0,2.4,Needs Attention
2169,7095.0,68.7,1.56,4,14.6,Needs Attention
2170,2728.6,49.4,2.02,1,9.9,Needs Attention
2171,4828.0,42.0,1.97,4,8.3,Needs Attention
2172,4926.3,57.2,3.64,5,17.2,Critical
2173,8941.3,73.5,2.15,1,18.2,Critical
2174,1540.0,56.7,1.39,3,8.2,Needs Attention
2175,1337.6,29.6,1.07,2,6.7,Needs Attention
2176,6190.4,24.7,1.14,0,0.2,Healthy
2177,3918.3,45.1,2.17,4,16.8,Needs Attention
2178,6465.3,20,1.34,0,4.1,Healthy
2179,2247.4,47.2,1.34,0,4.5,Healthy
2180,3977.6,51.9,3.0,1,12.3,Healthy
2181,3406.0,39.4,1.55,1,6.6,Healthy
2182,5379.7,60.2,2.29,1,9.4,Needs Attention
2183,5525.4,46.9,1.36,3,18.2,Needs Attention
2184,7719.3,48.1,2.71,1,13.9,Needs Attention
2185,5522.8,37.7,2.36,2,7.2,Needs Attention
2186,6555.9,40.7,1.33,0,8.9,Needs Attention
2187,8893.5,49.0,2.26,2,10.6,Needs Attention
2188,5845.0,44.9,2.02,2,6.2,Needs Attention
2189,5252.7,58.8,2.86,5,9.0,Needs Attention
2190,6083.2,57.1,2.32,2,15.3,Needs Attention
2191,7710.6,48.1,2.63,1,19.7,Needs Attention
2192,6885.4,51.4,3.2,6,17.6,Critical
2193,4774.8,41.0,0.9,0,1.2,Healthy
2194,4601.6,55.3,1.11,1,10.2,Healthy
2195,8089.9,43.6,1.72,0,3.6,Healthy
2196,7764.4,52.3,1.0,4,11.3,Needs Attention
2197,8383.7,60.9,2.0,4,9.8,Needs Attention
2198,4752.3,38.6,2.27,2,2.9,Healthy
2199,4321.9,41.3,2.39,5,12.1,Needs Attention
2200,9333.0,56.9,2.53,5,17.3,Needs Attention
2201,7897.1,46.6,1.31,5,13.2,Needs Attention
2202,6039.0,45.0,1.91,5,12.9,Needs Attention
2203,3670.8,43.8,2.47,3,10.2,Needs Attention
2204,5628.2,45.4,1.49,0,4.5,Healthy
2205,1192.3,47.7,1.79,4,10.7,Needs Attention
2206,9245.0,55.0,4.73,4,19.5,Critical
2207,8802.3,72.6,2.22,6,19.8,Critical
2208,4645.7,51.8,1.34,3,4.4,Needs Attention
2209,6439.7,59.0,1.32,3,13.4,Needs Attention
2210,9046.1,58.5,2.03,4,11.2,Needs Attention
2211,3000.8,42.8,1.01,0,1.4,Healthy
2212,4446.6,41.0,1.02,0,7.7,Healthy
2213,7754.3,43.2,2.6,3,9.7,Needs Attention
2214,5001.8,62.5,2.54,3,13.3,Needs Attention
2215,6156.7,56.3,2.58,7,9.6,Critical
2216,6563.6,73.6,2.47,4,11.8,Needs Attention
2217,8826.7,59.9,3.06,8,19.2,Critical
2218,4187.6,38.3,2.18,4,8.3,Needs Attention
2219,5365.1,64.8,2.9,6,18.3,Critical
2220,2499.3,42.7,2.28,1,11.8,Needs Attention
2221,7184.0,41.6,1.75,1,1.9,Healthy
2222,7157.8,32.3,2.27,2,4.9,Healthy
2223,3341.4,25.8,0.76,1,2.2,Healthy
2224,4355.1,41.8,2.15,4,12.2,Needs Attention
2225,1891.5,34.8,2.55,0,0.9,Healthy
2226,4409.8,69.4,2.3,3,14.4,Needs Attention
2227,2741.7,55.7,3.02,3,18.2,Needs Attention
2228,5652.7,43.9,1.47,0,1.7,Healthy
2229,3237.0,58.3,1.92,1,11.8,Healthy
2230,1848.6,54.4,1.55,1,1.9,Healthy
2231,936.1,31.4,1.54,1,4.1,Healthy
2232,2515.6,45.7,1.9,3,16.0,Needs Attention
2233,5301.0,49.3,0.29,0,1.1,Healthy
2234,4469.0,46.0,3.93,4,18.8,Critical
2235,9944.8,47.3,2.28,6,12.9,Critical
2236,3298.6,37.2,0.25,1,0.5,Healthy
2237,4528.9,49.3,3.79,5,17.9,Critical
2238,5467.1,53.6,1.79,1,2.6,Healthy
2239,3507.6,47.7,2.4,1,15.2,Needs Attention
2240,3809.6,49.8,2.25,4,15.9,Needs Attention
2241,7281.7,39.8,2.27,1,6.0,Needs Attention
2242,6177.7,47.8,2.26,4,14.6,Critical
2243,5843.3,36.6,2.5,3,11.0,Needs Attention
2244,4885.1,64.2,1.67,6,19.2,Needs Attention
2245,6104.0,47.4,1.2,4,10.2,Needs Attention
2246,7558.4,38.9,1.97,0,3.2,Healthy
2247,7153.9,46.6,2.17,4,14.0,Needs Attention
2248,8009.8,69.7,2.61,3,18.2,Critical
2249,10631.8,54.3,3.88,3,18.7,Critical
2250,5813.8,43.5,1.71,1,8.6,Healthy
2251,8592.8,52.3,1.81,7,15.0,Critical
2252,2802.5,43.8,1.27,2,10.3,Healthy
2253,1100.1,46.3,3.1,4,16.6,Needs Attention
2254,5578.8,62.1,3.09,4,14.6,Needs Attention
2255,5789.8,44.2,1.0,0,3.7,Healthy
2256,2743.9,62.8,2.95,6,18.3,Critical
2257,5767.0,45.5,1.29,3,11.5,Needs Attention
2258,5482.3,56.3,2.89,7,12.4,Critical
2259,3147.8,38.1,0.4,0,2.1,Healthy
2260,1956.7,33.4,0.2,1,1.6,Healthy
2261,1411.3,53.1,3.52,4,10.7,Needs Attention
2262,968.2,47.0,1.53,0,4.3,Healthy
2263,1870.2,62.0,2.45,6,15.4,Needs Attention
2264,5669.0,62.2,1.81,7,18.5,Critical
2265,4900.7,59.8,2.21,4,15.4,Needs Attention
2266,4061.6,47.4,1.05,0,1.2,Healthy
2267,3229.0,50.4,3.2,3,15.7,Needs Attention
2268,1325.0,86.8,2.78,5,17.0,Needs Attention
2269,1294.2,46.4,1.74,0,1.8,Healthy
2270,6265.8,47.3,2.79,5,19.4,Critical
2271,6611.0,63.7,2.99,5,18.4,Critical
2272,7445.8,49.9,1.96,0,7.0,Needs Attention
2273,3938.5,37.3,2.68,2,7.8,Needs Attention
2274,3250.6,38.2,1.49,0,2.8,Healthy
2275,5967.7,44.7,0.99,9,18.2,Critical
2276,4373.8,66.3,2.96,6,14.0,Needs Attention
2277,5338.2,42.0,0.75,0,3.7,Needs Attention
2278,5900.0,52.1,2.61,3,9.5,Needs Attention
2279,4838.6,38.7,4.0,7,19.1,Critical
2280,5554.2,65.2,1.78,5,16.3,Critical
2281,4238.8,48.9,1.73,1,3.4,Healthy
2282,4976.1,41.2,2.26,2,5.7,Healthy
2283,6082.6,27.3,1.85,1,0.8,Healthy
2284,6923.6,62.3,0.56,0,0.6,Healthy
2285,3565.6,62.9,2.61,7,18.5,Critical
2286,2565.2,59.9,2.12,4,9.3,Healthy
2287,3347.4,46.3,0.38,1,6.6,Healthy
2288,7433.2,54.9,2.18,1,11.1,Needs Attention
2289,1826.9,40.9,0.94,0,0.5,Healthy
2290,1358.8,43.7,0.88,0,2.3,Healthy
2291,2158.5,69.2,1.76,2,11.9,Needs Attention
2292,3712.7,50.0,1.86,2,10.9,Healthy
2293,5269.5,44.1,1.46,1,3.1,Needs Attention
2294,7611.6,50.2,2.1,4,7.4,Needs Attention
2295,2033.0,35.5,2.31,1,11.0,Healthy
2296,3390.2,42.7,2.4,1,5.9,Healthy
2297,8341.8,50.2,2.85,3,14.9,Critical
2298,8284.7,41.9,2.44,3,6.8,Needs Attention
2299,6288.7,42.1,3.24,5,16.7,Critical
2300,6894.6,58.0,3.69,5,15.9,Critical
2301,318.8,50.0,0.58,0,0.9,Healthy
2302,1673.7,33.4,2.16,2,5.9,Healthy
2303,1941.2,45.8,1.34,2,4.8,Healthy
2304,1846.7,36.3,2.08,1,0.7,Healthy
2305,5852.8,53.1,2.64,0,8.4,Healthy
2306,5169.0,42.1,1.2,0,0.0,Healthy
2307,4649.7,44.9,2.51,0,5.6,Healthy
2308,3036.5,54.1,1.99,0,4.5,Healthy
2309,5398.0,51.6,1.59,5,18.3,Needs Attention
2310,6523.8,61.1,1.44,0,5.9,Healthy
2311,1125.4,48.7,2.26,2,8.6,Healthy
2312,4418.8,47.9,1.68,4,14.0,Needs Attention
2313,6192.2,38.0,1.89,3,9.6,Needs Attention
2314,5650.5,46.0,1.1,1,9.7,Healthy
2315,2361.3,51.9,3.29,4,18.2,Needs Attention
2316,6936.8,62.6,3.21,5,18.2,Critical
2317,5430.2,30.5,2.81,5,13.2,Critical
2318,5911.7,45.1,1.76,1,4.0,Healthy
2319,7913.4,37.8,1.73,3,5.5,Healthy
2320,5922.7,59.2,4.05,6,17.4,Critical
2321,7002.7,68.2,2.51,4,16.7,Critical
2322,6964.2,55.4,1.29,2,3.3,Healthy
2323,4797.4,52.4,1.85,0,2.6,Healthy
2324,4445.2,46.4,1.95,2,8.9,Healthy
2325,7998.3,64.8,2.81,6,17.5,Critical
2326,4729.3,48.3,0.38,5,5.9,Healthy
2327,6342.1,53.3,3.24,4,14.5,Critical
2328,1998.8,61.4,1.76,0,10.6,Healthy
2329,867.6,40.3,0.69,0,3.1,Healthy
2330,5628.6,51.1,0.61,1,3.9,Healthy
2331,3967.2,63.4,1.88,4,15.9,Needs Attention
2332,8388.0,38.4,1.86,4,5.1,Needs Attention
2333,8250.9,37.2,0.58,2,3.3,Healthy
2334,8275.2,71.0,1.99,1,5.1,Needs Attention
2335,7008.5,52.3,1.5,2,1.0,Healthy
2336,1186.4,39.8,3.0,4,17.8,Needs Attention
2337,7121.2,33.0,0.32,0,1.2,Healthy
2338,2509.2,42.5,2.52,2,5.6,Needs Attention
2339,4293.8,34.6,1.22,4,2.1,Healthy
2340,3492.5,43.7,1.75,3,10.3,Needs Attention
2341,8966.8,53.2,1.44,4,17.8,Needs Attention
2342,4355.3,40.3,1.34,1,2.1,Healthy
2343,6796.9,59.7,2.35,3,7.1,Needs Attention
2344,3196.4,50.1,2.51,6,19.6,Critical
2345,2551.3,44.6,1.62,1,7.3,Healthy
2346,7418.1,45.5,2.56,3,18.1,Needs Attention
2347,7217.4,42.5,1.85,2,4.2,Needs Attention
2348,5746.5,33.2,2.2,1,8.6,Needs Attention
2349,2886.8,43.4,2.13,0,7.4,Healthy
2350,8745.8,56.0,3.45,5,9.4,Needs Attention
2351,9168.5,45.2,1.59,2,9.4,Healthy
2352,4660.8,52.5,3.56,5,18.4,Needs Attention
2353,5882.1,43.2,2.24,0,3.9,Healthy
2354,7705.4,67.1,1.66,1,9.4,Needs Attention
2355,5830.1,49.3,3.52,2,14.2,Needs Attention
2356,6436.2,50.9,2.25,2,3.9,Needs Attention
2357,5188.1,66.2,3.51,4,13.6,Needs Attention
2358,771.1,54.8,1.96,1,12.5,Healthy
2359,7491.4,50.2,1.72,0,2.3,Healthy
2360,3304.5,52.4,0.1,2,0.7,Healthy
2361,3066.3,52.1,0.75,0,4.1,Healthy
2362,2172.7,32.9,1.68,0,1.8,Healthy
2363,7210.4,52.1,1.96,2,3.1,Needs Attention
2364,4865.2,62.0,1.34,4,6.2,Needs Attention
2365,7928.8,52.6,2.88,4,13.8,Needs Attention
2366,5663.9,50.6,1.94,3,11.8,Healthy
2367,2769.1,69.5,2.37,4,13.9,Needs Attention
2368,7274.2,40.3,0.29,0,0.3,Healthy
2369,7541.9,20,0.72,0,0.1,Healthy
2370,7984.4,42.2,1.65,1,6.7,Healthy
2371,2082.2,41.8,1.53,3,8.3,Needs Attention
2372,5458.7,58.6,3.15,3,12.7,Needs Attention
2373,2795.6,45.5,1.01,0,0.1,Healthy
2374,4753.2,50.1,1.72,5,15.6,Critical
2375,7374.5,68.5,2.68,8,19.7,Critical
2376,4873.5,35.2,1.67,0,8.1,Healthy
2377,7908.6,43.9,1.7,3,4.3,Healthy
2378,7637.1,32.5,1.67,3,3.2,Needs Attention
2379,5393.7,51.6,2.11,0,3.9,Healthy
2380,1814.1,60.5,2.48,4,19.3,Needs Attention
2381,3003.2,36.0,1.2,2,3.0,Healthy
2382,8577.2,47.5,1.63,0,6.3,Needs Attention
2383,6831.5,62.5,1.08,5,11.7,Needs Attention
2384,1227.7,42.3,0.68,0,1.6,Healthy
2385,6048.6,54.1,1.16,2,5.4,Healthy
2386,1154.2,49.2,1.7,0,0.3,Healthy
2387,2296.9,35.5,0.67,1,0.7,Healthy
2388,2243.0,48.5,2.13,2,8.2,Healthy
2389,2298.4,52.5,2.01,0,2.7,Healthy
2390,8246.5,66.4,2.47,4,15.9,Needs Attention
2391,9675.1,57.4,2.67,7,18.9,Critical
2392,3806.4,50.7,1.9,0,7.2,Healthy
2393,5819.6,53.4,2.71,4,16.5,Needs Attention
2394,5308.0,46.0,3.11,4,18.8,Critical
2395,2362.4,47.2,1.63,1,6.3,Healthy
2396,7772.2,57.3,1.75,6,15.5,Critical
2397,4248.7,54.6,1.16,3,11.9,Needs Attention
2398,2571.4,33.1,1.62,1,3.5,Healthy
2399,6897.9,69.3,3.17,1,11.3,Healthy
2400,8430.5,43.0,3.24,4,13.3,Needs Attention
2401,5714.6,43.3,1.93,0,2.7,Healthy
2402,3963.2,45.7,1.7,2,2.8,Healthy
2403,6983.1,32.9,0.64,2,3.8,Healthy
2404,4017.4,43.6,1.69,1,3.7,Healthy
2405,2363.3,42.1,2.99,2,7.3,Healthy
2406,8892.3,66.0,3.7,4,16.0,Critical
2407,3542.1,54.1,3.32,3,15.1,Needs Attention
2408,4839.1,37.8,2.91,2,8.8,Healthy
2409,7408.5,57.6,2.0,6,14.9,Needs Attention
2410,1230.0,58.1,2.15,2,7.8,Healthy
2411,3445.4,59.1,2.17,2,12.4,Healthy
2412,7109.9,44.7,2.49,1,2.9,Healthy
2413,8644.9,58.4,3.75,3,15.6,Needs Attention
2414,3144.0,42.5,0.81,0,1.1,Healthy
2415,4612.9,42.2,1.49,1,5.1,Healthy
2416,3120.6,44.2,1.43,0,5.7,Healthy
2417,556.6,41.9,1.22,0,1.7,Healthy
2418,2985.9,66.2,1.92,4,13.7,Needs Attention
2419,1257.5,48.6,1.47,0,3.2,Healthy
2420,3576.9,46.9,3.17,3,11.9,Needs Attention
2421,4428.5,36.7,1.97,0,2.7,Healthy
2422,2415.3,60.7,1.38,1,3.9,Healthy
2423,6715.6,48.9,2.25,1,9.9,Needs Attention
2424,3220.2,46.1,1.32,1,7.9,Healthy
2425,1490.3,43.3,1.28,1,6.0,Healthy
2426,1529.1,39.5,1.74,0,2.6,Healthy
2427,4547.4,49.0,1.29,0,2.0,Healthy
2428,6308.3,55.7,2.06,3,13.4,Needs Attention
2429,5463.5,51.6,1.71,3,18.8,Needs Attention
2430,247.5,46.8,0.1,0,0.9,Healthy
2431,3834.8,52.4,0.92,0,5.4,Healthy
2432,1148.5,45.3,0.63,0,1.6,Healthy
2433,3445.6,35.7,1.41,0,2.8,Healthy
2434,6329.8,29.0,1.57,1,2.3,Healthy
2435,9316.5,43.6,2.3,2,16.6,Needs Attention
2436,4201.5,35.8,0.94,2,9.6,Needs Attention
2437,2529.1,42.8,1.52,0,1.4,Healthy
2438,7622.0,43.1,2.02,0,9.1,Healthy
2439,4428.1,46.5,3.05,2,14.7,Needs Attention
2440,8900.2,61.9,3.02,3,18.0,Critical
2441,4288.4,55.4,2.68,4,12.8,Needs Attention
2442,3693.9,51.5,2.45,6,19.0,Needs Attention
2443,7523.8,51.4,2.71,4,14.9,Needs Attention
2444,5042.1,69.1,2.26,1,10.7,Needs Attention
2445,8162.6,58.4,3.58,5,15.8,Critical
2446,2045.9,63.1,0.76,5,17.4,Needs Attention
2447,2860.5,43.7,2.31,5,10.7,Needs Attention
2448,3557.7,23.1,0.74,0,8.1,Needs Attention
2449,7002.4,61.0,3.8,6,14.9,Critical
2450,7481.2,58.0,1.85,1,4.2,Healthy
2451,7098.6,48.3,2.12,0,4.1,Healthy
2452,4312.2,46.8,1.58,6,13.8,Needs Attention
2453,5178.8,38.5,2.02,1,6.2,Healthy
2454,9635.8,39.6,1.35,2,13.9,Needs Attention
2455,5904.9,66.5,2.75,6,14.7,Critical
2456,5276.3,70.1,1.95,2,14.8,Needs Attention
2457,8102.7,45.6,1.52,0,3.6,Healthy
2458,2969.0,45.4,1.7,1,5.2,Healthy
2459,6198.6,31.3,2.3,0,0.2,Healthy
2460,7890.5,48.9,1.83,0,6.1,Healthy
2461,5737.5,75.1,1.84,3,14.1,Needs Attention
2462,8198.3,41.1,1.45,1,4.1,Needs Attention
2463,7378.2,39.9,0.1,0,0.2,Healthy
2464,4715.9,61.8,2.77,5,16.8,Needs Attention
2465,6242.4,62.3,1.63,2,10.9,Healthy
2466,2767.0,32.0,0.88,1,3.1,Healthy
2467,6109.3,57.3,3.26,5,13.4,Critical
2468,4906.0,38.6,2.26,3,3.8,Healthy
2469,6718.8,72.3,3.35,5,13.7,Critical
2470,5526.4,72.8,1.9,1,7.7,Needs Attention
2471,8820.4,41.2,2.39,2,11.7,Needs Attention
2472,6799.3,50.0,0.25,0,1.3,Healthy
2473,1824.5,48.2,1.4,4,12.6,Healthy
2474,2766.3,58.5,1.59,4,10.8,Needs Attention
2475,3597.1,37.7,1.83,0,0.7,Healthy
2476,762.9,42.3,1.71,3,6.6,Healthy
2477,10164.0,78.1,3.0,5,18.7,Critical
2478,9039.6,66.3,3.32,7,18.1,Critical
2479,5000.2,61.0,2.9,1,16.1,Needs Attention
2480,8705.7,64.8,3.0,5,19.7,Critical
2481,5642.0,53.0,0.16,2,0.3,Healthy
2482,8035.8,41.2,2.64,5,12.4,Needs Attention
2483,4538.8,42.7,1.63,1,6.7,Healthy
2484,4109.5,47.0,1.58,2,1.9,Healthy
2485,5112.4,57.7,2.57,2,12.8,Healthy
2486,7042.2,58.7,2.34,2,8.2,Needs Attention
2487,2533.6,44.1,2.47,4,11.2,Needs Attention
2488,7094.4,53.3,1.07,0,1.1,Healthy
2489,7803.8,44.2,1.67,1,10.3,Needs Attention
2490,3181.4,36.9,0.95,0,1.0,Healthy
2491,5534.9,63.3,2.65,4,11.6,Needs Attention
2492,7734.6,65.7,2.57,7,17.4,Critical
2493,3149.6,52.4,3.35,4,14.9,Needs Attention
2494,5008.1,32.5,1.69,3,4.7,Healthy
2495,2376.2,40.8,2.36,1,9.0,Healthy
2496,8455.7,28.5,1.24,0,7.8,Healthy
2497,4846.2,41.0,1.85,0,5.3,Healthy
2498,8155.5,49.6,2.34,3,11.7,Needs Attention
2499,4254.1,52.3,1.25,1,8.4,Needs Attention
2500,1096.4,41.4,1.23,1,4.0,Healthy
2501,6953.5,34.0,1.62,0,0.9,Healthy
2502,8698.9,45.4,3.18,1,4.9,Healthy
2503,9057.3,73.4,1.75,8,8.2,Critical
2504,2918.1,60.3,1.79,6,14.7,Needs Attention
2505,6465.6,64.1,2.81,1,12.0,Needs Attention
2506,8425.6,39.2,1.65,1,9.0,Healthy
2507,6290.9,41.3,2.82,0,10.2,Needs Attention
2508,1630.8,58.6,1.62,3,14.2,Needs Attention
2509,7825.0,41.4,2.35,5,14.4,Needs Attention
2510,7853.6,62.1,2.04,6,16.8,Needs Attention
2511,3187.6,44.5,1.57,2,7.5,Healthy
2512,2889.8,35.0,0.97,3,5.2,Healthy
2513,6328.7,38.4,1.66,0,3.3,Healthy
2514,3939.2,52.1,3.67,4,8.1,Needs Attention
2515,2863.9,38.5,1.28,0,0.2,Healthy
2516,8164.5,41.9,3.41,5,18.7,Critical
2517,4532.4,64.1,4.56,2,11.5,Needs Attention
2518,8902.7,63.1,4.09,5,16.8,Critical
2519,8312.6,54.6,0.68,4,10.6,Needs Attention
2520,3270.6,51.3,1.71,1,7.7,Healthy
2521,10799.0,67.2,2.5,4,16.8,Critical
2522,982.7,32.9,1.9,2,1.8,Healthy
2523,688.5,37.1,1.87,3,6.4,Healthy
2524,5787.3,53.5,3.94,3,17.8,Critical
2525,8486.4,54.6,2.13,4,6.1,Needs Attention
2526,3429.1,35.9,1.06,2,12.0,Needs Attention
2527,5090.5,65.0,3.23,3,13.9,Needs Attention
2528,5495.5,51.7,2.24,1,2.6,Healthy
2529,5207.1,59.0,1.76,5,16.2,Critical
2530,6113.9,68.0,1.86,4,12.6,Needs Attention
2531,7384.2,52.1,2.49,9,18.7,Critical
2532,8492.3,61.0,3.18,4,13.2,Needs Attention
2533,2907.5,39.7,1.35,0,7.0,Healthy
2534,5423.5,39.8,1.52,1,2.9,Healthy
2535,3667.4,51.9,1.06,1,8.4,Needs Attention
2536,7037.6,37.7,1.58,0,0.5,Healthy
2537,5820.7,38.2,1.85,0,7.8,Healthy
2538,6884.9,58.2,2.29,1,7.0,Needs Attention
2539,7735.7,46.1,2.24,7,18.5,Critical
2540,6704.8,54.7,1.33,2,11.8,Needs Attention
2541,8725.8,60.3,2.36,3,14.6,Needs Attention
2542,7077.4,63.4,1.99,1,11.8,Needs Attention
2543,9629.0,36.3,1.73,5,17.7,Needs Attention
2544,4097.4,46.1,2.98,3,16.2,Needs Attention
2545,7442.8,36.7,0.15,2,3.0,Healthy
2546,7280.2,52.5,3.44,4,18.0,Critical
2547,8217.1,38.8,1.53,0,6.0,Needs Attention
2548,3034.7,47.0,2.03,3,9.6,Needs Attention
2549,3832.7,57.6,1.2,0,6.4,Healthy
2550,8063.8,38.4,2.61,0,5.5,Healthy
2551,6147.9,42.4,1.69,0,2.4,Healthy
2552,8006.0,52.4,2.43,4,15.4,Needs Attention
2553,7746.0,41.9,0.55,2,1.0,Healthy
2554,4751.5,46.7,2.02,1,6.5,Healthy
2555,2765.4,48.6,2.48,4,13.3,Needs Attention
2556,4748.2,52.1,1.32,5,12.7,Needs Attention
2557,3424.9,48.0,1.46,2,8.8,Needs Attention
2558,1982.3,26.9,1.5,0,0.3,Healthy
2559,4767.1,62.7,1.59,3,14.0,Needs Attention
2560,8074.3,42.7,2.15,3,13.8,Needs Attention
2561,10806.6,77.8,2.56,3,19.6,Critical
2562,6078.3,52.8,2.35,5,13.5,Needs Attention
2563,4991.5,36.4,1.56,3,9.6,Needs Attention
2564,6613.3,42.0,2.05,2,15.6,Needs Attention
2565,7191.3,55.5,2.46,2,6.0,Needs Attention
2566,6367.3,49.5,2.57,3,15.2,Critical
2567,3809.5,49.2,0.95,4,9.6,Needs Attention
2568,4885.2,61.5,1.96,2,9.4,Needs Attention
2569,7350.9,63.7,3.24,0,18.0,Needs Attention
2570,3438.1,63.4,1.69,3,13.3,Needs Attention
2571,7801.9,61.3,2.4,4,16.4,Critical
2572,6287.1,26.8,1.34,2,6.9,Needs Attention
2573,7277.0,56.6,1.49,1,3.0,Healthy
2574,6479.3,43.8,1.14,4,9.7,Needs Attention
2575,6255.5,52.3,4.3,4,18.2,Needs Attention
2576,4246.6,40.9,1.78,4,6.0,Needs Attention
2577,8171.0,33.3,1.72,4,9.8,Needs Attention
2578,7966.1,35.8,1.66,1,4.3,Healthy
2579,6464.4,39.8,0.25,2,7.0,Healthy
2580,4452.5,39.3,1.35,1,0.7,Healthy
2581,7107.2,43.1,1.53,1,7.3,Needs Attention
2582,8903.6,40.6,1.75,1,8.6,Needs Attention
2583,2839.0,56.4,1.29,4,10.8,Needs Attention
2584,8453.7,43.7,2.21,4,12.1,Needs Attention
2585,7409.4,67.9,2.93,5,14.2,Critical
2586,8258.2,70.3,3.77,6,19.5,Critical
2587,6988.8,54.3,0.95,0,3.1,Healthy
2588,8873.1,52.9,3.12,7,18.9,Critical
2589,9926.8,42.7,1.44,1,13.4,Needs Attention
2590,7861.9,46.2,2.67,6,11.7,Needs Attention
2591,3412.2,48.3,2.75,2,9.0,Needs Attention
2592,1145.4,51.8,0.85,1,2.2,Healthy
2593,6880.2,54.6,2.89,2,19.3,Critical
2594,2965.9,45.5,1.76,2,8.6,Healthy
2595,5424.9,42.2,1.2,0,1.5,Healthy
2596,2549.3,45.2,2.69,0,7.8,Healthy
2597,4740.0,47.1,2.84,1,13.2,Needs Attention
2598,2076.6,69.8,3.05,3,13.8,Needs Attention
2599,5040.6,43.8,1.49,0,6.0,Healthy
2600,3918.6,53.8,1.82,1,5.1,Needs Attention
2601,8598.3,50.3,0.9,2,7.7,Needs Attention
2602,10523.5,61.9,3.38,4,16.3,Critical
2603,5440.4,42.0,1.95,2,7.9,Needs Attention
2604,4089.8,61.6,1.89,1,12.8,Needs Attention
2605,6313.5,66.8,3.24,4,15.1,Critical
2606,2775.2,45.3,1.5,0,7.4,Healthy
2607,1304.4,50.5,2.45,2,6.5,Healthy
2608,650.6,45.2,1.39,0,1.6,Healthy
2609,5260.3,58.9,1.9,1,14.1,Needs Attention
2610,2963.3,63.4,1.56,6,14.0,Needs Attention
2611,756.7,30.7,0.44,0,0.1,Healthy
2612,6662.2,52.2,0.81,0,5.2,Healthy
2613,8780.1,41.4,2.11,3,6.5,Needs Attention
2614,2681.7,34.0,2.69,1,9.4,Needs Attention
2615,9832.0,49.1,2.49,4,10.0,Needs Attention
2616,6490.5,71.8,3.34,5,17.5,Critical
2617,4932.1,25.3,0.53,0,1.0,Healthy
2618,4310.7,33.9,1.43,0,2.2,Healthy
2619,7064.1,47.7,2.99,1,10.2,Healthy
2620,5899.4,49.2,3.06,2,11.6,Needs Attention
2621,9675.0,54.4,2.4,3,11.9,Needs Attention
2622,5330.9,42.5,2.28,2,15.4,Needs Attention
2623,2131.3,44.9,0.69,3,2.9,Needs Attention
2624,8947.8,60.7,3.36,6,15.2,Critical
2625,1902.0,51.0,1.49,2,3.4,Healthy
2626,7608.4,61.3,1.95,2,7.6,Needs Attention
2627,5049.3,42.2,3.2,4,18.3,Needs Attention
2628,3528.4,52.4,1.68,3,10.1,Healthy
2629,7310.6,41.8,1.33,4,10.6,Needs Attention
2630,2988.5,55.5,1.95,3,7.0,Healthy
2631,6700.5,58.1,1.94,4,16.0,Needs Attention
2632,8692.2,29.4,2.01,7,14.4,Critical
2633,9825.5,53.8,1.45,1,11.2,Needs Attention
2634,5635.4,64.2,1.93,5,18.4,Needs Attention
2635,6235.8,47.3,3.25,3,16.3,Needs Attention
2636,735.9,40.7,2.45,5,9.4,Needs Attention
2637,5986.6,52.0,3.22,4,14.6,Critical
2638,7081.7,27.4,1.84,0,2.7,Healthy
2639,4325.8,47.1,1.48,3,7.1,Needs Attention
2640,4349.7,79.8,2.67,1,15.3,Needs Attention
2641,3526.6,59.6,1.0,4,13.8,Needs Attention
2642,4126.9,38.4,0.46,1,2.7,Healthy
2643,3755.2,50.1,1.79,0,2.1,Healthy
2644,3933.6,46.0,1.09,6,17.0,Needs Attention
2645,3148.9,53.6,2.59,2,12.9,Healthy
2646,1742.8,39.6,1.6,4,6.5,Needs Attention
2647,8129.8,71.3,1.23,3,6.7,Healthy
2648,2081.3,41.3,1.53,1,11.7,Healthy
2649,10406.8,45.6,3.33,6,19.4,Critical
2650,2994.6,49.0,0.81,2,3.8,Healthy
2651,3754.2,62.2,1.35,3,9.5,Healthy
2652,7060.3,55.1,1.87,5,11.4,Needs Attention
2653,7457.3,39.1,1.57,5,12.5,Critical
2654,7138.5,46.7,1.78,0,8.1,Needs Attention
2655,6257.2,61.6,0.92,0,1.1,Healthy
2656,3158.6,69.2,3.51,4,18.9,Critical
2657,9323.3,48.0,3.06,1,15.8,Needs Attention
2658,6819.0,57.6,0.3,0,5.5,Healthy
2659,6943.8,37.0,2.39,3,8.3,Needs Attention
2660,8125.4,75.2,2.24,3,18.3,Needs Attention
2661,6708.6,65.6,1.48,2,14.1,Needs Attention
2662,7286.9,59.4,2.08,3,16.8,Needs Attention
2663,5814.2,49.6,0.87,0,2.9,Healthy
2664,5231.9,46.3,0.73,1,4.6,Healthy
2665,4289.8,46.9,0.22,1,3.5,Healthy
2666,3055.8,77.4,2.43,3,9.6,Needs Attention
2667,4324.6,52.4,2.42,1,5.9,Needs Attention
2668,953.0,42.8,1.87,1,6.5,Healthy
2669,5814.6,55.9,1.69,5,10.7,Needs Attention
2670,9041.8,56.8,3.74,4,13.5,Critical
2671,2251.9,65.5,2.05,7,16.0,Needs Attention
2672,7059.1,69.9,1.11,2,7.0,Needs Attention
2673,8206.7,57.7,1.74,6,13.8,Needs Attention
2674,2447.3,42.7,1.03,0,2.6,Healthy
2675,9196.4,46.2,2.21,4,13.1,Needs Attention
2676,2931.6,41.7,0.75,1,3.1,Healthy
2677,7095.0,59.1,1.03,5,13.7,Needs Attention
2678,8541.2,50.0,2.58,6,15.1,Critical
2679,6541.5,40.2,1.8,0,0.8,Healthy
2680,3245.9,31.0,1.59,3,14.7,Needs Attention
2681,8665.8,51.7,3.87,5,19.9,Critical
2682,5106.5,43.3,1.34,0,0.0,Healthy
2683,4189.7,33.3,1.0,0,0.4,Healthy
2684,7686.0,50.9,3.0,1,15.2,Needs Attention
2685,4546.6,38.0,1.39,2,5.2,Healthy
2686,1922.5,36.9,1.36,3,9.8,Needs Attention
2687,1775.7,56.4,3.08,6,18.5,Critical
2688,6572.4,53.8,1.77,5,19.2,Needs Attention
2689,5113.5,61.2,2.28,4,9.9,Needs Attention
2690,5523.5,44.8,1.27,0,2.9,Healthy
2691,8043.0,36.4,0.95,0,0.6,Healthy
2692,4829.9,47.6,2.83,0,10.4,Healthy
2693,313.6,30.8,2.5,0,1.2,Healthy
2694,4258.7,55.6,1.46,0,5.6,Healthy
2695,1347.5,47.7,2.3,2,3.9,Healthy
2696,1959.6,42.3,1.02,2,5.0,Healthy
2697,3167.0,52.3,0.56,2,1.6,Healthy
2698,577.7,44.3,1.27,0,0.2,Healthy
2699,6076.1,56.7,2.22,3,15.4,Needs Attention
2700,8461.5,54.2,2.68,2,11.0,Needs Attention
2701,4872.1,41.2,1.71,5,10.9,Needs Attention
2702,8259.6,43.2,2.66,5,17.4,Needs Attention
2703,4844.8,53.3,1.24,0,5.0,Healthy
2704,9349.2,65.3,2.44,2,16.6,Needs Attention
2705,5199.7,61.9,1.76,6,14.5,Critical
2706,2727.3,47.9,3.22,5,10.3,Needs Attention
2707,5451.3,37.5,1.42,3,3.1,Healthy
2708,9382.9,56.7,1.52,5,15.8,Critical
2709,5851.8,56.6,2.23,6,16.2,Needs Attention
2710,5064.5,60.8,2.59,1,15.8,Needs Attention
2711,2039.2,45.7,3.56,2,10.5,Needs Attention
2712,8471.6,58.6,3.08,3,12.6,Needs Attention
2713,1954.8,55.2,1.53,2,12.9,Healthy
2714,3679.7,39.3,1.69,0,6.6,Healthy
2715,6247.8,40.0,1.25,2,8.0,Needs Attention
2716,5219.2,52.8,0.71,0,0.2,Healthy
2717,7704.2,57.4,2.7,6,19.0,Critical
2718,2822.3,51.6,1.45,3,10.6,Needs Attention
2719,3875.1,64.3,3.44,5,18.4,Critical
2720,4202.3,43.6,3.15,5,13.2,Needs Attention
2721,8711.2,65.4,1.4,3,13.6,Needs Attention
2722,5721.2,51.5,1.99,1,3.6,Healthy
2723,4421.9,60.7,2.73,5,19.9,Needs Attention
2724,6492.7,56.8,0.1,0,3.9,Healthy
2725,4661.6,70.0,1.94,4,13.2,Needs Attention
2726,9000.5,54.5,2.5,6,15.3,Needs Attention
2727,2696.1,54.4,2.15,0,9.3,Healthy
2728,2809.3,43.2,0.83,1,7.4,Needs Attention
2729,3539.4,59.7,3.14,4,12.9,Needs Attention
2730,5246.1,43.4,3.19,3,10.8,Needs Attention
2731,4189.2,60.2,2.87,5,18.5,Needs Attention
2732,984.0,43.7,2.28,0,6.5,Healthy
2733,938.8,32.3,1.13,2,2.8,Healthy
2734,5016.3,66.0,1.44,1,7.5,Healthy
2735,2254.3,41.8,1.51,4,18.6,Needs Attention
2736,8075.0,42.7,1.28,4,8.3,Needs Attention
2737,1611.1,47.2,3.02,7,17.6,Critical
2738,2846.7,59.4,3.72,4,19.5,Needs Attention
2739,5972.4,70.0,2.37,4,18.3,Needs Attention
2740,2702.2,36.2,2.03,2,11.4,Needs Attention
2741,3325.0,45.4,0.63,1,2.0,Healthy
2742,5526.9,41.0,2.99,1,3.7,Healthy
2743,6115.0,75.7,2.49,5,14.1,Critical
2744,5344.6,41.7,3.13,2,12.1,Healthy
2745,9662.5,39.2,2.14,4,15.4,Critical
2746,5975.8,44.1,1.95,2,3.0,Healthy
2747,1205.5,51.8,1.07,0,0.4,Healthy
2748,7707.1,62.4,3.51,3,9.8,Needs Attention
2749,5525.6,46.2,1.64,0,6.9,Healthy
2750,5245.7,44.0,4.05,5,19.3,Critical
2751,5609.5,44.8,0.91,2,7.3,Healthy
2752,8192.8,47.3,2.59,8,19.0,Critical
2753,1507.9,45.7,1.67,0,3.4,Healthy
2754,3880.4,61.2,3.08,3,15.2,Needs Attention
2755,7204.6,41.3,1.89,1,9.4,Healthy
2756,6158.1,64.3,1.61,1,3.1,Healthy
2757,4841.3,48.8,2.13,0,6.1,Needs Attention
2758,2075.5,61.0,1.34,0,2.7,Healthy
2759,3097.2,71.0,1.7,4,12.8,Needs Attention
2760,8862.3,54.8,1.7,1,12.1,Needs Attention
2761,3080.0,42.1,2.98,0,6.1,Healthy
2762,1472.5,46.2,2.05,4,9.3,Needs Attention
2763,8069.1,39.4,1.44,0,2.9,Healthy
2764,8184.4,55.5,0.73,4,12.2,Needs Attention
2765,6728.0,45.2,1.68,0,7.4,Healthy
2766,6196.0,75.9,1.72,4,13.0,Needs Attention
2767,7505.4,63.8,2.56,2,6.8,Needs Attention
2768,8315.1,58.0,1.95,2,13.7,Needs Attention
2769,1939.0,29.6,0.8,0,0.4,Healthy
2770,6291.3,64.7,3.27,5,16.7,Critical
2771,6159.2,52.1,2.34,0,6.6,Healthy
2772,6553.4,52.3,0.39,3,8.9,Needs Attention
2773,6717.1,53.1,0.99,3,15.2,Needs Attention
2774,10616.8,78.1,3.95,3,19.6,Needs Attention
2775,6501.5,44.6,1.42,0,3.6,Healthy
2776,2931.3,52.1,2.49,5,15.0,Needs Attention
2777,8858.8,63.3,2.82,5,18.1,Critical
2778,7459.3,40.6,0.1,0,2.1,Healthy
2779,8622.8,38.0,2.27,3,17.6,Needs Attention
2780,6370.1,37.6,1.53,0,2.1,Healthy
2781,1911.5,56.1,0.1,0,0.1,Healthy
2782,8590.2,66.6,2.87,0,9.3,Healthy
2783,3259.5,60.6,4.0,5,14.9,Needs Attention
2784,8741.8,51.4,1.67,1,7.8,Needs Attention
2785,5367.0,53.1,2.15,3,14.2,Needs Attention
2786,5823.1,56.4,1.66,3,4.5,Healthy
2787,6519.8,52.5,2.38,0,13.5,Needs Attention
2788,7646.1,42.5,1.16,0,1.9,Healthy
2789,2049.2,44.4,0.98,0,3.0,Healthy
2790,7193.3,65.4,1.47,1,6.7,Needs Attention
2791,3894.4,40.5,1.76,3,9.2,Needs Attention
2792,2462.8,44.0,1.33,0,2.6,Healthy
2793,8675.9,48.3,2.16,3,13.9,Needs Attention
2794,8859.6,70.9,3.19,5,18.7,Critical
2795,5310.1,49.1,0.73,0,1.9,Healthy
2796,1864.4,40.3,0.85,0,3.4,Healthy
2797,477.5,43.6,1.77,0,5.0,Healthy
2798,5056.4,46.6,2.62,3,8.6,Needs Attention
2799,7372.3,67.7,3.51,6,19.7,Critical
2800,6582.6,57.3,1.02,1,7.5,Healthy
2801,4132.7,42.3,2.13,3,11.3,Needs Attention
2802,9834.4,40.5,1.96,5,14.4,Critical
2803,1946.9,35.0,1.46,3,9.5,Healthy
2804,8758.5,54.8,0.97,4,12.7,Needs Attention
2805,3081.2,25.3,1.52,1,9.6,Healthy
2806,3957.7,35.0,1.82,2,5.6,Healthy
2807,1974.9,60.4,1.11,10,18.7,Critical
2808,5102.2,37.5,2.04,2,8.4,Healthy
2809,7680.0,31.5,2.13,3,8.2,Needs Attention
2810,9395.1,51.2,2.92,6,18.3,Critical
2811,7846.5,31.4,1.69,1,8.8,Needs Attention
2812,5453.2,63.4,3.2,5,12.3,Critical
2813,3666.4,45.7,1.79,1,2.9,Healthy
2814,8241.4,52.5,1.88,2,12.9,Healthy
2815,3411.3,51.4,1.61,2,8.0,Needs Attention
2816,6406.8,54.2,1.17,2,3.5,Healthy
2817,5165.6,48.0,1.32,0,1.7,Healthy
2818,6925.0,54.5,2.79,3,10.3,Needs Attention
2819,1850.3,49.7,2.92,4,16.5,Needs Attention
2820,1008.4,53.9,0.95,1,5.9,Healthy
2821,4661.2,44.8,1.33,0,2.1,Healthy
2822,4671.8,53.3,3.58,2,18.6,Needs Attention
2823,6113.7,64.7,1.74,3,15.8,Needs Attention
2824,10708.6,51.2,3.52,3,17.3,Needs Attention
2825,2561.5,49.2,1.65,6,13.4,Needs Attention
2826,3883.4,53.4,1.43,3,17.0,Needs Attention
2827,8418.2,44.4,2.89,4,15.0,Needs Attention
2828,4497.3,51.4,1.81,2,10.6,Needs Attention
2829,1567.3,55.2,2.94,2,10.3,Needs Attention
2830,2923.4,33.8,0.76,0,0.9,Healthy
2831,3933.1,36.9,1.16,0,2.9,Healthy
2832,4430.0,20,0.46,0,1.4,Healthy
2833,7161.9,45.7,0.99,0,4.9,Healthy
2834,2852.9,64.0,2.07,6,17.0,Needs Attention
2835,3375.1,62.3,2.93,2,18.6,Needs Attention
2836,6976.7,48.1,3.88,5,17.3,Needs Attention
2837,504.0,54.3,2.45,0,6.1,Healthy
2838,2659.5,42.7,2.25,7,17.6,Critical
2839,4257.2,36.5,1.3,0,3.6,Healthy
2840,3280.0,45.8,1.95,4,9.4,Needs Attention
2841,8506.4,78.7,3.33,7,19.9,Critical
2842,5424.3,61.4,3.69,5,13.9,Needs Attention
2843,8340.2,33.1,1.97,3,5.6,Needs Attention
2844,6618.5,63.0,1.53,7,19.6,Critical
2845,3833.1,46.0,2.41,5,13.1,Needs Attention
2846,2476.5,53.7,0.49,2,6.0,Healthy
2847,5958.5,37.8,2.66,4,8.3,Needs Attention
2848,6107.9,32.8,1.3,0,4.2,Healthy
2849,4383.5,48.8,2.54,4,13.9,Needs Attention
2850,4636.1,70.8,4.72,3,18.6,Critical
2851,1974.6,38.8,2.83,2,8.7,Healthy
2852,2789.6,53.5,1.19,3,10.0,Needs Attention
2853,8285.2,61.6,0.93,3,13.5,Needs Attention
2854,3911.2,46.2,0.18,0,4.2,Healthy
2855,8769.4,41.8,2.14,5,18.9,Critical
2856,6534.6,77.4,3.28,5,19.9,Critical
2857,5550.8,60.6,1.18,0,4.4,Healthy
2858,5900.4,36.4,0.41,0,3.9,Healthy
2859,5259.6,55.1,2.78,2,7.1,Needs Attention
2860,7040.0,51.3,4.74,4,18.5,Critical
2861,7062.9,51.4,3.26,5,18.2,Critical
2862,3735.4,40.0,1.85,1,2.1,Healthy
2863,3264.3,59.5,2.95,3,12.9,Needs Attention
2864,8033.4,56.8,1.21,4,18.0,Needs Attention
2865,4255.4,45.0,1.26,3,12.0,Needs Attention
2866,7677.7,40.1,2.02,0,6.3,Healthy
2867,1219.5,43.7,1.01,0,1.2,Healthy
2868,6202.5,37.3,1.19,0,1.8,Healthy
2869,5542.9,23.2,1.36,0,0.8,Healthy
2870,4549.5,48.5,2.94,3,12.7,Needs Attention
2871,7218.2,41.8,1.87,2,13.9,Needs Attention
2872,6184.4,40.5,1.04,0,6.5,Needs Attention
2873,9429.6,61.7,2.98,5,16.8,Critical
2874,10982.5,51.5,2.07,5,18.7,Critical
2875,5134.3,32.5,1.16,1,1.3,Healthy
2876,7230.9,54.8,3.0,4,15.8,Needs Attention
2877,4535.5,59.3,2.01,8,19.0,Critical
2878,6327.1,47.9,2.6,2,5.7,Needs Attention
2879,6339.3,45.8,1.03,0,3.5,Healthy
2880,4692.1,64.7,3.04,4,14.1,Needs Attention
2881,4457.3,45.0,1.52,1,0.2,Healthy
2882,3538.1,41.0,1.75,1,10.0,Healthy
2883,2553.5,43.2,1.28,0,3.7,Healthy
2884,1898.8,50.8,1.43,2,1.7,Healthy
2885,1695.8,54.9,2.39,1,10.6,Healthy
2886,1338.1,25.8,0.63,0,0.7,Healthy
2887,9235.4,72.4,2.66,6,15.2,Critical
2888,5272.3,43.3,1.5,0,0.2,Healthy
2889,3635.2,62.0,3.22,5,17.3,Critical
2890,3997.8,34.9,1.99,0,0.6,Healthy
2891,7733.3,48.7,1.23,3,7.2,Healthy
2892,5211.9,65.2,1.54,7,19.2,Critical
2893,11534.1,55.3,2.8,4,19.5,Critical
2894,4778.1,51.9,0.91,0,0.3,Healthy
2895,3569.1,40.1,1.12,6,15.3,Needs Attention
2896,3243.1,55.5,2.38,5,18.3,Needs Attention
2897,4920.3,44.1,1.96,3,10.7,Needs Attention
2898,8535.3,48.3,3.41,3,14.6,Needs Attention
2899,2857.5,48.5,0.73,2,6.8,Healthy
2900,5530.7,45.4,2.58,4,18.4,Needs Attention
2901,5890.6,43.2,2.29,2,11.3,Needs Attention
2902,7468.3,54.0,2.43,2,8.4,Needs Attention
2903,4127.1,39.2,1.58,0,4.6,Healthy
2904,6403.5,28.6,1.01,0,2.2,Healthy
2905,4413.7,55.8,0.14,0,1.5,Healthy
2906,1676.0,48.5,2.52,4,15.0,Needs Attention
2907,4485.2,52.7,1.11,4,4.9,Needs Attention
2908,7624.3,58.2,1.28,0,4.0,Healthy
2909,7975.3,42.0,0.76,0,0.2,Healthy
2910,7666.6,57.1,3.23,0,10.5,Needs Attention
2911,6738.7,56.4,1.83,1,4.2,Healthy
2912,2409.1,45.0,3.11,4,15.8,Needs Attention
2913,6274.7,60.5,1.9,2,8.2,Needs Attention
2914,10681.5,55.5,3.48,4,17.4,Needs Attention
2915,3997.6,54.8,3.6,4,17.5,Needs Attention
2916,6197.7,39.1,1.68,0,1.7,Healthy
2917,3357.2,43.6,0.81,0,0.2,Healthy
2918,8058.2,44.8,2.33,3,11.6,Needs Attention
2919,2739.5,41.0,0.34,1,3.2,Healthy
2920,8331.4,46.4,2.07,3,11.1,Needs Attention
2921,9842.7,60.2,4.22,6,17.1,Critical
2922,8218.5,62.0,1.55,4,12.7,Needs Attention
2923,4689.7,20,1.31,1,3.4,Needs Attention
2924,3361.7,52.8,1.99,4,8.3,Needs Attention
2925,10228.3,69.0,2.51,8,19.7,Critical
2926,5821.8,33.7,1.58,0,0.0,Healthy
2927,4924.2,37.5,1.65,0,2.1,Healthy
2928,6564.8,40.6,1.08,1,4.3,Critical
2929,9558.6,57.6,2.47,5,13.4,Needs Attention
2930,2670.7,45.5,0.61,4,6.8,Healthy
2931,5690.5,49.3,1.91,0,8.1,Needs Attention
2932,8656.8,49.6,1.71,0,4.1,Healthy
2933,6121.8,31.6,1.47,0,2.2,Healthy
2934,2083.0,41.9,0.49,0,0.9,Healthy
2935,2841.5,64.6,2.86,4,18.8,Needs Attention
2936,2069.6,31.8,1.47,2,5.4,Healthy
2937,3909.7,37.9,1.51,0,1.2,Healthy
2938,4917.9,44.8,1.83,2,1.8,Healthy
2939,2943.2,47.3,1.49,1,3.9,Healthy
2940,6369.9,67.2,1.56,8,16.9,Critical
2941,9804.9,57.8,1.13,6,15.2,Critical
2942,1535.2,51.2,1.87,0,2.9,Healthy
2943,3839.5,55.5,3.59,6,19.7,Critical
2944,3813.9,41.6,2.74,3,9.9,Needs Attention
2945,6791.2,49.0,2.12,3,2.8,Needs Attention
2946,8884.5,42.7,1.71,5,14.3,Critical
2947,5980.7,38.7,0.17,0,0.7,Healthy
2948,2708.6,35.2,1.97,2,4.2,Healthy
2949,1373.9,46.8,0.36,3,4.4,Healthy
2950,1646.2,50.8,1.15,2,7.7,Healthy
2951,6294.2,50.2,2.02,1,7.4,Healthy
2952,6969.1,46.6,2.41,5,9.0,Critical
2953,6661.8,32.0,0.68,0,4.3,Healthy
2954,5771.5,36.3,2.06,3,4.2,Healthy
2955,7929.8,29.8,3.41,2,15.6,Needs Attention
2956,5041.7,46.8,3.25,2,15.3,Needs Attention
2957,4984.5,59.2,1.34,2,4.9,Needs Attention
2958,1175.1,38.7,0.91,2,3.4,Healthy
2959,7190.0,40.1,2.3,2,12.1,Needs Attention
2960,3757.6,51.8,2.87,4,13.3,Needs Attention
2961,5039.7,55.9,2.63,3,16.1,Needs Attention
2962,7701.9,49.2,2.01,5,14.4,Needs Attention
2963,7444.5,31.2,1.76,1,7.8,Healthy
2964,7178.0,34.7,1.92,0,4.2,Healthy
2965,3841.2,63.7,2.15,2,9.4,Needs Attention
2966,1222.7,44.2,1.1,2,4.0,Healthy
2967,8877.4,61.5,2.1,5,15.0,Critical
2968,4146.0,55.1,0.7,1,4.7,Healthy
2969,4733.2,24.4,1.48,0,6.6,Healthy
2970,5890.4,54.6,3.61,3,18.4,Needs Attention
2971,4797.1,32.7,2.05,2,10.1,Healthy
2972,8815.4,66.2,2.25,4,16.0,Needs Attention
2973,6898.4,42.3,1.22,1,2.2,Healthy
2974,5640.2,42.9,1.17,0,6.2,Healthy
2975,6846.6,61.1,2.51,5,14.7,Needs Attention
2976,7225.0,49.6,3.02,5,11.5,Needs Attention
2977,2570.1,49.2,2.22,1,12.8,Healthy
2978,2283.7,67.5,1.88,2,13.2,Needs Attention
2979,4406.2,43.4,1.79,0,3.9,Healthy
2980,3108.9,49.5,1.47,0,1.9,Healthy
2981,7123.7,38.8,1.58,0,8.0,Healthy
2982,4973.6,53.2,1.62,2,11.5,Needs Attention
2983,2517.9,48.6,2.18,4,11.9,Needs Attention
2984,7933.3,41.0,1.41,3,9.8,Needs Attention
2985,8093.6,54.2,1.23,3,7.1,Needs Attention
2986,3897.7,55.0,2.94,3,17.5,Needs Attention
2987,5911.4,50.4,0.3,0,2.1,Healthy
2988,8208.3,64.5,2.23,5,19.9,Critical
2989,6721.3,45.7,1.19,2,12.9,Healthy
2990,2995.7,50.3,3.22,6,18.5,Critical
2991,1198.2,33.0,1.05,3,3.0,Healthy
2992,9681.2,51.5,3.91,4,16.9,Critical
2993,1231.1,32.4,1.07,2,1.8,Healthy
2994,1086.4,63.1,1.84,0,11.1,Healthy
2995,7112.7,40.0,2.13,3,5.1,Needs Attention
2996,8392.6,74.4,2.65,2,11.8,Needs Attention
2997,5772.7,47.2,2.56,5,8.6,Critical
2998,1373.1,26.8,1.52,1,1.6,Healthy
2999,7845.0,49.8,3.03,4,17.0,Critical
3000,7577.7,42.5,2.01,1,7.8,Healthy
3001,7702.5,60.0,2.72,4,6.4,Needs Attention
3002,7158.7,46.4,2.27,5,7.7,Needs Attention
3003,7048.8,57.8,2.19,1,11.9,Needs Attention
3004,1172.7,61.4,2.55,4,13.7,Needs Attention
3005,1886.4,53.2,1.6,0,3.6,Healthy
3006,8443.3,64.8,1.97,2,12.0,Needs Attention
3007,1884.2,40.0,1.83,3,4.6,Healthy
3008,1615.3,52.6,1.39,2,5.8,Healthy
3009,6779.3,39.9,0.39,4,5.2,Needs Attention
3010,5426.1,70.2,3.88,6,18.5,Critical
3011,6555.0,63.5,2.62,4,10.9,Needs Attention
3012,10405.3,47.5,2.2,4,18.8,Critical
3013,8417.1,49.0,0.8,0,6.2,Needs Attention
3014,3982.5,46.7,2.81,3,9.0,Needs Attention
3015,10541.0,47.8,1.92,4,15.0,Critical
3016,5453.2,47.4,1.91,3,9.3,Needs Attention
3017,7970.6,37.2,1.42,1,3.7,Healthy
3018,5030.9,63.4,2.03,2,10.9,Needs Attention
3019,8730.4,53.6,3.25,4,13.7,Critical
3020,2584.1,59.4,3.43,3,13.1,Needs Attention
3021,3684.5,60.0,1.86,4,16.1,Needs Attention
3022,4298.8,65.0,1.76,5,18.6,Critical
3023,5292.0,46.1,1.74,1,5.5,Healthy
3024,3209.7,41.2,1.49,1,6.1,Healthy
3025,5914.9,74.5,1.75,4,10.6,Needs Attention
3026,5034.7,56.9,2.96,3,11.8,Needs Attention
3027,3077.2,51.9,4.32,4,18.4,Needs Attention
3028,1338.3,52.9,1.13,0,4.1,Healthy
3029,4709.8,22.6,3.95,4,14.5,Needs Attention
3030,6061.9,60.1,3.59,6,19.3,Needs Attention
3031,5121.2,50.0,0.69,1,2.5,Healthy
3032,2546.6,46.7,1.38,0,2.7,Healthy
3033,2739.8,53.1,1.63,1,8.6,Healthy
3034,2692.6,43.4,1.05,0,3.6,Healthy
3035,4336.2,50.6,1.47,2,10.4,Needs Attention
3036,2522.4,45.5,1.55,2,11.1,Healthy
3037,3457.4,50.2,1.12,0,1.7,Healthy
3038,5393.6,52.4,2.36,0,3.3,Healthy
3039,5090.8,46.2,2.58,2,9.9,Needs Attention
3040,2086.5,60.6,3.72,6,15.5,Needs Attention
3041,4121.1,57.6,3.04,5,16.0,Needs Attention
3042,1324.9,41.1,3.86,5,17.3,Needs Attention
3043,5419.9,53.4,3.49,4,19.4,Needs Attention
3044,5842.0,64.0,3.03,6,16.0,Critical
3045,2964.4,58.4,1.99,1,11.4,Healthy
3046,4521.4,48.8,1.43,1,4.6,Healthy
3047,2162.6,69.5,2.75,2,13.5,Needs Attention
3048,7414.6,62.9,3.28,4,13.3,Needs Attention
3049,5854.0,55.6,2.87,2,6.7,Needs Attention
3050,5342.3,69.5,2.1,8,19.3,Critical
3051,6660.4,64.2,2.34,4,10.5,Needs Attention
3052,10701.5,62.6,2.81,5,16.6,Critical
3053,8333.1,47.0,3.04,4,16.8,Critical
3054,4395.7,50.7,2.35,2,14.8,Needs Attention
3055,4030.3,35.9,1.35,1,5.5,Healthy
3056,1949.4,51.3,1.54,2,12.0,Healthy
3057,3613.5,64.6,1.37,0,0.5,Healthy
3058,5024.4,36.5,1.16,0,4.0,Healthy
3059,7505.0,43.0,2.64,0,0.9,Healthy
3060,4767.9,63.7,3.35,6,17.6,Critical
3061,4929.5,39.2,1.94,0,4.6,Healthy
3062,9813.6,57.1,3.43,3,20.0,Critical
3063,4556.9,51.8,0.92,3,11.4,Needs Attention
3064,1654.4,56.6,1.93,0,1.8,Healthy
3065,7680.3,44.9,2.11,0,5.2,Healthy
3066,3342.6,35.3,1.72,3,4.3,Healthy
3067,7068.0,40.2,1.48,0,6.9,Healthy
3068,1431.7,60.6,1.72,5,15.1,Critical
3069,1420.9,34.4,2.05,1,8.0,Healthy
3070,8210.8,48.4,2.06,5,13.4,Needs Attention
3071,5088.7,44.3,2.7,7,19.6,Critical
3072,381.1,35.7,0.59,0,0.8,Healthy
3073,2069.7,43.8,0.79,0,0.2,Healthy
3074,7106.6,65.0,3.97,5,17.6,Critical
3075,5751.8,42.5,2.53,1,13.3,Healthy
3076,11433.7,83.4,1.89,10,19.0,Critical
3077,3062.0,50.3,2.26,5,19.4,Needs Attention
3078,3879.3,52.7,2.17,3,14.9,Needs Attention
3079,8015.7,52.8,2.24,5,19.2,Critical
3080,2267.2,64.3,1.06,4,12.9,Needs Attention
3081,6815.8,54.3,2.2,8,17.3,Critical
3082,870.5,60.4,2.16,2,2.8,Healthy
3083,2036.7,27.1,0.87,0,0.7,Healthy
3084,7815.3,58.1,2.53,4,16.5,Needs Attention
3085,2716.2,54.0,1.77,5,10.5,Needs Attention
3086,7758.6,53.9,2.23,3,17.0,Needs Attention
3087,6845.6,53.3,2.37,2,10.5,Healthy
3088,7866.7,48.0,2.16,3,12.4,Needs Attention
3089,6938.8,45.6,1.4,0,5.6,Healthy
3090,3207.2,38.3,2.32,2,4.7,Healthy
3091,3598.1,47.3,0.84,2,7.4,Healthy
3092,5533.5,59.4,2.71,5,15.4,Critical
3093,8240.6,40.1,0.99,3,8.9,Needs Attention
3094,4216.9,41.9,1.35,4,6.6,Healthy
3095,3578.2,40.1,0.55,0,2.1,Healthy
3096,10437.6,54.2,2.32,6,18.0,Needs Attention
3097,6919.6,60.7,2.9,7,19.7,Critical
3098,5012.8,41.2,2.14,2,5.5,Healthy
3099,4854.9,68.8,2.15,4,12.4,Needs Attention
3100,8876.0,44.4,2.16,2,7.5,Needs Attention
3101,7940.4,40.3,0.82,0,0.2,Healthy
3102,4420.2,36.3,1.1,0,6.6,Healthy
3103,7967.8,54.5,3.62,7,15.6,Needs Attention
3104,5754.8,47.6,1.46,4,10.9,Needs Attention
3105,804.3,47.8,2.14,1,4.1,Healthy
3106,5080.4,45.0,2.23,2,4.9,Needs Attention
3107,7179.4,66.4,3.11,4,19.0,Critical
3108,6718.5,53.0,1.84,3,8.1,Needs Attention
3109,4635.9,48.4,2.04,2,14.9,Needs Attention
3110,8632.8,56.9,3.57,2,15.3,Needs Attention
3111,5509.3,45.5,2.96,2,11.0,Needs Attention
3112,6399.0,50.3,2.73,1,7.7,Needs Attention
3113,5069.9,44.4,0.42,3,2.9,Healthy
3114,8226.0,29.9,1.15,2,5.4,Needs Attention
3115,6453.3,56.1,1.08,0,2.8,Healthy
3116,3281.6,55.6,4.81,7,18.1,Critical
3117,4194.8,45.7,1.75,1,9.8,Needs Attention
3118,8660.9,52.2,2.04,2,13.7,Needs Attention
3119,4996.2,54.7,1.64,2,10.0,Healthy
3120,2772.9,44.3,2.12,4,5.2,Needs Attention
3121,8269.1,53.5,3.09,0,7.1,Needs Attention
3122,3064.5,60.7,2.05,0,2.0,Healthy
3123,3435.8,46.3,1.34,1,6.8,Healthy
3124,1983.7,33.7,1.7,2,3.7,Healthy
3125,1648.8,52.5,3.05,4,13.8,Needs Attention
3126,6672.5,43.1,1.38,1,1.5,Healthy
3127,7678.9,54.7,2.23,6,18.4,Critical
3128,9124.1,44.9,1.69,3,8.6,Needs Attention
3129,8690.9,50.9,2.0,3,9.6,Needs Attention
3130,5446.4,41.1,1.88,3,8.0,Needs Attention
3131,1054.4,51.1,2.06,2,5.7,Healthy
3132,1139.9,39.6,1.55,0,4.0,Healthy
3133,1639.7,45.3,1.9,2,9.1,Healthy
3134,5738.0,57.2,2.92,7,17.8,Critical
3135,683.0,25.7,1.98,1,1.5,Healthy
3136,7359.8,48.6,2.48,0,7.3,Healthy
3137,10275.4,60.7,2.34,4,14.0,Critical
3138,1218.1,47.1,1.15,2,10.6,Healthy
3139,1776.0,55.2,1.63,0,11.5,Healthy
3140,5011.4,40.7,2.82,0,2.0,Healthy
3141,4301.1,72.2,3.01,6,14.2,Critical
3142,4228.6,42.8,1.69,1,5.3,Healthy
3143,5270.2,52.8,2.25,6,16.4,Needs Attention
3144,5091.8,52.7,2.19,3,11.3,Needs Attention
3145,5895.8,61.4,2.71,4,12.1,Needs Attention
3146,7059.4,53.8,2.3,0,7.3,Healthy
3147,5555.1,51.0,1.46,1,7.5,Healthy
3148,10201.1,70.4,3.9,4,18.6,Critical
3149,7930.0,61.8,3.33,3,19.8,Critical
3150,5576.2,59.5,1.26,2,14.4,Healthy
3151,2719.2,60.1,2.68,5,16.4,Needs Attention
3152,5712.4,55.0,2.42,5,16.8,Needs Attention
3153,5927.4,47.8,0.58,0,2.7,Healthy
3154,7345.0,56.5,2.67,6,17.0,Critical
3155,6610.7,59.2,1.72,1,8.5,Needs Attention
3156,7577.7,59.2,2.48,4,7.8,Healthy
3157,3320.7,46.8,1.0,2,7.4,Healthy
3158,1114.4,58.2,0.98,0,7.0,Healthy
3159,1206.4,20,1.77,0,2.4,Healthy
3160,10383.1,66.5,3.42,4,19.7,Critical
3161,2494.9,47.7,3.97,2,15.0,Needs Attention
3162,6679.2,36.5,1.06,0,3.0,Healthy
3163,6299.9,35.9,1.39,0,1.5,Healthy
3164,3094.1,48.9,2.26,2,4.6,Healthy
3165,2261.1,47.1,1.61,1,10.1,Healthy
3166,1471.9,36.2,1.44,1,3.3,Healthy
3167,6741.1,43.2,1.39,1,5.5,Healthy
3168,7360.0,48.3,2.14,2,9.7,Needs Attention
3169,6174.4,49.6,2.22,4,10.1,Needs Attention
3170,6670.2,47.7,2.12,3,10.3,Needs Attention
3171,1324.9,62.8,1.25,0,4.0,Healthy
3172,4686.5,56.0,2.65,5,15.2,Needs Attention
3173,7164.0,51.9,2.09,5,9.7,Needs Attention
3174,6944.9,69.6,1.82,6,16.0,Critical
3175,3440.6,52.1,3.09,4,12.6,Needs Attention
3176,7790.1,62.7,2.82,4,10.0,Needs Attention
3177,2058.5,36.8,1.63,3,3.2,Healthy
3178,2742.5,39.6,0.68,2,6.8,Healthy
3179,6082.1,64.5,1.74,3,8.9,Needs Attention
3180,6555.0,59.2,2.71,5,13.7,Needs Attention
3181,2083.3,47.7,1.8,5,15.5,Needs Attention
3182,5296.6,39.9,2.08,5,12.7,Needs Attention
3183,3584.1,51.4,2.99,3,18.1,Critical
3184,3510.2,54.8,2.57,3,16.0,Needs Attention
3185,6238.0,46.4,2.24,4,11.0,Needs Attention
3186,2549.8,43.6,1.3,3,2.1,Healthy
3187,7649.6,69.0,3.56,7,19.2,Critical
3188,7472.3,66.1,3.35,4,16.6,Critical
3189,6431.8,48.8,2.52,0,12.4,Needs Attention
3190,3272.4,52.0,1.93,5,12.0,Needs Attention
3191,10211.6,53.3,3.17,3,11.5,Needs Attention
3192,1510.9,51.3,0.22,2,6.3,Healthy
3193,1082.9,70.6,2.78,3,14.3,Needs Attention
3194,6495.2,47.5,0.5,1,4.9,Needs Attention
3195,8446.1,41.7,2.18,3,16.0,Needs Attention
3196,6004.5,48.8,2.06,0,11.8,Healthy
3197,5107.3,53.7,3.5,8,17.3,Critical
3198,8537.5,55.2,1.78,0,14.0,Needs Attention
3199,4813.9,32.2,2.56,3,5.7,Healthy
3200,2571.5,55.0,1.45,2,11.9,Healthy
3201,4686.8,41.6,1.3,1,3.7,Needs Attention
3202,7110.5,48.1,0.53,2,3.3,Needs Attention
3203,8474.6,36.9,0.93,3,7.0,Needs Attention
3204,2217.4,42.1,1.06,5,11.6,Healthy
3205,2452.6,65.7,2.49,4,19.9,Needs Attention
3206,5839.9,52.8,2.41,5,15.8,Critical
3207,8976.5,48.8,1.94,6,16.2,Critical
3208,3622.4,59.6,1.78,2,11.7,Needs Attention
3209,5789.2,58.2,1.89,0,4.2,Healthy
3210,8683.0,41.1,1.75,6,19.5,Critical
3211,7936.7,29.7,2.08,1,4.7,Healthy
3212,3319.3,75.1,3.76,6,19.2,Critical
3213,6507.2,43.7,0.62,0,1.3,Healthy
3214,3765.8,65.2,4.31,2,17.0,Needs Attention
3215,7139.4,58.2,3.37,4,10.0,Needs Attention
3216,8262.3,52.3,0.84,2,8.1,Needs Attention
3217,6320.9,44.7,4.39,3,16.3,Needs Attention
3218,4255.2,40.5,1.36,1,2.6,Healthy
3219,5248.6,53.7,1.92,0,12.7,Needs Attention
3220,5356.8,38.4,0.63,0,0.2,Healthy
3221,3052.3,36.8,1.24,0,0.9,Healthy
3222,3755.6,41.0,1.01,1,6.7,Healthy
3223,8202.8,50.5,1.59,1,4.6,Healthy
3224,7419.7,59.8,1.84,3,16.0,Needs Attention
3225,3492.4,61.0,2.46,6,8.8,Needs Attention
3226,4306.0,38.5,1.41,0,4.5,Healthy
3227,5150.9,64.9,0.98,5,14.8,Critical
3228,6676.6,58.3,2.37,4,13.7,Needs Attention
3229,3519.2,48.5,1.06,1,9.7,Healthy
3230,7326.1,35.9,0.75,0,0.7,Healthy
3231,5584.8,59.5,2.06,3,8.2,Needs Attention
3232,5970.4,46.3,1.26,3,9.2,Needs Attention
3233,6384.8,48.1,0.66,1,5.6,Healthy
3234,9227.2,59.4,2.35,5,10.5,Critical
3235,4694.7,74.8,2.34,4,14.8,Needs Attention
3236,1666.3,29.4,1.4,0,2.5,Healthy
3237,5600.7,34.2,0.98,0,0.5,Healthy
3238,7716.0,32.2,1.15,2,5.8,Needs Attention
3239,7015.9,52.0,1.88,2,9.3,Needs Attention
3240,2985.2,61.1,1.5,1,4.9,Needs Attention
3241,8021.8,53.8,4.46,2,13.6,Needs Attention
3242,9481.0,59.4,2.73,3,14.8,Needs Attention
3243,2729.7,62.3,3.91,7,18.7,Critical
3244,3514.7,62.4,2.44,4,16.3,Needs Attention
3245,4588.2,56.9,1.17,6,15.2,Needs Attention
3246,2655.7,52.0,3.08,4,13.8,Needs Attention
3247,7113.6,41.6,1.3,0,2.3,Healthy
3248,3971.7,49.7,3.31,6,15.7,Needs Attention
3249,7967.4,60.0,2.95,6,18.9,Critical
3250,7306.1,54.0,2.03,1,13.7,Needs Attention
3251,2762.8,56.0,1.3,1,6.6,Healthy
3252,3675.0,60.6,1.66,3,10.7,Needs Attention
3253,8111.3,57.8,1.8,4,11.9,Needs Attention
3254,8241.8,41.9,1.57,4,6.7,Needs Attention
3255,5611.4,61.5,3.32,3,16.2,Needs Attention
3256,8046.5,53.5,1.88,1,5.7,Healthy
3257,9140.2,59.9,2.79,4,11.4,Needs Attention
3258,6410.5,66.8,1.46,1,9.9,Needs Attention
3259,672.6,28.7,2.08,1,2.8,Healthy
3260,3731.6,48.1,0.91,0,1.9,Healthy
3261,3972.8,64.4,2.21,2,11.3,Healthy
3262,3622.3,41.3,0.58,0,4.4,Healthy
3263,9603.0,61.1,3.11,3,10.6,Needs Attention
3264,7451.0,47.7,1.95,3,18.2,Needs Attention
3265,8123.9,44.0,2.79,6,14.7,Needs Attention
3266,1593.5,55.9,1.76,4,8.8,Needs Attention
3267,2472.7,56.7,2.7,5,13.3,Needs Attention
3268,4633.1,51.6,2.39,5,18.5,Needs Attention
3269,7143.7,28.4,1.44,0,2.7,Healthy
3270,10582.3,70.0,2.3,4,15.9,Critical
3271,5940.4,57.3,1.5,2,4.2,Needs Attention
3272,8056.7,60.5,1.91,4,19.3,Critical
3273,1735.5,64.3,3.18,2,15.1,Needs Attention
3274,9380.5,69.8,1.79,6,19.4,Critical
3275,5145.5,54.7,0.1,1,11.2,Healthy
3276,8526.8,36.8,2.4,5,9.3,Needs Attention
3277,2440.5,35.3,0.31,4,10.3,Healthy
3278,4948.8,41.9,2.33,0,10.5,Healthy
3279,3571.5,66.1,3.89,4,18.9,Critical
3280,1925.7,43.9,0.27,0,0.8,Healthy
3281,6708.4,48.9,1.11,2,7.2,Needs Attention
3282,8960.4,50.3,1.57,5,12.1,Needs Attention
3283,5228.6,50.0,2.86,5,12.5,Needs Attention
3284,1929.0,36.5,2.52,1,11.5,Healthy
3285,1721.3,52.3,1.89,0,2.6,Healthy
3286,5169.2,45.1,1.27,3,4.5,Needs Attention
3287,2037.8,53.8,1.51,3,5.2,Healthy
3288,7049.8,45.4,2.18,2,17.7,Needs Attention
3289,10778.1,44.2,1.06,3,18.7,Critical
3290,6840.6,37.2,2.08,0,8.7,Healthy
3291,4043.4,46.4,1.33,0,4.3,Healthy
3292,3092.2,59.0,2.02,2,10.4,Needs Attention
3293,3822.7,43.1,3.24,6,11.8,Needs Attention
3294,949.1,38.6,0.1,4,2.8,Healthy
3295,2564.3,71.1,2.14,7,15.5,Critical
3296,5302.6,49.2,2.56,2,9.2,Healthy
3297,4333.1,56.4,0.46,0,0.1,Healthy
3298,3785.5,72.6,2.56,5,19.1,Needs Attention
3299,5430.9,39.1,1.7,3,10.3,Healthy
3300,4020.6,43.7,0.94,0,0.6,Healthy
3301,462.1,29.7,0.1,0,0.6,Healthy
3302,6563.3,38.2,1.8,4,8.8,Needs Attention
3303,8689.0,65.9,3.36,3,17.8,Critical
3304,5038.3,23.5,1.61,1,5.8,Needs Attention
3305,4923.8,43.2,1.69,3,12.1,Needs Attention
3306,8914.0,74.9,2.45,2,17.4,Critical
3307,8385.7,50.2,1.39,0,4.2,Needs Attention
3308,4596.2,37.7,2.07,2,9.7,Needs Attention
3309,2585.0,48.4,1.78,0,11.8,Healthy
3310,5891.1,60.7,2.23,2,13.3,Needs Attention
3311,2406.0,45.5,1.29,5,11.2,Healthy
3312,3040.4,31.2,0.99,2,1.4,Healthy
3313,2656.9,35.9,1.24,0,6.0,Healthy
3314,7176.7,53.4,2.6,4,10.7,Needs Attention
3315,2685.1,56.3,2.33,3,19.2,Healthy
3316,4751.7,71.3,3.03,6,16.4,Critical
3317,3871.7,43.4,2.23,2,10.0,Needs Attention
3318,4380.8,53.1,2.01,0,8.2,Healthy
3319,6104.8,72.9,2.55,1,13.0,Needs Attention
3320,3934.2,53.4,1.27,3,13.1,Needs Attention
3321,3177.9,52.9,2.74,5,10.7,Needs Attention
3322,3664.1,46.9,2.15,5,14.7,Critical
3323,5260.8,68.1,3.36,2,13.7,Needs Attention
3324,8054.1,46.7,2.12,5,16.8,Needs Attention
3325,6464.6,54.0,0.22,1,1.2,Healthy
3326,1361.6,33.8,0.91,0,2.0,Healthy
3327,9138.8,59.7,2.66,5,16.5,Critical
3328,9118.3,49.2,1.4,3,12.0,Needs Attention
3329,2685.8,40.8,1.02,0,5.5,Healthy
3330,7228.4,51.5,1.21,2,1.2,Healthy
3331,3122.7,58.6,2.63,5,14.8,Needs Attention
3332,7431.0,37.7,1.06,0,0.1,Healthy
3333,8467.1,52.9,1.63,4,13.8,Critical
3334,4618.6,41.0,1.75,5,8.8,Needs Attention
3335,2334.0,45.0,0.53,2,8.1,Needs Attention
3336,1171.0,43.6,1.58,0,1.0,Healthy
3337,5330.8,57.3,1.74,3,8.7,Healthy
3338,7655.9,44.9,1.3,2,4.3,Needs Attention
3339,3952.6,41.4,1.99,0,3.0,Healthy
3340,3735.4,53.9,2.33,4,15.8,Needs Attention
3341,195.4,46.0,0.72,0,1.8,Healthy
3342,8226.0,37.5,1.32,3,15.6,Needs Attention
3343,7939.7,38.9,1.77,0,3.0,Healthy
3344,9176.0,58.1,3.11,5,18.4,Critical
3345,8964.2,46.1,2.9,6,11.8,Needs Attention
3346,4136.0,49.5,2.54,6,17.7,Critical
3347,6438.6,54.2,3.87,2,16.1,Needs Attention
3348,6919.1,44.9,1.75,2,5.7,Needs Attention
3349,8461.7,59.5,2.74,2,15.1,Critical
3350,5352.7,58.2,1.43,2,7.2,Needs Attention
3351,3245.1,50.9,2.09,6,14.9,Critical
3352,974.2,36.2,0.33,0,2.6,Healthy
3353,838.6,45.5,2.44,2,7.9,Healthy
3354,3431.1,46.7,2.43,3,15.8,Critical
3355,1758.8,51.0,1.49,0,3.8,Healthy
3356,2100.4,56.7,1.24,1,11.1,Healthy
3357,8385.0,41.9,1.49,0,4.2,Healthy
3358,8697.1,36.1,1.78,4,8.0,Needs Attention
3359,3577.8,42.2,0.62,2,4.2,Needs Attention
3360,6002.7,51.4,1.87,3,8.5,Needs Attention
3361,6263.0,47.9,3.37,4,16.3,Needs Attention
3362,5588.3,43.1,2.01,1,1.1,Healthy
3363,3227.8,36.4,1.81,1,2.1,Healthy
3364,6027.8,72.8,1.72,4,10.0,Critical
3365,10099.3,60.3,1.87,2,12.1,Needs Attention
3366,6615.0,44.4,3.41,2,8.5,Needs Attention
3367,6646.7,54.9,3.52,5,17.4,Needs Attention
3368,4706.3,52.8,2.46,6,15.8,Critical
3369,7616.4,39.2,0.78,2,3.2,Needs Attention
3370,3111.4,40.8,1.17,2,7.3,Healthy
3371,1999.0,36.8,1.41,3,11.1,Healthy
3372,1385.9,35.9,1.86,0,7.0,Healthy
3373,58.8,45.0,0.1,0,0.2,Healthy
3374,6882.7,45.8,2.01,2,4.3,Healthy
3375,1277.1,53.5,2.29,4,7.5,Healthy
3376,1706.8,58.7,1.85,1,9.0,Healthy
3377,8259.1,48.0,0.87,3,10.4,Needs Attention
3378,1513.4,62.2,3.23,5,13.3,Needs Attention
3379,6444.8,52.2,1.6,3,7.0,Needs Attention
3380,3213.7,54.1,0.92,2,6.9,Healthy
3381,2403.8,57.7,1.45,2,8.9,Healthy
3382,3471.7,46.0,1.51,2,6.4,Needs Attention
3383,4892.8,49.8,1.32,1,6.0,Healthy
3384,2994.0,46.4,2.73,2,12.2,Needs Attention
3385,8111.2,44.2,2.23,1,5.8,Healthy
3386,10109.2,58.1,1.99,3,14.5,Critical
3387,3995.3,47.5,0.97,0,0.2,Healthy
3388,5963.6,44.1,1.51,0,2.4,Healthy
3389,3280.0,43.1,1.5,0,3.9,Healthy
3390,6561.2,54.9,1.44,2,9.4,Needs Attention
3391,5388.0,59.4,2.9,7,16.2,Critical
3392,6056.7,46.9,2.17,6,16.6,Critical
3393,8065.0,61.1,1.56,3,11.6,Needs Attention
3394,8428.5,43.5,1.95,0,8.8,Healthy
3395,3002.8,42.3,1.79,3,9.0,Needs Attention
3396,5642.0,45.7,0.55,0,0.1,Healthy
3397,5247.1,35.6,1.17,1,3.0,Healthy
3398,2585.1,53.1,2.09,2,10.0,Healthy
3399,3621.9,50.2,3.17,4,12.5,Needs Attention
3400,7111.4,34.5,2.0,2,10.6,Needs Attention
3401,2207.5,42.5,2.23,5,13.5,Needs Attention
3402,8406.9,51.0,1.45,2,6.7,Healthy
3403,2390.9,53.5,1.6,4,3.9,Healthy
3404,7275.5,41.3,1.12,0,3.5,Healthy
3405,3844.8,43.5,1.0,1,5.5,Healthy
3406,3872.2,31.2,0.84,0,1.5,Healthy
3407,6602.8,50.8,2.25,3,11.1,Needs Attention
3408,6455.1,59.0,2.92,4,19.6,Needs Attention
3409,3427.0,41.7,1.37,2,8.8,Healthy
3410,2039.7,43.8,2.97,1,2.4,Healthy
3411,7496.6,39.2,2.35,2,5.6,Needs Attention
3412,1228.4,57.0,1.12,0,3.9,Healthy
3413,4312.2,48.4,2.06,3,16.5,Needs Attention
3414,5709.6,44.0,2.49,6,14.7,Needs Attention
3415,4322.2,43.9,1.41,4,17.6,Needs Attention
3416,3193.1,60.1,1.78,5,17.0,Needs Attention
3417,7426.0,54.8,2.29,0,0.9,Needs Attention
3418,10203.7,31.5,1.89,4,17.2,Needs Attention
3419,627.6,32.3,0.89,0,2.8,Healthy
3420,529.3,49.0,1.52,0,0.6,Healthy
3421,7670.8,43.3,1.42,2,4.9,Healthy
3422,6480.3,35.7,3.48,3,14.2,Needs Attention
3423,2180.4,38.3,0.67,1,3.4,Healthy
3424,5126.8,45.2,2.49,2,8.7,Needs Attention
3425,7534.4,51.4,0.85,0,5.6,Healthy
3426,7422.9,42.8,1.75,0,12.7,Needs Attention
3427,3942.4,41.9,1.29,0,0.3,Healthy
3428,3387.2,56.1,1.9,0,16.8,Needs Attention
3429,3213.6,44.5,2.98,3,12.1,Healthy
3430,7629.2,38.9,2.42,2,6.6,Needs Attention
3431,7348.5,50.3,1.53,0,5.0,Needs Attention
3432,3629.2,61.5,2.25,3,11.0,Needs Attention
3433,7799.3,53.1,0.1,4,9.6,Needs Attention
3434,3468.4,54.8,1.64,1,7.9,Healthy
3435,1256.9,49.5,1.72,1,8.8,Healthy
3436,4515.9,62.7,4.8,4,17.8,Critical
3437,2468.3,44.5,1.74,1,3.2,Healthy
3438,2652.3,38.7,1.25,2,4.9,Healthy
3439,6047.7,53.6,2.09,2,7.0,Needs Attention
3440,6596.5,57.6,2.37,4,17.7,Critical
3441,3608.1,47.0,1.42,3,10.6,Needs Attention
3442,4964.7,56.1,1.95,2,9.4,Healthy
3443,8906.3,40.6,2.98,1,8.3,Needs Attention
3444,1542.0,46.4,2.96,2,12.3,Needs Attention
3445,7370.0,39.2,1.44,0,2.2,Healthy
3446,2558.0,32.4,0.1,0,3.8,Healthy
3447,1024.0,57.4,2.58,2,14.9,Needs Attention
3448,9029.1,43.6,1.97,3,6.4,Needs Attention
3449,8785.8,35.7,0.54,1,5.7,Needs Attention
3450,4049.1,43.2,1.54,2,5.6,Healthy
3451,2855.0,47.6,2.93,0,10.1,Healthy
3452,8984.1,39.5,1.15,3,11.8,Needs Attention
3453,5833.8,40.5,0.69,0,1.3,Healthy
3454,4935.2,39.9,1.99,2,4.8,Healthy
3455,3798.5,47.6,1.97,1,9.9,Healthy
3456,5744.8,36.1,0.56,2,2.5,Needs Attention
3457,833.3,44.2,0.9,0,6.9,Healthy
3458,5464.2,57.9,2.82,4,16.6,Critical
3459,2807.6,46.6,2.22,2,11.7,Needs Attention
3460,7853.0,38.9,2.48,0,14.4,Needs Attention
3461,7618.4,59.4,3.36,6,19.2,Critical
3462,6456.5,50.1,1.66,5,16.7,Critical
3463,2707.3,43.1,2.15,2,4.8,Healthy
3464,4237.3,60.1,1.72,3,11.7,Needs Attention
3465,7970.4,52.6,0.23,0,2.6,Healthy
3466,5922.1,38.7,1.12,4,11.6,Needs Attention
3467,3338.9,32.1,2.46,1,4.5,Healthy
3468,1618.1,57.0,2.59,3,11.3,Needs Attention
3469,2279.0,43.1,1.94,2,9.8,Healthy
3470,6220.2,51.6,2.28,2,10.5,Needs Attention
3471,4335.4,59.2,2.75,6,12.8,Needs Attention
3472,9459.0,53.6,3.23,4,17.6,Critical
3473,4626.7,49.5,2.85,3,14.2,Needs Attention
3474,4493.5,39.3,1.3,2,2.3,Healthy
3475,4795.1,56.1,3.26,7,14.4,Needs Attention
3476,3442.2,39.2,2.94,4,14.2,Needs Attention
3477,2965.1,50.5,1.78,0,7.7,Healthy
3478,2836.7,40.2,1.74,0,11.6,Healthy
3479,1861.8,40.5,0.79,0,0.6,Healthy
3480,5996.5,50.8,1.63,1,2.5,Healthy
3481,3579.2,56.2,2.02,0,5.0,Healthy
3482,4581.6,51.6,1.95,1,17.1,Needs Attention
3483,8367.1,44.5,3.18,5,18.2,Critical
3484,3735.5,67.2,1.94,2,8.2,Healthy
3485,7738.6,67.6,2.29,3,16.8,Needs Attention
3486,6645.4,49.9,0.99,2,5.3,Healthy
3487,6451.3,47.6,2.46,5,7.9,Needs Attention
3488,5557.2,43.7,2.35,6,14.1,Needs Attention
3489,8069.8,61.9,1.08,5,13.0,Critical
3490,5189.8,39.4,1.47,0,1.7,Healthy
3491,4503.9,71.8,2.63,4,19.9,Needs Attention
3492,4358.5,64.7,1.85,5,18.9,Critical
3493,3931.7,51.9,2.09,2,12.9,Healthy
3494,4849.8,62.8,1.53,3,13.9,Needs Attention
3495,6966.6,42.7,1.69,2,5.2,Healthy
3496,5502.2,40.9,1.01,0,8.5,Healthy
3497,1384.8,48.0,0.57,1,1.2,Healthy
3498,4634.5,44.8,1.62,2,9.9,Needs Attention
3499,7341.0,48.8,1.47,3,6.3,Needs Attention
3500,8427.4,53.2,2.55,3,10.4,Needs Attention
3501,8220.2,50.1,2.35,4,11.4,Needs Attention
3502,1845.2,48.8,1.79,0,1.4,Healthy
3503,995.6,54.1,2.1,2,7.2,Healthy
3504,4815.5,33.4,0.68,0,3.3,Healthy
3505,3997.8,38.4,2.06,2,15.4,Healthy
3506,7392.3,77.8,2.59,6,16.8,Critical
3507,9406.9,44.8,0.87,4,12.2,Needs Attention
3508,6173.9,41.1,0.65,0,4.8,Healthy
3509,8251.7,53.0,1.99,3,10.2,Needs Attention
3510,5027.9,59.9,2.2,7,16.3,Critical
3511,6768.0,68.7,3.52,6,16.3,Critical
3512,1372.6,47.3,1.72,1,8.8,Healthy
3513,6163.6,45.7,1.47,2,9.6,Healthy
3514,3757.4,46.8,1.22,0,3.8,Healthy
3515,5259.1,66.1,1.54,5,15.3,Needs Attention
3516,8005.5,58.3,3.56,4,14.4,Needs Attention
3517,6153.7,41.0,1.03,0,2.2,Healthy
3518,6367.0,62.9,3.2,6,19.9,Critical
3519,8529.2,64.6,3.62,4,19.8,Critical
3520,8284.8,61.3,1.52,3,12.5,Needs Attention
3521,4034.8,48.5,3.61,3,17.7,Needs Attention
3522,2574.0,64.6,2.82,4,19.1,Needs Attention
3523,902.3,46.5,0.4,2,2.9,Healthy
3524,9307.5,86.8,2.51,7,18.7,Critical
3525,8779.6,48.4,0.83,3,6.9,Needs Attention
3526,5077.8,42.2,0.23,1,2.5,Healthy
3527,7414.2,58.8,2.51,3,10.2,Needs Attention
3528,3248.7,51.1,2.67,3,10.0,Needs Attention
3529,983.4,46.8,2.8,0,5.2,Healthy
3530,7656.9,61.3,0.68,6,13.4,Critical
3531,7206.5,41.9,1.46,3,10.1,Needs Attention
3532,4208.1,49.1,3.45,6,18.1,Needs Attention
3533,5359.1,31.7,0.83,0,4.2,Healthy
3534,2145.5,46.1,1.59,1,4.3,Healthy
3535,6411.9,45.1,1.57,0,3.0,Needs Attention
3536,6015.2,54.0,2.59,3,10.0,Needs Attention
3537,4128.9,51.4,3.17,7,18.9,Critical
3538,2989.5,44.1,2.76,3,7.3,Healthy
3539,5761.8,42.6,2.55,5,17.9,Needs Attention
3540,8429.7,57.4,1.8,5,14.9,Critical
3541,3896.0,55.7,0.6,3,13.2,Needs Attention
3542,3172.8,20.6,1.32,0,0.5,Healthy
3543,8305.5,51.0,0.82,1,7.0,Healthy
3544,628.2,42.7,0.2,1,0.3,Healthy
3545,2863.2,33.8,1.2,2,0.5,Healthy
3546,4959.3,49.3,2.64,2,15.5,Needs Attention
3547,3120.4,50.6,2.26,3,11.0,Needs Attention
3548,3431.7,73.1,4.04,3,15.7,Needs Attention
3549,5203.1,47.8,3.2,5,16.3,Needs Attention
3550,6072.4,54.3,4.42,2,15.0,Needs Attention
3551,2377.5,38.1,1.0,4,3.4,Needs Attention
3552,11099.1,57.1,3.88,7,19.0,Critical
3553,6702.7,41.1,2.15,2,15.2,Needs Attention
3554,5672.8,62.0,2.12,3,16.6,Needs Attention
3555,3391.5,58.9,1.53,4,13.2,Needs Attention
3556,2750.1,43.5,1.87,1,5.1,Healthy
3557,2486.3,41.5,2.8,0,4.0,Healthy
3558,2735.4,46.8,1.39,0,4.2,Healthy
3559,7880.9,46.6,2.62,5,17.0,Critical
3560,8057.6,47.9,2.27,2,7.1,Needs Attention
3561,3233.8,36.5,1.69,0,0.4,Healthy
3562,4748.5,47.6,2.12,6,18.7,Needs Attention
3563,2491.9,51.9,1.13,1,5.0,Healthy
3564,8900.2,59.2,1.87,2,12.5,Needs Attention
3565,7078.2,45.2,1.07,1,3.6,Healthy
3566,5073.1,60.7,1.91,4,14.4,Needs Attention
3567,5991.8,44.4,3.62,2,12.3,Needs Attention
3568,5453.8,55.4,1.31,3,9.0,Needs Attention
3569,8271.8,55.4,1.16,1,10.8,Healthy
3570,5576.8,43.2,1.03,1,6.3,Healthy
3571,7013.9,60.6,1.53,2,10.1,Needs Attention
3572,2961.9,31.4,3.93,0,8.2,Needs Attention
3573,1381.2,43.7,0.48,1,2.2,Healthy
3574,4367.6,36.3,1.89,2,3.3,Healthy
3575,5056.3,34.4,4.48,4,12.5,Needs Attention
3576,2913.5,57.1,2.95,2,14.3,Needs Attention
3577,2596.9,46.9,0.64,2,9.9,Healthy
3578,4671.8,49.6,3.12,4,14.9,Needs Attention
3579,6637.3,51.4,2.86,1,15.5,Needs Attention
3580,4214.3,60.9,2.58,4,15.0,Needs Attention
3581,3997.0,67.2,3.54,8,17.3,Needs Attention
3582,8641.3,49.6,0.95,2,8.9,Needs Attention
3583,10483.9,59.6,2.76,3,18.2,Needs Attention
3584,4910.5,65.0,2.37,6,13.9,Needs Attention
3585,8079.8,51.3,1.8,0,5.1,Healthy
3586,4025.2,70.7,1.99,2,9.9,Healthy
3587,3778.3,42.8,0.83,0,2.1,Healthy
3588,1326.9,40.8,2.24,5,12.1,Needs Attention
3589,4724.0,62.2,3.91,3,17.0,Needs Attention
3590,4501.8,46.7,1.08,2,6.2,Healthy
3591,6967.8,58.6,3.17,6,13.1,Critical
3592,1217.3,49.7,1.55,2,7.9,Healthy
3593,7451.3,59.8,2.25,4,16.3,Needs Attention
3594,7137.2,53.1,2.25,6,12.5,Needs Attention
3595,6472.8,61.1,3.54,4,18.3,Critical
3596,3418.5,54.4,0.78,0,2.3,Healthy
3597,2969.5,35.1,0.1,3,8.2,Healthy
3598,2363.6,60.7,2.61,7,18.9,Needs Attention
3599,9941.7,61.7,2.52,5,16.7,Critical
3600,1546.1,39.5,2.6,0,8.6,Healthy
3601,5406.5,53.5,2.33,5,13.9,Needs Attention
3602,6472.6,48.7,1.63,0,4.0,Healthy
3603,2792.3,49.3,1.63,3,3.9,Healthy
3604,6844.9,49.8,1.17,0,5.0,Healthy
3605,2158.2,51.4,1.34,0,0.0,Healthy
3606,6796.5,54.0,3.06,4,17.6,Needs Attention
3607,1350.7,43.2,1.08,1,2.4,Healthy
3608,6695.8,52.8,1.66,4,10.8,Needs Attention
3609,3028.5,51.6,1.0,6,14.2,Needs Attention
3610,6207.7,49.1,1.37,2,6.8,Needs Attention
3611,3444.6,43.8,1.74,1,1.4,Healthy
3612,4558.5,53.8,2.79,0,8.6,Healthy
3613,2206.1,57.8,0.66,4,7.9,Healthy
3614,8077.7,52.9,2.86,3,12.0,Needs Attention
3615,5883.5,62.0,4.08,5,19.4,Critical
3616,7911.6,48.0,0.72,0,0.5,Healthy
3617,898.1,43.0,1.49,2,5.4,Healthy
3618,4098.8,63.5,1.25,2,4.5,Healthy
3619,2100.5,46.8,0.48,0,2.0,Healthy
3620,2621.0,47.9,0.87,0,0.3,Healthy
3621,7436.7,61.7,1.99,3,16.8,Needs Attention
3622,2371.5,55.5,2.42,3,7.6,Needs Attention
3623,7016.0,30.2,1.35,1,4.7,Healthy
3624,9112.7,68.8,2.14,3,6.8,Needs Attention
3625,3348.5,63.8,2.48,5,17.9,Needs Attention
3626,7320.0,45.1,2.21,6,15.0,Needs Attention
3627,5729.2,54.1,2.12,5,13.9,Needs Attention
3628,9663.5,52.8,2.96,5,19.3,Critical
3629,7475.7,30.3,0.85,0,1.0,Healthy
3630,7495.1,52.6,0.93,3,7.9,Needs Attention
3631,2975.1,69.0,2.94,5,18.6,Needs Attention
3632,5000.6,54.9,3.25,3,15.4,Needs Attention
3633,7660.8,47.6,1.78,0,1.9,Healthy
3634,6588.4,60.6,1.99,4,15.3,Needs Attention
3635,7442.4,42.6,2.29,1,13.8,Needs Attention
3636,9623.1,48.1,2.58,5,11.5,Critical
3637,4378.7,30.3,1.81,4,6.3,Needs Attention
3638,7688.6,41.8,2.69,4,10.5,Needs Attention
3639,6023.4,47.1,1.17,3,11.5,Needs Attention
3640,3112.2,41.8,1.42,1,8.8,Healthy
3641,6299.9,49.9,4.42,5,13.5,Needs Attention
3642,7181.3,56.4,2.08,3,11.4,Needs Attention
3643,5984.9,35.9,0.71,0,0.6,Healthy
3644,2961.2,41.2,1.15,3,6.8,Healthy
3645,4105.1,35.5,0.96,0,0.3,Healthy
3646,8814.4,75.4,2.91,6,17.2,Critical
3647,8810.4,44.3,1.68,3,10.3,Needs Attention
3648,5129.8,47.8,3.35,4,18.2,Needs Attention
3649,7554.3,57.2,1.85,5,18.1,Critical
3650,6708.7,39.3,2.8,4,14.2,Critical
3651,6952.6,63.2,2.76,8,19.1,Critical
3652,5798.6,65.4,1.56,3,12.1,Needs Attention
3653,4693.6,57.8,1.99,4,15.4,Needs Attention
3654,9431.2,38.7,3.56,4,19.8,Critical
3655,7789.5,47.4,1.84,0,0.2,Healthy
3656,8442.9,56.6,2.12,1,7.7,Healthy
3657,4017.3,52.4,2.76,0,4.1,Healthy
3658,7190.7,49.1,1.16,1,4.5,Healthy
3659,2539.7,72.8,2.46,5,13.0,Needs Attention
3660,10704.1,53.5,3.31,5,17.4,Critical
3661,8349.4,64.0,0.82,3,15.3,Needs Attention
3662,7961.0,36.2,0.94,0,3.2,Healthy
3663,5126.2,61.1,1.94,0,7.2,Needs Attention
3664,5498.9,53.4,2.19,5,18.6,Critical
3665,2840.7,56.9,1.51,4,16.5,Needs Attention
3666,4053.9,57.3,0.9,6,16.9,Critical
3667,6551.8,20.9,2.35,1,7.5,Healthy
3668,3751.5,41.6,1.66,1,4.4,Healthy
3669,7898.4,67.9,1.67,5,13.3,Critical
3670,5097.8,62.7,1.35,4,10.5,Needs Attention
3671,8464.1,50.1,2.46,3,13.3,Needs Attention
3672,7759.2,52.1,1.26,0,0.2,Healthy
3673,8120.5,33.9,1.28,1,6.2,Healthy
3674,7200.8,59.7,2.37,6,18.1,Critical
3675,7577.0,38.3,2.51,1,10.6,Needs Attention
3676,7085.0,47.5,2.98,1,4.7,Healthy
3677,8791.2,54.3,1.93,4,17.3,Critical
3678,5640.3,58.2,2.6,5,17.7,Needs Attention
3679,6525.0,49.0,1.41,1,9.5,Needs Attention
3680,8815.1,44.6,1.03,1,9.0,Needs Attention
3681,8324.5,33.5,1.78,0,6.0,Healthy
3682,6993.5,58.9,2.89,0,15.0,Needs Attention
3683,7083.9,49.4,2.13,0,5.3,Healthy
3684,3312.5,41.5,2.5,3,9.7,Needs Attention
3685,8201.5,57.2,2.98,3,17.1,Needs Attention
3686,6601.0,51.3,0.96,0,4.4,Needs Attention
3687,4205.0,35.6,1.36,3,8.8,Needs Attention
3688,5712.8,33.2,1.06,4,2.5,Needs Attention
3689,2750.8,41.2,2.72,4,8.1,Healthy
3690,6718.6,40.9,1.76,1,10.8,Needs Attention
3691,4447.0,60.6,2.23,1,15.3,Needs Attention
3692,5305.6,39.0,1.42,1,5.0,Healthy
3693,5802.9,71.4,2.1,2,10.0,Needs Attention
3694,7613.5,67.7,3.02,8,19.9,Critical
3695,1729.9,54.6,1.7,2,13.7,Needs Attention
3696,1228.0,47.8,1.88,1,7.7,Healthy
3697,10880.9,47.0,2.46,2,16.8,Needs Attention
3698,7555.2,38.4,2.43,2,11.1,Healthy
3699,6669.1,28.6,1.89,3,7.3,Needs Attention
3700,1064.6,38.3,1.39,4,14.0,Needs Attention
3701,2855.0,29.3,2.27,2,7.8,Needs Attention
3702,7255.2,68.0,2.81,4,16.3,Critical
3703,7896.6,61.8,2.84,4,17.7,Needs Attention
3704,7124.6,51.2,2.89,5,19.6,Critical
3705,5775.2,61.8,3.79,5,18.7,Needs Attention
3706,5168.1,50.7,2.49,5,16.2,Needs Attention
3707,7671.9,48.2,1.65,1,6.6,Needs Attention
3708,2793.8,41.2,1.98,4,9.0,Needs Attention
3709,2321.7,49.0,0.82,0,0.3,Healthy
3710,5462.8,41.4,2.69,4,13.4,Needs Attention
3711,5612.7,46.6,1.65,6,14.1,Needs Attention
3712,5159.2,36.9,0.1,0,2.8,Healthy
3713,3987.5,58.4,0.39,1,4.8,Needs Attention
3714,2134.8,30.4,2.38,1,4.2,Healthy
3715,2757.2,53.2,1.83,2,14.6,Healthy
3716,7070.2,52.2,0.99,4,12.6,Critical
3717,2349.6,68.5,2.2,3,14.2,Needs Attention
3718,3377.3,57.9,2.16,2,6.3,Needs Attention
3719,4778.5,62.1,0.68,0,0.3,Healthy
3720,4107.6,52.8,2.15,3,12.5,Needs Attention
3721,4644.0,47.8,2.94,4,19.9,Needs Attention
3722,3810.6,46.7,2.68,4,15.4,Needs Attention
3723,573.6,56.2,1.97,1,0.7,Healthy
3724,8012.4,49.6,2.23,3,9.9,Needs Attention
3725,5836.1,52.2,4.06,4,17.9,Needs Attention
3726,6939.7,59.7,2.43,5,12.7,Needs Attention
3727,2120.5,30.0,0.83,1,2.3,Healthy
3728,2495.4,56.8,3.55,3,11.0,Needs Attention
3729,4672.6,51.1,2.6,4,16.0,Needs Attention
3730,2951.1,46.5,2.7,2,7.0,Healthy
3731,9431.1,56.8,1.88,5,10.7,Critical
3732,2010.6,31.6,1.51,1,7.2,Needs Attention
3733,7719.1,57.1,3.68,6,18.5,Critical
3734,9058.3,49.7,2.02,1,9.8,Needs Attention
3735,5151.3,54.1,2.11,4,18.3,Needs Attention
3736,8880.6,36.8,0.1,1,7.7,Needs Attention
3737,3489.6,47.3,0.49,0,1.5,Healthy
3738,8537.7,46.5,1.84,5,16.3,Critical
3739,3878.8,48.5,1.61,1,3.8,Healthy
3740,5786.0,47.7,0.72,1,4.1,Healthy
3741,3617.7,28.8,1.81,2,8.0,Needs Attention
3742,9354.3,53.9,3.23,5,13.9,Needs Attention
3743,2091.4,38.2,2.55,2,10.9,Needs Attention
3744,7621.8,28.7,2.8,3,10.0,Needs Attention
3745,7262.7,58.1,0.56,1,2.9,Healthy
3746,7996.7,48.9,0.89,1,2.9,Healthy
3747,1662.9,40.1,1.54,0,5.8,Healthy
3748,4698.9,47.8,0.92,0,1.3,Healthy
3749,5125.8,51.2,1.11,2,4.3,Healthy
3750,4968.2,40.6,1.54,0,3.9,Healthy
3751,504.8,37.7,1.13,1,0.5,Healthy
3752,3274.0,37.6,1.48,2,5.7,Healthy
3753,5951.5,50.9,1.19,0,9.2,Healthy
3754,3696.4,52.5,3.12,7,19.3,Critical
3755,4919.7,52.8,3.44,6,17.7,Critical
3756,7599.6,62.9,2.99,2,12.6,Needs Attention
3757,8856.6,54.6,1.36,1,7.0,Needs Attention
3758,8873.3,55.4,2.56,4,14.8,Needs Attention
3759,3522.2,43.3,1.85,0,4.5,Healthy
3760,1255.6,36.8,1.48,1,5.3,Healthy
3761,6843.1,59.0,3.16,5,17.0,Needs Attention
3762,7349.9,50.3,1.75,2,7.7,Needs Attention
3763,3829.6,45.3,0.93,2,1.7,Healthy
3764,932.7,58.5,1.11,3,11.5,Healthy
3765,3665.7,39.5,1.94,0,4.7,Healthy
3766,7909.9,34.3,1.3,2,4.8,Needs Attention
3767,3876.8,45.9,2.1,3,6.5,Needs Attention
3768,3878.8,24.8,1.15,1,0.9,Healthy
3769,7324.3,44.4,3.07,7,15.8,Needs Attention
3770,7024.5,75.6,2.9,4,11.9,Needs Attention
3771,6137.0,44.3,1.95,0,5.2,Healthy
3772,9614.7,72.6,1.29,5,18.3,Critical
3773,5568.5,44.6,1.9,2,8.2,Needs Attention
3774,7996.5,47.9,1.22,0,2.4,Healthy
3775,1177.9,48.2,0.99,0,2.1,Healthy
3776,3219.7,47.5,1.67,0,4.9,Healthy
3777,9028.8,66.6,3.19,5,18.6,Critical
3778,2030.7,56.2,3.05,3,5.8,Healthy
3779,8486.1,37.1,1.83,2,5.1,Needs Attention
3780,8266.5,62.5,3.51,5,16.9,Critical
3781,9046.4,47.7,2.1,2,10.4,Needs Attention
3782,7124.4,41.3,0.98,0,2.9,Healthy
3783,951.8,66.1,2.69,8,15.9,Critical
3784,2107.5,47.6,0.44,2,2.1,Healthy
3785,7221.7,50.4,2.01,5,12.0,Needs Attention
3786,2615.8,37.1,1.57,1,15.3,Needs Attention
3787,2540.2,56.0,0.92,1,4.8,Healthy
3788,5399.4,57.0,3.67,1,13.3,Needs Attention
3789,8037.2,39.3,0.93,0,1.0,Healthy
3790,6600.1,41.8,3.23,4,9.0,Needs Attention
3791,2331.4,49.1,3.1,6,18.4,Critical
3792,8261.7,58.8,2.23,4,12.1,Needs Attention
3793,8577.7,41.8,2.94,3,18.4,Needs Attention
3794,6852.3,69.5,4.0,2,14.7,Needs Attention
3795,7900.1,52.8,2.25,2,12.1,Needs Attention
3796,5521.0,38.8,0.37,0,0.0,Healthy
3797,3595.3,63.4,1.97,5,19.2,Needs Attention
3798,3860.1,49.6,1.65,4,9.8,Needs Attention
3799,3974.7,52.0,2.03,7,17.9,Critical
3800,4945.9,70.8,3.17,7,19.9,Critical
3801,7885.7,58.9,1.48,1,7.2,Healthy
3802,5175.7,61.8,2.43,3,4.2,Needs Attention
3803,2676.0,36.7,0.93,0,1.7,Healthy
3804,3112.9,69.1,2.69,3,15.3,Needs Attention
3805,1657.4,54.4,1.01,0,3.4,Healthy
3806,7272.9,55.7,2.69,5,14.1,Critical
3807,10444.8,53.9,2.48,7,19.7,Critical
3808,5774.6,51.1,1.61,6,18.9,Critical
3809,8214.6,32.3,1.31,0,4.6,Healthy
3810,9357.2,57.3,2.21,4,12.8,Needs Attention
3811,2287.0,49.9,0.3,1,5.3,Healthy
3812,6095.8,40.4,2.79,2,7.1,Needs Attention
3813,3074.0,70.3,2.86,1,11.1,Needs Attention
3814,5310.4,44.3,3.29,2,11.8,Needs Attention
3815,8028.0,41.0,1.0,2,6.4,Needs Attention
3816,7044.0,39.8,2.39,3,17.8,Healthy
3817,6713.0,42.4,3.72,5,19.8,Critical
3818,6901.8,38.2,1.77,0,9.8,Needs Attention
3819,9172.3,50.9,1.73,4,11.6,Needs Attention
3820,8302.0,50.3,1.28,1,5.4,Healthy
3821,10257.8,49.0,3.45,6,15.4,Critical
3822,3221.6,62.9,1.92,1,12.7,Healthy
3823,7951.4,64.8,1.94,3,12.1,Needs Attention
3824,7208.7,58.9,3.53,7,17.0,Critical
3825,8739.0,59.9,3.55,6,14.4,Critical
3826,11196.1,54.9,2.93,4,18.1,Critical
3827,3435.4,43.3,1.19,3,2.3,Healthy
3828,3758.3,66.7,2.17,6,17.3,Critical
3829,9258.7,53.2,2.3,7,15.7,Critical
3830,3602.1,41.5,3.18,0,5.1,Healthy
3831,8001.3,40.6,1.23,3,0.4,Needs Attention
3832,7061.3,44.1,2.46,3,10.6,Needs Attention
3833,5469.4,42.0,1.37,0,3.5,Healthy
3834,8491.8,47.2,3.72,2,17.4,Needs Attention
3835,4225.8,52.8,2.35,4,14.4,Needs Attention
3836,5223.0,45.0,1.44,2,5.0,Healthy
3837,4216.4,55.0,1.51,5,11.9,Needs Attention
3838,7380.2,45.6,1.88,3,3.7,Healthy
3839,4823.3,32.2,0.99,0,5.6,Healthy
3840,7712.7,42.5,2.75,1,5.3,Needs Attention
3841,7160.6,45.8,1.78,4,15.2,Needs Attention
3842,2063.3,46.2,1.19,3,9.9,Healthy
3843,2865.1,47.8,1.8,2,9.4,Healthy
3844,4598.2,34.2,1.6,2,2.5,Healthy
3845,6983.7,58.6,2.92,3,11.8,Needs Attention
3846,7243.8,38.0,2.98,6,17.3,Critical
3847,6326.7,55.6,1.63,6,16.9,Critical
3848,4634.6,51.7,2.08,3,5.5,Healthy
3849,7973.5,30.3,2.27,0,1.1,Healthy
3850,8388.6,61.4,3.21,1,15.7,Needs Attention
3851,6449.5,38.4,1.17,3,5.3,Healthy
3852,7269.2,47.2,1.32,4,4.2,Healthy
3853,6642.3,49.6,2.82,2,15.6,Needs Attention
3854,8716.8,75.3,2.76,3,13.4,Needs Attention
3855,3949.0,41.6,1.32,0,8.5,Healthy
3856,5219.6,54.6,1.26,5,6.1,Needs Attention
3857,3976.1,56.3,1.75,4,12.1,Needs Attention
3858,3977.1,56.0,1.48,3,8.4,Healthy
3859,3974.7,55.1,2.86,6,16.1,Critical
3860,849.1,40.4,2.37,0,2.8,Healthy
3861,6565.1,36.4,1.1,1,4.2,Healthy
3862,1898.2,47.3,2.07,4,11.0,Needs Attention
3863,2834.3,29.0,1.55,2,8.4,Needs Attention
3864,1502.4,55.5,1.97,8,11.8,Needs Attention
3865,4467.7,58.0,3.37,4,12.1,Needs Attention
3866,4618.1,47.7,1.76,0,4.2,Healthy
3867,3723.8,48.4,3.29,4,9.6,Needs Attention
3868,6881.3,39.9,1.72,0,2.7,Healthy
3869,5549.9,48.4,2.83,2,8.5,Needs Attention
3870,8888.5,61.0,1.73,7,19.1,Critical
3871,1578.1,32.0,1.24,0,1.6,Healthy
3872,251.0,31.0,0.46,0,1.0,Healthy
3873,2265.3,53.9,1.82,7,15.0,Critical
3874,1373.6,53.2,2.8,3,9.2,Needs Attention
3875,4707.0,44.2,1.91,0,7.3,Needs Attention
3876,1128.1,36.7,3.62,4,13.2,Needs Attention
3877,556.1,32.3,1.26,1,1.2,Healthy
3878,10212.2,50.7,2.95,6,19.0,Critical
3879,7195.8,49.2,0.23,2,4.3,Healthy
3880,1843.7,54.9,2.5,0,3.4,Healthy
3881,4929.2,52.1,2.19,6,19.7,Critical
3882,9356.5,64.2,1.03,6,17.1,Needs Attention
3883,6405.5,33.9,1.44,2,0.6,Needs Attention
3884,9661.1,57.3,1.81,4,12.2,Needs Attention
3885,4857.7,56.2,2.51,4,14.1,Needs Attention
3886,4744.1,61.9,3.88,5,17.8,Needs Attention
3887,7995.6,50.9,2.68,7,17.5,Critical
3888,6429.9,44.3,0.94,1,3.2,Healthy
3889,4245.5,50.1,1.24,0,1.5,Healthy
3890,962.2,54.5,1.14,3,6.5,Healthy
3891,3724.3,37.1,0.1,1,2.9,Healthy
3892,7902.1,57.5,3.83,4,13.4,Needs Attention
3893,5999.7,38.0,1.16,0,1.3,Healthy
3894,2058.8,49.8,3.06,4,13.1,Needs Attention
3895,5652.6,63.1,2.38,7,15.7,Critical
3896,2145.5,60.9,2.82,4,8.6,Needs Attention
3897,3200.7,43.6,2.17,0,9.5,Healthy
3898,5237.7,51.0,0.96,1,8.7,Healthy
3899,8174.4,36.5,1.46,0,4.1,Healthy
3900,8217.3,58.0,0.96,2,8.5,Needs Attention
3901,8504.8,57.0,1.81,5,11.9,Needs Attention
3902,5504.0,50.4,1.26,2,1.8,Healthy
3903,3000.3,26.6,1.59,0,0.8,Healthy
3904,1387.3,56.4,0.84,0,4.8,Healthy
3905,5176.0,64.0,2.53,6,15.1,Needs Attention
3906,8433.3,44.9,2.59,3,7.7,Needs Attention
3907,7358.9,56.4,0.97,0,3.6,Healthy
3908,9779.4,66.2,3.5,7,18.6,Critical
3909,1276.8,30.6,2.07,5,5.8,Needs Attention
3910,6514.5,49.9,0.79,1,4.8,Healthy
3911,5345.1,46.4,1.24,1,13.0,Healthy
3912,3814.4,41.5,1.53,0,4.9,Healthy
3913,2358.3,60.5,1.63,0,4.9,Needs Attention
3914,7558.1,46.3,0.83,1,0.1,Healthy
3915,3188.6,48.1,1.69,1,9.8,Needs Attention
3916,7439.1,57.9,2.54,2,10.0,Needs Attention
3917,1028.0,51.7,2.1,0,7.4,Healthy
3918,6227.8,45.6,0.64,2,6.9,Needs Attention
3919,7552.9,54.2,2.07,5,15.0,Needs Attention
3920,2768.3,67.8,3.91,5,19.5,Needs Attention
3921,7345.9,41.1,2.01,3,15.5,Needs Attention
3922,7845.2,35.0,1.73,3,7.4,Needs Attention
3923,2966.5,65.9,3.13,5,16.3,Needs Attention
3924,4781.0,57.6,3.02,6,17.9,Critical
3925,5412.2,69.3,1.69,6,14.8,Critical
3926,1472.7,54.0,1.48,0,6.4,Healthy
3927,3436.3,51.3,2.1,2,8.2,Needs Attention
3928,5944.2,51.8,1.63,2,10.4,Needs Attention
3929,96.2,59.5,0.34,0,0.3,Healthy
3930,1786.9,43.6,1.64,3,10.0,Needs Attention
3931,8639.9,54.1,0.1,3,7.1,Needs Attention
3932,1833.1,54.7,2.96,2,11.3,Needs Attention
3933,4075.3,64.6,2.32,4,13.8,Needs Attention
3934,8680.4,30.5,2.6,5,10.5,Needs Attention
3935,9089.5,68.7,1.6,5,18.0,Critical
3936,5738.4,35.6,1.26,2,3.4,Needs Attention
3937,5225.0,42.9,1.28,1,2.0,Healthy
3938,4386.3,57.3,0.1,2,0.1,Healthy
3939,9637.9,55.1,2.96,3,18.9,Critical
3940,654.5,43.3,0.67,0,2.7,Healthy
3941,6288.5,48.4,1.77,0,6.4,Healthy
3942,4983.4,48.4,1.04,0,4.2,Healthy
3943,4949.5,61.9,2.33,4,10.5,Needs Attention
3944,6529.7,57.0,1.03,3,8.8,Needs Attention
3945,8777.5,49.1,1.82,4,12.0,Needs Attention
3946,5813.8,64.8,2.88,4,17.3,Needs Attention
3947,7898.4,53.0,3.19,3,17.9,Needs Attention
3948,3899.1,63.3,3.23,3,16.8,Needs Attention
3949,5290.8,46.3,1.28,3,12.2,Needs Attention
3950,6601.6,51.0,1.37,0,6.3,Healthy
3951,1457.7,43.1,1.35,2,4.7,Healthy
3952,4714.6,65.8,2.08,2,10.0,Needs Attention
3953,3881.5,63.2,1.33,1,11.2,Needs Attention
3954,3196.1,37.7,1.27,0,0.1,Healthy
3955,3735.0,63.6,1.84,1,8.7,Needs Attention
3956,5821.0,71.2,3.01,5,17.5,Critical
3957,9037.4,67.6,3.78,2,13.1,Critical
3958,5666.2,40.7,0.11,0,2.6,Healthy
3959,8168.1,43.7,1.09,0,2.2,Healthy
3960,8716.8,43.6,1.52,0,8.1,Needs Attention
3961,3003.3,55.9,2.39,1,8.1,Needs Attention
3962,8368.1,43.0,2.03,0,6.8,Healthy
3963,8051.3,47.4,0.94,2,1.6,Healthy
3964,4761.8,52.6,3.26,4,14.4,Needs Attention
3965,3926.1,55.1,1.2,2,6.9,Healthy
3966,3756.2,67.7,3.63,4,18.5,Critical
3967,3384.1,50.0,1.71,0,12.9,Needs Attention
3968,6072.0,55.6,1.42,2,10.0,Needs Attention
3969,3321.7,48.1,1.2,1,7.9,Needs Attention
3970,3642.4,46.2,1.18,0,0.2,Healthy
3971,5520.4,53.4,2.43,0,10.2,Healthy
3972,8032.7,46.6,1.77,1,9.4,Needs Attention
3973,4914.4,47.2,4.36,2,11.4,Needs Attention
3974,6434.4,40.0,0.49,1,2.9,Healthy
3975,2649.7,53.4,2.75,3,13.0,Healthy
3976,2895.8,49.7,1.25,2,5.4,Healthy
3977,3351.4,47.8,1.4,2,1.4,Healthy
3978,4556.9,43.3,0.97,3,4.3,Healthy
3979,8840.0,51.3,2.9,4,12.8,Needs Attention
3980,2867.3,37.7,1.18,0,2.6,Healthy
3981,8144.3,50.5,2.91,3,15.8,Needs Attention
3982,7669.4,41.8,1.88,5,12.4,Needs Attention
3983,3170.1,57.7,1.51,4,10.9,Healthy
3984,3430.4,37.0,0.89,0,0.4,Healthy
3985,11166.0,55.9,3.46,3,16.6,Needs Attention
3986,2891.3,57.1,2.39,5,15.5,Needs Attention
3987,5522.2,58.6,1.16,3,17.2,Needs Attention
3988,6739.1,58.4,0.45,4,12.2,Needs Attention
3989,2922.0,47.8,0.9,3,2.5,Healthy
3990,8579.5,45.5,3.2,4,17.7,Needs Attention
3991,6783.1,74.3,4.37,4,18.5,Critical
3992,7166.0,39.9,1.1,0,1.5,Healthy
3993,1475.0,43.1,2.28,0,3.9,Healthy
3994,8488.1,42.1,2.2,1,5.4,Healthy
3995,9462.0,46.2,1.1,5,11.5,Needs Attention
3996,3871.9,50.1,1.28,4,8.3,Healthy
3997,3155.3,52.5,2.57,6,18.8,Needs Attention
3998,8523.4,48.0,1.28,2,8.6,Needs Attention
3999,2448.1,42.0,1.88,1,5.4,Healthy
4000,6529.1,45.6,1.64,1,8.4,Healthy
4001,6719.9,57.1,1.87,1,6.0,Healthy
4002,8918.4,51.7,2.32,6,15.7,Needs Attention
4003,6047.1,64.4,2.25,6,19.0,Critical
4004,1347.9,54.8,1.47,5,10.9,Needs Attention
4005,3257.0,44.4,1.97,2,7.6,Needs Attention
4006,3194.2,51.4,1.36,1,9.2,Healthy
4007,5562.3,46.2,0.97,0,4.1,Healthy
4008,8099.2,74.4,2.74,2,16.5,Needs Attention
4009,5641.9,48.1,2.36,1,9.0,Healthy
4010,9573.4,55.8,2.72,5,13.7,Needs Attention
4011,7974.7,50.0,2.55,4,8.8,Needs Attention
4012,3931.3,36.6,2.11,2,4.3,Healthy
4013,8078.3,47.9,3.19,3,10.7,Needs Attention
4014,5041.7,48.9,2.36,3,12.8,Needs Attention
4015,4811.7,65.5,4.63,6,18.1,Critical
4016,7227.4,49.5,2.43,3,14.5,Needs Attention
4017,1704.7,62.3,2.93,5,12.0,Needs Attention
4018,2776.8,53.1,2.41,2,11.3,Needs Attention
4019,8174.8,60.7,2.09,4,12.5,Needs Attention
4020,7354.2,29.0,1.2,0,1.6,Healthy
4021,7108.6,34.5,0.1,3,0.0,Needs Attention
4022,5009.0,37.5,0.12,0,0.2,Healthy
4023,739.7,51.4,1.43,0,1.2,Healthy
4024,6873.4,61.5,2.29,5,13.7,Needs Attention
4025,3391.7,71.7,3.51,5,18.6,Critical
4026,1967.9,57.8,1.83,2,12.5,Needs Attention
4027,2590.1,51.9,2.56,2,8.5,Healthy
4028,748.6,45.1,1.9,6,10.5,Needs Attention
4029,5325.8,45.1,1.25,0,2.1,Healthy
4030,6190.6,60.4,2.94,4,15.2,Critical
4031,1962.0,37.9,1.55,2,5.0,Healthy
4032,1586.6,38.6,1.93,0,0.1,Healthy
4033,7608.7,66.6,2.24,6,17.9,Critical
4034,7407.4,65.1,2.4,2,10.4,Needs Attention
4035,4538.9,38.3,2.45,0,10.1,Needs Attention
4036,8976.5,70.0,2.34,7,18.7,Critical
4037,9131.2,53.3,2.87,3,14.9,Needs Attention
4038,6544.3,40.2,1.75,0,7.6,Healthy
4039,282.5,28.7,0.99,0,0.2,Healthy
4040,1786.3,33.1,0.59,0,3.5,Healthy
4041,5819.6,44.2,1.63,0,3.9,Needs Attention
4042,4895.9,34.8,1.49,2,3.1,Healthy
4043,4209.1,35.0,0.46,3,13.7,Needs Attention
4044,3842.5,37.1,2.89,4,15.9,Needs Attention
4045,1357.9,39.1,1.5,0,1.4,Healthy
4046,695.6,31.4,1.68,0,2.1,Healthy
4047,1140.8,43.8,2.0,0,6.3,Healthy
4048,8578.4,57.7,1.81,7,16.5,Critical
4049,809.6,44.1,0.88,0,0.1,Healthy
4050,9794.0,51.1,3.35,4,13.0,Needs Attention
4051,7420.9,29.6,2.05,1,3.5,Needs Attention
4052,3300.6,39.3,2.02,4,14.3,Healthy
4053,6114.8,51.9,2.01,3,11.4,Needs Attention
4054,8744.1,53.8,1.28,7,16.2,Critical
4055,6218.3,37.7,1.14,0,7.1,Healthy
4056,4799.7,56.5,2.58,5,15.0,Needs Attention
4057,1534.7,49.2,3.08,3,16.2,Needs Attention
4058,1225.8,56.9,1.9,2,11.3,Healthy
4059,2974.8,39.5,1.56,2,6.5,Healthy
4060,7499.5,65.0,3.63,4,17.0,Critical
4061,5912.0,46.3,1.63,0,1.6,Healthy
4062,6416.0,59.8,3.8,4,13.9,Critical
4063,1690.7,43.4,1.94,0,7.2,Healthy
4064,2390.3,36.9,0.63,0,2.4,Healthy
4065,3044.1,56.8,1.86,1,7.9,Healthy
4066,5135.8,54.0,3.37,5,16.8,Critical
4067,4646.6,45.7,3.94,7,19.1,Critical
4068,1346.1,34.1,1.9,0,2.0,Healthy
4069,7869.4,71.9,2.55,5,19.3,Needs Attention
4070,6175.3,43.7,3.68,6,19.0,Critical
4071,3002.4,34.0,0.63,0,0.0,Healthy
4072,3247.7,50.1,2.84,2,15.3,Needs Attention
4073,3270.5,57.8,3.3,9,16.0,Critical
4074,6888.4,47.8,1.82,4,14.7,Needs Attention
4075,523.0,50.6,1.28,1,2.8,Healthy
4076,3550.3,45.0,0.78,4,5.7,Needs Attention
4077,9381.9,42.0,3.45,6,18.7,Critical
4078,9664.2,32.6,2.46,4,12.6,Needs Attention
4079,1905.2,54.7,1.72,3,9.0,Healthy
4080,4270.7,53.7,1.39,0,1.1,Healthy
4081,3513.3,43.9,0.92,1,1.2,Healthy
4082,2193.9,44.6,2.0,2,9.0,Healthy
4083,8518.8,35.1,1.21,0,4.9,Healthy
4084,8370.2,70.9,2.96,6,17.0,Critical
4085,9301.2,54.8,0.61,3,13.0,Needs Attention
4086,5508.5,66.7,4.11,6,18.8,Critical
4087,7907.6,77.7,2.32,5,13.6,Critical
4088,4695.8,41.0,1.46,0,0.3,Healthy
4089,7909.1,51.1,3.71,1,10.6,Needs Attention
4090,3687.8,56.3,2.42,6,16.7,Critical
4091,9123.7,68.7,2.23,7,16.2,Critical
4092,1029.0,38.9,0.58,0,4.5,Healthy
4093,3002.0,53.0,1.89,2,13.8,Needs Attention
4094,6005.1,57.5,4.29,6,19.6,Critical
4095,5131.3,45.2,2.02,0,6.2,Healthy
4096,5022.0,51.9,2.43,2,7.5,Needs Attention
4097,8551.8,34.7,0.49,1,4.4,Healthy
4098,7368.7,55.2,2.57,4,8.2,Needs Attention
4099,7601.9,42.0,2.22,2,10.4,Needs Attention
4100,9177.3,72.0,2.33,5,18.7,Critical
4101,6554.9,42.7,2.55,2,8.8,Needs Attention
4102,6477.5,54.1,1.66,3,6.9,Needs Attention
4103,3525.1,64.4,2.62,5,18.5,Critical
4104,10716.1,75.6,1.05,7,19.3,Critical
4105,5923.9,59.2,2.32,4,10.7,Needs Attention
4106,1404.8,51.1,0.74,3,11.0,Needs Attention
4107,1985.7,48.2,2.28,2,10.6,Healthy
4108,7927.5,61.2,3.43,9,19.0,Critical
4109,3606.9,39.1,1.75,4,10.9,Needs Attention
4110,5943.0,47.9,2.51,6,15.3,Needs Attention
4111,3206.0,37.5,3.23,5,14.8,Critical
4112,7131.3,38.3,0.52,0,8.1,Healthy
4113,5637.3,62.1,3.0,4,11.2,Needs Attention
4114,4338.3,35.4,2.62,0,4.0,Healthy
4115,4377.9,48.6,0.85,2,3.1,Healthy
4116,4768.9,31.4,1.04,0,0.6,Healthy
4117,5624.7,39.5,1.84,2,6.6,Needs Attention
4118,2945.9,57.6,4.12,5,19.1,Needs Attention
4119,3629.6,51.4,2.74,2,19.3,Needs Attention
4120,7475.7,60.2,2.43,3,16.6,Needs Attention
4121,786.1,37.2,1.04,3,0.7,Healthy
4122,2620.2,51.5,2.28,6,17.3,Critical
4123,9042.4,51.9,1.74,3,10.9,Needs Attention
4124,7240.6,53.3,2.06,2,8.3,Needs Attention
4125,4236.6,34.7,0.47,3,7.2,Healthy
4126,6787.8,44.4,0.99,0,4.9,Healthy
4127,5527.5,46.4,1.94,6,9.9,Needs Attention
4128,6777.4,56.4,1.93,3,10.3,Needs Attention
4129,2267.5,42.8,1.17,0,2.6,Healthy
4130,8029.0,45.6,1.8,3,12.4,Needs Attention
4131,1688.6,58.8,1.18,1,4.2,Healthy
4132,5793.7,47.4,2.18,5,12.5,Needs Attention
4133,7295.3,46.4,2.74,4,17.1,Needs Attention
4134,1176.2,36.3,1.51,3,1.6,Healthy
4135,4434.8,49.2,1.79,5,8.1,Needs Attention
4136,6485.4,62.7,0.79,0,9.9,Healthy
4137,3371.3,59.6,2.16,2,19.1,Needs Attention
4138,1904.0,47.4,2.5,3,13.5,Needs Attention
4139,6383.6,45.1,1.31,6,12.0,Needs Attention
4140,3773.4,44.0,2.1,2,6.6,Healthy
4141,7483.3,37.6,0.1,0,3.9,Healthy
4142,9079.8,57.3,1.03,5,14.1,Critical
4143,8592.6,53.0,2.01,3,3.9,Healthy
4144,8011.8,41.0,2.13,4,17.3,Needs Attention
4145,1969.3,66.3,3.09,4,18.9,Needs Attention
4146,5669.4,60.2,2.96,7,18.4,Critical
4147,6162.8,78.0,2.55,5,18.8,Critical
4148,4461.2,37.2,2.17,1,4.7,Healthy
4149,4834.7,50.6,2.21,1,19.0,Needs Attention
4150,2520.5,64.0,2.47,3,16.2,Healthy
4151,7936.0,39.2,1.53,0,4.1,Healthy
4152,4982.6,37.8,2.32,0,5.4,Healthy
4153,2812.0,48.0,2.53,1,11.3,Healthy
4154,7539.8,43.0,2.23,3,13.7,Needs Attention
4155,1308.2,43.2,1.31,2,8.2,Healthy
4156,7221.4,41.3,2.42,4,12.3,Needs Attention
4157,8770.7,38.4,1.54,2,8.3,Needs Attention
4158,3815.5,60.3,3.68,5,14.4,Needs Attention
4159,10301.6,70.1,2.46,5,19.0,Critical
4160,7398.8,55.2,2.68,4,19.6,Critical
4161,2429.3,44.6,2.71,1,4.6,Healthy
4162,6470.7,33.2,2.73,3,13.7,Needs Attention
4163,3722.4,46.2,2.3,2,6.3,Healthy
4164,3090.6,49.3,0.9,5,9.3,Healthy
4165,249.9,46.5,1.35,3,3.3,Healthy
4166,4313.1,35.4,0.82,2,8.0,Healthy
4167,1579.5,63.0,2.51,4,16.1,Needs Attention
4168,4841.1,29.6,2.66,0,8.5,Healthy
4169,4616.6,56.8,2.28,4,16.1,Critical
4170,8268.6,70.1,1.78,4,9.0,Needs Attention
4171,3381.1,51.8,1.49,0,1.1,Healthy
4172,3889.8,32.7,1.91,0,3.6,Healthy
4173,5420.8,42.9,0.68,0,2.5,Healthy
4174,7173.0,39.8,0.42,2,1.0,Healthy
4175,9522.3,64.1,4.18,2,16.5,Critical
4176,8736.8,55.6,2.33,4,10.7,Healthy
4177,6657.6,46.4,0.52,1,5.7,Healthy
4178,4385.3,71.8,3.55,4,17.4,Needs Attention
4179,6032.6,38.1,0.59,0,5.4,Healthy
4180,5314.4,46.3,1.15,1,7.0,Needs Attention
4181,6457.0,57.8,2.19,7,19.3,Critical
4182,7826.4,58.4,0.67,1,3.3,Needs Attention
4183,1879.1,37.2,0.72,2,6.8,Needs Attention
4184,4376.6,58.5,3.92,8,17.6,Critical
4185,4631.5,63.1,1.93,6,17.8,Critical
4186,5101.2,30.9,2.78,0,4.9,Healthy
4187,8845.5,48.1,1.17,2,8.8,Healthy
4188,3948.6,34.6,1.03,0,4.8,Healthy
4189,4561.3,64.4,1.27,2,13.6,Needs Attention
4190,4651.7,45.2,3.24,2,13.6,Needs Attention
4191,4148.5,51.0,2.76,2,9.0,Healthy
4192,7034.3,39.9,2.34,3,5.0,Healthy
4193,8357.5,35.6,1.36,1,5.0,Needs Attention
4194,1386.0,48.1,1.25,2,4.7,Healthy
4195,8410.8,36.1,2.27,3,8.0,Needs Attention
4196,8346.4,62.3,3.4,6,19.6,Critical
4197,4281.8,58.2,2.51,2,6.8,Healthy
4198,5898.3,41.3,1.2,2,0.1,Healthy
4199,2131.1,53.4,3.49,4,9.8,Needs Attention
4200,6023.1,52.1,2.08,3,11.1,Needs Attention
4201,3434.0,35.1,0.67,0,2.3,Healthy
4202,1072.7,30.0,0.66,0,1.4,Healthy
4203,1075.0,37.5,2.53,4,10.7,Healthy
4204,5818.4,57.6,0.77,0,6.6,Healthy
4205,5731.4,42.2,1.79,2,6.4,Healthy
4206,6729.2,52.4,2.8,3,14.3,Needs Attention
4207,123.3,39.8,1.57,1,0.9,Healthy
4208,1259.6,59.8,2.75,4,17.0,Needs Attention
4209,7340.0,53.1,3.42,7,16.1,Critical
4210,2225.2,41.5,1.0,1,4.0,Healthy
4211,6168.1,24.7,0.55,0,0.6,Healthy
4212,6160.2,58.6,1.73,5,17.8,Needs Attention
4213,3943.2,51.1,1.66,1,8.0,Healthy
4214,9399.8,76.2,2.66,4,11.3,Needs Attention
4215,8278.3,56.3,1.63,0,6.7,Needs Attention
4216,4757.5,47.4,2.85,4,12.9,Needs Attention
4217,2899.4,51.7,2.6,1,11.4,Healthy
4218,8126.0,47.8,3.37,6,13.9,Critical
4219,8102.0,58.3,4.65,4,19.5,Critical
4220,3695.5,43.4,0.34,0,1.2,Healthy
4221,2452.9,38.8,1.94,3,4.5,Healthy
4222,9114.9,60.5,3.66,4,12.8,Critical
4223,7535.0,71.3,2.91,3,15.1,Needs Attention
4224,4075.7,80.7,2.67,3,13.9,Needs Attention
4225,2936.5,50.7,2.22,4,10.4,Needs Attention
4226,6487.8,61.1,2.7,2,8.9,Healthy
4227,6764.4,29.6,1.57,0,2.9,Healthy
4228,7195.7,40.9,1.28,2,10.6,Needs Attention
4229,1699.0,47.6,3.44,4,14.2,Critical
4230,4427.2,54.9,1.02,0,3.7,Healthy
4231,3916.7,38.6,1.25,0,2.1,Healthy
4232,6077.5,58.0,2.35,3,16.9,Needs Attention
4233,2984.1,63.9,2.29,3,13.8,Needs Attention
4234,3846.4,47.6,2.96,4,17.7,Needs Attention
4235,2526.5,48.3,2.6,5,13.3,Critical
4236,8989.1,57.2,1.64,5,15.6,Critical
4237,2469.7,48.6,1.82,4,7.3,Needs Attention
4238,1112.0,57.0,3.39,4,13.1,Needs Attention
4239,7535.8,50.7,4.07,3,11.5,Needs Attention
4240,2189.2,40.4,3.2,3,9.5,Needs Attention
4241,4740.4,45.1,0.77,1,0.1,Healthy
4242,10366.2,51.8,2.36,5,15.9,Needs Attention
4243,5090.0,50.4,2.88,5,15.3,Needs Attention
4244,9158.0,58.3,1.39,0,11.1,Needs Attention
4245,4380.8,39.2,1.45,3,11.1,Needs Attention
4246,2423.6,36.8,1.33,1,6.6,Healthy
4247,7886.1,47.2,1.36,0,3.1,Healthy
4248,4576.0,59.6,2.63,3,18.8,Critical
4249,4815.4,42.9,0.89,0,1.4,Healthy
4250,7663.1,59.1,3.37,5,16.4,Critical
4251,5011.8,48.2,1.87,3,14.1,Needs Attention
4252,1309.1,31.8,1.65,0,1.1,Healthy
4253,2901.5,34.6,0.81,1,10.3,Healthy
4254,6453.9,48.4,3.21,3,19.2,Needs Attention
4255,10505.3,56.8,3.55,6,19.6,Critical
4256,7419.7,50.5,3.48,3,9.3,Needs Attention
4257,9965.8,51.8,2.86,5,19.0,Critical
4258,5889.8,47.6,3.01,7,16.8,Needs Attention
4259,2010.0,55.6,1.61,1,9.9,Healthy
4260,10286.8,60.7,2.12,2,17.3,Critical
4261,9350.9,49.5,2.95,5,18.1,Critical
4262,5679.9,54.7,2.3,0,6.8,Healthy
4263,6223.1,59.5,3.12,3,15.7,Needs Attention
4264,7049.3,54.0,2.03,3,13.9,Needs Attention
4265,4209.5,45.8,1.26,1,5.8,Healthy
4266,8743.5,43.1,2.42,2,12.4,Needs Attention
4267,8412.2,49.0,2.38,0,10.1,Healthy
4268,3234.2,46.1,1.6,1,9.1,Healthy
4269,6739.9,43.1,2.47,6,9.0,Needs Attention
4270,5105.4,38.3,3.25,4,15.2,Needs Attention
4271,2845.3,39.7,1.62,0,1.1,Healthy
4272,8986.3,59.1,2.74,2,12.7,Needs Attention
4273,1802.0,45.3,1.39,0,4.2,Healthy
4274,5465.9,46.4,2.01,5,10.7,Needs Attention
4275,7804.9,24.7,1.85,3,4.9,Needs Attention
4276,7544.4,65.1,1.81,4,17.2,Critical
4277,4755.0,35.4,1.92,0,0.1,Healthy
4278,8914.3,43.3,2.39,2,12.1,Needs Attention
4279,7500.7,49.5,3.41,5,14.7,Critical
4280,5178.8,31.5,0.12,0,1.6,Healthy
4281,5754.8,41.6,0.7,5,6.4,Healthy
4282,9439.1,60.7,2.01,1,10.6,Needs Attention
4283,1606.6,42.2,2.32,0,1.9,Healthy
4284,7814.6,58.4,1.82,2,7.0,Needs Attention
4285,2703.3,31.3,2.76,6,13.9,Needs Attention
4286,7101.2,61.4,2.44,2,9.3,Needs Attention
4287,4312.3,42.2,1.18,1,4.1,Healthy
4288,7353.7,58.9,2.16,2,7.8,Healthy
4289,6257.3,47.7,2.47,0,4.2,Healthy
4290,1801.0,38.5,1.21,2,6.6,Healthy
4291,1862.6,36.3,0.15,0,2.6,Healthy
4292,8210.1,54.7,1.56,5,12.7,Needs Attention
4293,5375.4,69.4,2.23,4,14.5,Needs Attention
4294,5273.3,53.8,2.14,3,7.3,Needs Attention
4295,9448.3,54.2,1.94,2,11.2,Needs Attention
4296,7262.0,55.8,3.68,7,15.4,Critical
4297,6678.7,62.9,2.58,4,14.3,Needs Attention
4298,1911.2,49.7,1.38,3,12.6,Needs Attention
4299,7547.0,31.8,0.43,0,8.2,Needs Attention
4300,6146.4,54.5,1.85,2,7.9,Needs Attention
4301,6610.6,59.6,1.54,2,8.0,Healthy
4302,3658.1,73.6,0.58,7,15.2,Critical
4303,2766.4,40.8,1.18,3,11.0,Needs Attention
4304,2559.2,35.2,0.99,2,2.6,Healthy
4305,1284.1,54.7,2.66,5,15.5,Needs Attention
4306,6300.9,49.9,1.88,1,6.7,Needs Attention
4307,5295.2,55.6,2.11,4,12.7,Needs Attention
4308,7808.4,50.2,2.65,6,18.0,Critical
4309,1319.3,55.7,1.34,2,11.0,Healthy
4310,8029.2,51.9,1.76,1,2.4,Healthy
4311,2975.2,34.3,1.51,0,2.9,Healthy
4312,4252.1,57.1,3.17,1,3.9,Healthy
4313,2461.9,61.1,3.62,3,14.4,Needs Attention
4314,4725.1,56.2,1.28,0,0.5,Healthy
4315,7878.1,40.8,1.8,0,6.2,Healthy
4316,6467.2,40.5,2.82,0,4.4,Healthy
4317,4536.2,48.1,2.43,4,12.9,Needs Attention
4318,6059.2,48.5,1.07,1,10.4,Needs Attention
4319,7128.7,63.7,2.13,4,11.6,Needs Attention
4320,6613.1,27.0,0.81,0,4.5,Healthy
4321,3920.9,50.2,1.77,2,10.1,Needs Attention
4322,6487.6,42.2,2.2,0,7.3,Healthy
4323,1424.9,56.7,3.98,5,18.7,Critical
4324,6911.1,58.2,1.9,6,15.9,Critical
4325,4570.2,40.1,1.25,1,8.2,Needs Attention
4326,3089.2,54.7,1.23,2,9.7,Healthy
4327,7826.0,65.0,2.25,3,6.4,Needs Attention
4328,9261.4,65.7,1.63,6,17.9,Critical
4329,7494.8,36.7,0.72,1,6.7,Healthy
4330,4451.5,44.8,2.63,3,14.9,Needs Attention
4331,5951.9,35.7,0.6,5,8.8,Needs Attention
4332,1149.6,61.3,4.12,2,9.2,Needs Attention
4333,6614.0,34.5,2.0,3,7.8,Needs Attention
4334,710.6,37.2,0.3,1,1.4,Healthy
4335,719.6,42.3,1.37,1,3.5,Healthy
4336,6901.5,27.7,1.92,0,0.8,Healthy
4337,3515.3,51.4,1.44,4,9.1,Needs Attention
4338,1338.0,40.0,0.31,1,6.9,Healthy
4339,5367.8,70.1,2.5,4,15.6,Needs Attention
4340,6737.7,51.7,2.47,2,5.1,Needs Attention
4341,6680.1,45.1,1.73,4,14.0,Needs Attention
4342,3057.3,53.3,0.79,4,8.8,Needs Attention
4343,2312.8,53.8,1.63,6,14.4,Needs Attention
4344,7400.9,68.0,1.41,5,18.5,Needs Attention
4345,2364.5,62.5,1.45,3,15.5,Healthy
4346,7362.6,37.3,2.86,2,11.7,Needs Attention
4347,8059.4,46.9,1.1,3,18.1,Critical
4348,5762.5,63.4,0.93,3,9.6,Needs Attention
4349,6316.3,29.2,1.32,0,1.4,Healthy
4350,5628.1,50.3,2.19,5,10.0,Critical
4351,7803.1,51.8,2.02,4,10.1,Needs Attention
4352,5038.2,47.3,0.72,3,3.6,Needs Attention
4353,8286.9,53.1,3.43,6,18.3,Critical
4354,9572.2,56.4,1.7,5,17.3,Critical
4355,6984.8,42.6,1.7,2,11.4,Needs Attention
4356,3961.8,47.3,3.43,4,16.1,Needs Attention
4357,4677.3,44.1,2.42,3,14.3,Needs Attention
4358,2209.5,61.3,2.35,2,12.5,Needs Attention
4359,7212.6,53.6,1.15,0,5.9,Healthy
4360,7048.1,56.6,1.96,3,14.0,Needs Attention
4361,5752.9,52.6,2.24,6,18.0,Critical
4362,7532.4,44.3,1.51,0,5.6,Healthy
4363,1605.4,43.0,0.69,0,0.8,Healthy
4364,1674.6,38.6,1.12,0,2.6,Healthy
4365,5593.2,62.4,1.91,2,9.9,Needs Attention
4366,3045.0,43.6,1.13,2,6.3,Healthy
4367,7814.8,50.6,1.58,5,10.9,Critical
4368,7671.1,60.9,1.59,1,10.1,Needs Attention
4369,7524.6,44.7,1.66,1,10.4,Needs Attention
4370,1925.6,52.9,0.47,0,1.0,Healthy
4371,4328.3,48.8,1.45,1,3.4,Healthy
4372,2726.9,55.0,1.67,4,14.5,Needs Attention
4373,3926.6,65.7,1.88,4,10.6,Needs Attention
4374,2902.2,51.2,1.83,2,9.0,Healthy
4375,3499.1,48.9,1.36,4,12.8,Needs Attention
4376,8338.1,48.1,1.36,3,12.4,Needs Attention
4377,6331.9,48.1,3.42,1,14.3,Needs Attention
4378,1962.1,60.1,2.15,3,3.1,Needs Attention
4379,7577.5,59.7,2.67,4,9.8,Needs Attention
4380,4934.0,56.8,1.32,2,12.4,Needs Attention
4381,6857.0,43.4,2.31,3,6.6,Healthy
4382,7379.8,58.6,1.15,2,3.9,Needs Attention
4383,3814.5,49.6,2.81,3,12.1,Needs Attention
4384,5422.7,21.5,0.1,1,1.5,Healthy
4385,6793.9,40.8,1.18,7,13.9,Needs Attention
4386,2972.8,43.0,1.06,2,5.5,Healthy
4387,5513.4,59.3,2.0,1,15.6,Needs Attention
4388,7003.5,36.3,0.8,0,4.4,Healthy
4389,3109.3,48.3,1.56,0,8.9,Healthy
4390,1116.2,50.6,1.52,2,7.7,Healthy
4391,7388.9,49.4,2.98,4,19.9,Needs Attention
4392,7494.5,51.3,2.26,2,15.4,Needs Attention
4393,7603.7,45.3,3.04,2,13.6,Needs Attention
4394,3114.4,37.1,0.81,0,1.7,Healthy
4395,5021.7,61.7,3.37,3,17.0,Needs Attention
4396,2618.5,51.5,0.98,2,7.6,Needs Attention
4397,8520.1,52.7,4.1,6,17.6,Critical
4398,5889.1,44.1,1.05,3,4.5,Needs Attention
4399,9660.9,44.1,2.23,2,11.7,Needs Attention
4400,2528.1,51.5,3.96,4,18.8,Critical
4401,3726.2,80.7,2.85,1,14.2,Needs Attention
4402,3361.5,34.1,1.81,6,17.5,Needs Attention
4403,5434.0,50.2,1.51,6,17.0,Needs Attention
4404,8324.0,56.8,0.85,0,13.2,Healthy
4405,7957.4,31.1,1.58,0,5.2,Healthy
4406,2365.8,65.5,0.66,4,12.7,Needs Attention
4407,1977.8,51.9,2.2,5,9.3,Needs Attention
4408,6177.8,48.8,2.04,1,3.1,Healthy
4409,2508.7,37.1,3.11,2,12.8,Needs Attention
4410,5318.8,53.6,2.24,5,13.5,Critical
4411,2637.9,62.6,2.65,4,10.0,Needs Attention
4412,8936.9,41.0,1.39,1,8.8,Needs Attention
4413,3655.3,56.0,2.25,2,9.1,Healthy
4414,3548.2,58.2,3.07,4,15.2,Healthy
4415,3889.1,39.8,1.18,0,6.9,Healthy
4416,4653.3,70.9,3.45,6,19.4,Critical
4417,8823.2,44.2,2.74,8,17.0,Critical
4418,4918.4,71.9,2.89,7,19.2,Critical
4419,5924.7,44.0,2.46,4,14.0,Needs Attention
4420,3320.8,35.2,1.62,2,9.4,Needs Attention
4421,7897.2,57.9,2.41,3,18.0,Needs Attention
4422,9024.8,40.9,2.19,3,13.7,Needs Attention
4423,7643.7,55.2,1.53,3,11.6,Needs Attention
4424,5003.0,49.7,2.39,5,12.7,Needs Attention
4425,6798.0,39.3,0.25,0,1.8,Healthy
4426,2941.4,55.0,3.39,5,18.0,Critical
4427,5672.2,57.7,1.88,5,11.8,Needs Attention
4428,10046.7,54.7,3.61,6,15.6,Critical
4429,943.4,66.7,1.88,3,7.8,Healthy
4430,1568.4,51.2,1.84,0,8.4,Healthy
4431,2215.2,56.1,1.78,1,9.9,Healthy
4432,6670.7,60.6,3.23,5,12.5,Needs Attention
4433,6991.0,23.4,1.84,3,0.9,Healthy
4434,5563.2,63.9,0.97,3,7.4,Needs Attention
4435,1507.4,60.5,2.5,2,10.4,Needs Attention
4436,6238.1,46.7,1.32,1,6.0,Healthy
4437,1756.1,52.9,1.37,0,2.3,Healthy
4438,3160.2,26.8,0.87,0,3.5,Healthy
4439,5106.4,43.8,1.38,3,6.0,Needs Attention
4440,2653.2,57.9,2.39,5,14.6,Needs Attention
4441,5250.7,46.7,1.21,1,1.6,Healthy
4442,6338.4,57.1,2.73,5,15.4,Needs Attention
4443,6111.9,53.5,3.29,7,17.0,Critical
4444,6922.6,44.3,2.12,4,13.5,Needs Attention
4445,5646.3,49.0,2.14,7,16.4,Critical
4446,5925.9,39.6,2.38,3,8.2,Needs Attention
4447,7778.5,69.5,2.13,7,19.5,Critical
4448,3181.2,44.3,2.69,6,14.2,Critical
4449,2603.0,71.6,2.56,5,19.3,Critical
4450,7505.4,58.8,3.77,4,17.7,Needs Attention
4451,7725.8,54.6,1.91,4,13.8,Needs Attention
4452,4555.0,39.4,2.82,1,5.1,Healthy
4453,4067.2,54.4,2.21,0,8.1,Healthy
4454,1636.8,53.4,1.8,1,6.0,Healthy
4455,7520.1,42.6,0.57,0,9.1,Healthy
4456,4014.4,45.9,3.57,3,19.7,Needs Attention
4457,5131.4,60.9,1.65,4,5.3,Needs Attention
4458,6272.5,43.7,1.73,1,7.3,Needs Attention
4459,1913.1,41.6,3.62,3,8.9,Healthy
4460,7823.8,30.0,1.16,0,1.6,Healthy
4461,6478.6,45.5,2.11,4,11.0,Needs Attention
4462,2677.0,41.9,0.47,2,2.6,Needs Attention
4463,6610.2,55.5,3.04,4,12.3,Needs Attention
4464,5017.4,42.3,3.38,2,6.7,Needs Attention
4465,568.6,42.7,1.1,0,1.2,Healthy
4466,2699.0,36.2,0.1,0,3.7,Healthy
4467,10016.5,37.6,3.01,1,14.8,Critical
4468,6521.4,48.5,2.61,2,9.5,Needs Attention
4469,615.5,35.5,1.05,0,4.2,Healthy
4470,6216.0,49.9,1.59,1,11.3,Healthy
4471,1841.4,58.8,1.91,3,12.7,Needs Attention
4472,5542.5,59.9,2.79,6,19.1,Critical
4473,7583.4,51.8,0.28,0,2.2,Healthy
4474,4914.7,53.7,1.42,2,8.3,Healthy
4475,7906.6,47.8,1.88,4,9.9,Needs Attention
4476,2704.9,42.6,2.39,3,3.6,Healthy
4477,8535.5,52.0,1.6,3,14.8,Needs Attention
4478,5852.3,52.8,1.93,6,13.9,Critical
4479,8506.8,50.4,2.98,2,16.5,Critical
4480,4934.5,55.3,2.02,0,5.7,Healthy
4481,6506.5,32.8,3.57,3,14.3,Needs Attention
4482,7078.6,42.0,2.71,4,17.9,Critical
4483,2370.2,60.8,2.59,3,17.1,Needs Attention
4484,3782.8,34.8,0.19,0,0.6,Healthy
4485,219.0,51.7,1.49,0,0.5,Healthy
4486,5394.2,47.0,1.66,1,3.7,Healthy
4487,2883.2,50.1,3.76,7,17.0,Needs Attention
4488,3170.8,54.3,2.14,5,15.0,Needs Attention
4489,5393.9,66.3,3.57,5,18.1,Needs Attention
4490,5972.1,53.1,2.42,4,8.4,Needs Attention
4491,7115.2,41.3,1.85,5,6.8,Needs Attention
4492,6204.4,42.3,1.8,3,7.8,Needs Attention
4493,2875.2,60.8,0.75,1,11.6,Healthy
4494,5242.8,57.0,2.98,6,14.9,Needs Attention
4495,3356.8,52.1,1.34,1,2.5,Healthy
4496,3383.7,56.3,2.81,6,15.9,Needs Attention
4497,1555.3,60.4,0.4,0,3.4,Healthy
4498,4972.7,58.4,1.48,2,5.9,Healthy
4499,4800.9,39.2,1.22,0,4.3,Healthy
4500,6214.3,57.1,2.57,6,18.9,Needs Attention
4501,2561.8,43.1,1.7,4,8.0,Healthy
4502,4909.4,52.7,2.69,3,14.3,Needs Attention
4503,1167.0,25.7,1.88,0,1.1,Healthy
4504,1402.9,39.4,0.66,0,1.5,Healthy
4505,3491.1,34.0,2.55,6,15.9,Needs Attention
4506,7992.2,51.9,1.6,2,15.6,Critical
4507,3648.5,63.9,2.52,1,7.9,Needs Attention
4508,7601.4,51.3,2.2,2,4.7,Needs Attention
4509,6542.9,40.8,1.97,6,14.2,Critical
4510,3154.6,43.3,0.74,2,2.8,Healthy
4511,3340.9,72.0,1.31,4,13.6,Needs Attention
4512,5162.5,53.1,2.26,3,8.7,Needs Attention
4513,5885.5,38.2,2.16,0,7.8,Healthy
4514,4755.8,37.3,1.37,1,0.4,Healthy
4515,7269.2,47.0,1.43,2,8.2,Healthy
4516,3370.8,52.4,1.54,5,13.6,Needs Attention
4517,5356.8,44.8,3.0,2,14.5,Needs Attention
4518,9945.7,65.3,3.19,6,15.2,Critical
4519,8233.5,44.9,0.76,0,1.7,Healthy
4520,7423.0,51.8,1.95,3,10.1,Needs Attention
4521,3358.6,41.8,1.99,3,5.4,Needs Attention
4522,4034.9,44.0,2.05,5,14.1,Needs Attention
4523,7122.0,53.9,2.55,2,11.6,Needs Attention
4524,1337.8,53.7,3.06,5,15.6,Needs Attention
4525,6937.7,33.9,2.23,0,8.5,Needs Attention
4526,7386.5,50.3,1.74,6,18.1,Critical
4527,5992.0,40.1,1.37,1,2.4,Healthy
4528,6722.5,49.2,2.48,4,13.3,Needs Attention
4529,6777.8,61.7,1.41,3,12.4,Needs Attention
4530,8899.7,45.1,0.49,1,7.6,Healthy
4531,6203.6,31.8,1.55,0,3.9,Healthy
4532,3283.1,38.7,3.35,3,14.2,Needs Attention
4533,8399.7,39.0,1.11,3,9.6,Needs Attention
4534,5570.4,37.8,1.21,0,2.0,Healthy
4535,2592.8,41.6,1.61,0,0.5,Healthy
4536,6449.2,66.2,1.13,2,4.5,Healthy
4537,4009.3,49.6,1.77,0,7.0,Healthy
4538,1967.8,49.7,1.27,0,6.5,Healthy
4539,8356.6,62.7,2.67,1,12.9,Needs Attention
4540,9288.2,48.8,2.02,1,8.4,Needs Attention
4541,2008.2,52.8,2.48,1,12.1,Needs Attention
4542,7010.3,44.1,1.15,2,8.3,Needs Attention
4543,8966.5,42.8,1.76,1,15.0,Needs Attention
4544,2377.6,51.7,1.28,1,7.5,Healthy
4545,3265.7,54.2,2.52,4,15.4,Needs Attention
4546,2454.6,53.8,2.41,2,15.1,Needs Attention
4547,3864.2,59.3,2.18,5,9.8,Needs Attention
4548,716.0,37.3,1.08,2,6.5,Healthy
4549,5867.9,35.9,2.78,3,12.1,Needs Attention
4550,7893.4,30.9,1.71,0,2.6,Healthy
4551,4975.4,44.9,1.59,5,10.1,Needs Attention
4552,3506.5,54.5,2.08,0,4.1,Healthy
4553,8569.3,39.0,2.82,2,7.2,Needs Attention
4554,3731.0,52.8,2.06,1,3.9,Healthy
4555,5002.1,60.3,1.68,2,11.9,Healthy
4556,6567.7,42.5,1.97,2,13.1,Needs Attention
4557,2698.1,56.1,2.43,3,12.6,Needs Attention
4558,851.0,56.6,1.56,2,3.2,Healthy
4559,8982.7,41.9,1.94,1,11.0,Needs Attention
4560,7909.3,43.8,4.35,7,19.8,Critical
4561,9668.3,59.5,2.0,5,19.3,Critical
4562,9615.7,62.3,0.89,5,16.3,Critical
4563,4449.5,46.3,2.08,5,14.5,Needs Attention
4564,2504.1,65.6,2.19,1,15.1,Needs Attention
4565,5932.2,44.8,2.86,5,16.6,Critical
4566,8302.3,40.5,2.66,2,5.0,Needs Attention
4567,6925.4,40.2,1.34,0,3.9,Healthy
4568,3380.5,50.6,2.19,5,18.4,Needs Attention
4569,8288.7,66.8,2.79,4,13.2,Critical
4570,3221.8,67.4,3.21,3,18.5,Needs Attention
4571,2664.5,72.9,2.54,6,14.2,Needs Attention
4572,1875.0,46.6,2.1,1,10.6,Healthy
4573,6653.5,68.8,4.01,7,19.8,Critical
4574,7825.9,80.9,1.63,6,18.4,Critical
4575,7835.7,36.5,0.9,2,9.0,Needs Attention
4576,5025.4,49.8,2.23,6,18.2,Critical
4577,3533.9,33.8,1.14,3,10.0,Needs Attention
4578,7087.9,43.2,1.88,2,12.9,Needs Attention
4579,9759.5,44.6,2.87,4,12.8,Critical
4580,10346.7,65.1,2.41,4,19.7,Critical
4581,3767.5,56.9,1.57,7,14.1,Needs Attention
4582,9869.6,56.1,3.38,3,14.0,Needs Attention
4583,1040.5,58.4,1.78,2,8.9,Healthy
4584,5055.4,54.7,1.65,6,14.5,Needs Attention
4585,2482.4,51.7,2.43,5,11.5,Needs Attention
4586,1380.6,29.7,2.04,0,1.1,Healthy
4587,1897.8,28.0,1.97,1,3.1,Healthy
4588,2308.7,42.7,1.82,5,15.9,Needs Attention
4589,7089.0,43.8,1.67,0,3.2,Healthy
4590,2236.0,44.1,2.48,1,7.0,Healthy
4591,6741.8,46.2,1.74,0,5.9,Healthy
4592,4648.9,36.3,3.11,3,16.5,Needs Attention
4593,4827.1,45.5,3.15,6,18.0,Critical
4594,7400.8,47.5,2.8,7,14.6,Critical
4595,4357.4,40.4,2.31,4,6.6,Needs Attention
4596,6351.2,43.5,0.91,0,0.9,Healthy
4597,1206.4,44.2,3.18,4,10.1,Needs Attention
4598,2889.8,42.6,1.28,0,3.2,Healthy
4599,10814.5,51.2,3.48,6,16.4,Critical
4600,7589.9,31.2,0.12,1,5.3,Healthy
4601,8344.2,53.0,2.26,0,4.8,Healthy
4602,6883.5,66.7,1.92,2,12.1,Needs Attention
4603,6123.1,50.8,1.19,2,2.7,Needs Attention
4604,6150.4,42.7,2.12,6,15.1,Critical
4605,8270.8,61.7,2.79,3,14.4,Needs Attention
4606,9744.6,44.8,3.2,4,13.1,Critical
4607,6035.0,47.9,3.1,5,19.8,Critical
4608,6308.8,55.8,2.12,2,10.3,Needs Attention
4609,2447.2,42.3,2.26,2,7.5,Healthy
4610,6341.4,82.1,2.73,6,16.7,Critical
4611,2266.2,45.2,2.58,2,5.5,Healthy
4612,5584.5,49.9,2.46,4,15.5,Needs Attention
4613,5193.2,34.6,0.18,0,2.7,Healthy
4614,2618.7,44.4,3.3,5,10.5,Needs Attention
4615,5323.9,56.0,3.13,5,17.4,Critical
4616,3335.1,30.5,2.4,0,3.9,Healthy
4617,4918.0,56.2,1.3,1,4.9,Healthy
4618,2928.9,44.6,2.72,4,14.1,Needs Attention
4619,1265.4,41.5,1.05,0,3.3,Healthy
4620,6554.9,54.8,0.52,2,4.8,Healthy
4621,4131.2,27.8,1.02,0,1.0,Healthy
4622,7844.6,41.9,1.93,4,9.8,Needs Attention
4623,7519.4,40.4,0.45,1,2.8,Healthy
4624,480.2,49.4,1.07,2,1.9,Healthy
4625,2422.6,71.1,1.48,5,13.5,Critical
4626,5052.2,59.4,3.32,5,12.8,Needs Attention
4627,2543.4,20.3,0.86,3,6.7,Needs Attention
4628,6084.0,44.6,1.66,3,9.0,Healthy
4629,7017.4,53.3,2.18,1,8.7,Healthy
4630,5499.8,34.7,1.33,4,6.7,Needs Attention
4631,5843.6,42.9,3.32,1,6.5,Needs Attention
4632,7588.9,51.2,3.62,7,18.2,Critical
4633,3533.7,44.1,3.12,7,15.7,Needs Attention
4634,7602.5,42.7,1.76,1,6.5,Needs Attention
4635,6425.0,41.9,2.22,3,6.3,Healthy
4636,5529.5,61.3,3.33,5,17.9,Critical
4637,8820.1,44.5,2.88,3,12.2,Healthy
4638,9287.1,50.8,3.32,5,14.8,Needs Attention
4639,6970.6,51.8,3.65,4,17.0,Critical
4640,8556.9,62.2,2.48,2,8.9,Needs Attention
4641,7570.8,53.7,2.71,5,18.3,Critical
4642,5562.6,60.3,1.33,5,6.8,Needs Attention
4643,1150.6,44.4,1.38,0,3.2,Healthy
4644,6952.0,52.2,2.83,2,11.3,Needs Attention
4645,6919.1,33.0,0.68,0,2.4,Healthy
4646,9178.0,51.6,3.47,4,13.1,Needs Attention
4647,4341.8,60.3,2.46,4,12.5,Needs Attention
4648,9563.3,52.1,1.1,3,15.4,Needs Attention
4649,2696.3,48.9,1.08,0,5.9,Healthy
4650,8379.4,58.1,3.54,5,14.7,Critical
4651,1488.6,42.2,1.79,4,12.0,Healthy
4652,5431.4,29.2,0.95,2,5.8,Healthy
4653,7701.1,48.8,1.61,1,1.7,Healthy
4654,1399.2,50.5,1.78,3,10.7,Healthy
4655,3657.5,57.3,1.78,0,7.8,Healthy
4656,5860.8,32.4,1.23,0,6.2,Healthy
4657,6911.6,36.5,3.89,6,14.9,Critical
4658,1449.2,52.1,1.93,0,1.6,Healthy
4659,7079.9,32.0,1.33,2,0.6,Healthy
4660,7019.6,63.0,2.09,5,13.5,Needs Attention
4661,7577.2,47.2,0.81,0,6.7,Needs Attention
4662,2475.4,73.7,1.68,7,19.0,Critical
4663,4294.8,75.3,3.81,4,19.8,Critical
4664,5886.3,66.0,1.65,3,12.9,Needs Attention
4665,6895.4,41.6,1.18,2,7.2,Needs Attention
4666,10854.6,47.2,3.67,1,16.8,Needs Attention
4667,3521.4,47.5,0.62,1,1.4,Healthy
4668,8102.0,55.8,2.76,4,14.8,Critical
4669,8355.7,67.2,1.87,0,9.3,Needs Attention
4670,10500.2,60.2,3.46,5,17.8,Critical
4671,7473.6,59.5,1.9,5,11.3,Needs Attention
4672,3535.1,44.2,3.52,1,6.1,Healthy
4673,9159.4,61.0,1.46,4,13.9,Critical
4674,4515.7,33.0,0.1,0,2.1,Healthy
4675,6411.9,61.5,3.86,4,19.1,Needs Attention
4676,2945.2,44.0,1.42,2,3.1,Healthy
4677,4277.5,47.7,2.12,3,12.2,Needs Attention
4678,4208.1,48.8,3.43,7,14.4,Critical
4679,5140.7,46.3,2.01,2,3.2,Healthy
4680,3526.4,56.7,3.01,1,14.4,Needs Attention
4681,9409.6,63.7,3.64,3,17.7,Needs Attention
4682,6737.3,41.0,2.0,2,9.5,Needs Attention
4683,7800.2,33.2,1.03,1,6.2,Healthy
4684,2193.6,47.0,2.16,4,13.8,Needs Attention
4685,4404.7,43.8,1.11,1,1.9,Healthy
4686,6010.3,59.3,0.13,2,2.8,Needs Attention
4687,7879.5,51.0,1.41,0,2.4,Healthy
4688,3068.2,45.4,0.87,0,0.1,Healthy
4689,6692.7,32.5,0.78,0,1.6,Healthy
4690,8133.5,49.8,1.62,2,2.7,Healthy
4691,2970.3,60.7,1.64,5,17.4,Needs Attention
4692,8134.1,64.2,3.34,4,14.8,Needs Attention
4693,9563.1,60.3,2.7,3,13.9,Needs Attention
4694,8049.6,38.2,2.07,2,4.3,Needs Attention
4695,223.8,40.7,0.99,1,3.9,Healthy
4696,7322.5,51.6,2.46,5,8.5,Needs Attention
4697,2505.0,59.5,2.24,2,12.3,Needs Attention
4698,3179.8,59.4,2.29,4,16.7,Needs Attention
4699,7924.7,48.4,1.16,0,1.4,Healthy
4700,4646.1,43.2,3.39,6,16.6,Critical
4701,5432.0,53.1,3.0,2,18.0,Needs Attention
4702,3746.9,35.4,3.23,4,15.4,Needs Attention
4703,7319.7,35.1,1.52,0,2.6,Healthy
4704,6830.8,41.4,3.33,5,14.6,Needs Attention
4705,5183.1,60.8,3.66,4,18.0,Critical
4706,4537.4,32.8,1.66,3,7.0,Healthy
4707,4908.4,45.1,2.2,3,13.4,Needs Attention
4708,5769.8,53.5,0.94,4,4.7,Needs Attention
4709,2003.9,52.2,1.38,4,17.5,Needs Attention
4710,918.4,43.4,1.5,0,3.2,Healthy
4711,5581.3,44.6,0.93,3,9.0,Needs Attention
4712,7615.2,30.2,0.84,1,0.8,Healthy
4713,6682.3,51.4,2.19,0,4.5,Healthy
4714,3897.5,33.6,2.59,4,10.5,Needs Attention
4715,652.8,51.8,0.29,0,1.6,Healthy
4716,4572.1,64.0,4.03,5,19.5,Critical
4717,7801.0,32.4,1.16,0,2.2,Needs Attention
4718,8224.6,59.1,2.73,4,13.8,Critical
4719,7430.2,48.3,1.14,2,5.9,Healthy
4720,9026.6,44.2,2.37,2,11.3,Needs Attention
4721,303.5,53.2,1.95,0,2.4,Healthy
4722,5825.2,39.5,0.93,3,7.4,Needs Attention
4723,7775.4,67.3,1.17,3,11.9,Needs Attention
4724,3038.3,31.4,0.21,0,2.6,Healthy
4725,6702.3,46.0,3.88,5,16.4,Needs Attention
4726,7255.6,55.5,3.52,3,20.0,Critical
4727,6195.4,47.0,3.05,4,16.6,Needs Attention
4728,5430.9,72.3,2.65,6,18.6,Critical
4729,7482.6,51.6,2.29,2,7.0,Needs Attention
4730,5836.3,45.8,2.34,3,5.6,Healthy
4731,7077.2,43.1,1.97,1,10.7,Needs Attention
4732,5857.0,56.0,1.43,3,2.7,Needs Attention
4733,6114.9,34.9,2.25,0,2.6,Healthy
4734,1668.0,35.1,0.81,2,4.7,Healthy
4735,1744.7,68.1,3.52,5,16.9,Critical
4736,1710.4,58.5,2.25,3,7.4,Needs Attention
4737,7314.7,73.7,3.11,3,16.7,Needs Attention
4738,7295.6,37.7,2.64,0,6.2,Healthy
4739,4341.5,68.8,2.45,4,18.4,Needs Attention
4740,6958.1,56.0,0.74,0,4.9,Needs Attention
4741,5039.9,66.3,2.67,5,9.3,Needs Attention
4742,4861.5,68.6,2.09,0,7.6,Needs Attention
4743,5819.5,62.7,2.4,2,8.4,Needs Attention
4744,2655.3,49.2,3.23,3,14.2,Needs Attention
4745,6848.6,39.1,2.35,2,11.7,Needs Attention
4746,7392.6,41.8,1.0,2,4.3,Needs Attention
4747,7344.5,66.7,2.25,7,16.1,Critical
4748,5715.1,32.0,2.67,3,19.1,Needs Attention
4749,2054.3,59.0,2.61,1,15.0,Needs Attention
4750,5504.4,66.4,2.26,7,19.7,Critical
4751,3116.6,56.2,1.91,1,9.2,Healthy
4752,4134.4,72.2,3.66,3,16.0,Critical
4753,6757.4,43.9,1.94,1,8.5,Healthy
4754,1290.4,43.5,1.77,0,3.4,Healthy
4755,9001.4,47.7,2.63,1,9.5,Needs Attention
4756,5265.5,51.7,2.56,5,14.2,Critical
4757,9508.6,69.9,3.46,7,17.9,Critical
4758,2783.4,39.2,1.21,0,6.8,Healthy
4759,3458.2,44.6,1.83,3,13.8,Needs Attention
4760,9699.8,60.2,2.28,5,16.0,Needs Attention
4761,6373.5,46.5,0.86,3,2.7,Healthy
4762,9077.4,70.2,4.3,4,17.5,Critical
4763,1871.6,50.4,2.67,1,6.2,Healthy
4764,8495.8,48.9,2.2,1,10.4,Needs Attention
4765,6136.0,41.6,1.22,1,3.7,Healthy
4766,3197.5,44.0,0.42,0,0.2,Healthy
4767,6856.7,54.4,3.3,1,14.3,Needs Attention
4768,6467.7,63.3,2.48,1,7.1,Needs Attention
4769,2283.5,68.9,2.05,5,17.4,Needs Attention
4770,10426.5,64.6,3.27,3,17.2,Critical
4771,9447.0,52.9,2.27,3,8.5,Needs Attention
4772,10294.5,66.8,2.26,2,12.8,Needs Attention
4773,9397.8,56.0,3.15,5,16.9,Critical
4774,5657.0,67.3,1.39,5,15.1,Critical
4775,3345.2,46.2,2.23,1,9.6,Healthy
4776,1999.5,43.0,0.98,2,7.5,Healthy
4777,4108.9,65.9,3.95,6,17.0,Needs Attention
4778,7944.2,56.1,2.17,1,11.7,Needs Attention
4779,8116.5,39.3,1.42,1,6.2,Needs Attention
4780,7105.2,56.1,3.39,2,16.0,Needs Attention
4781,5841.9,26.9,2.41,5,11.4,Needs Attention
4782,3386.5,74.1,3.08,3,14.5,Needs Attention
4783,2194.1,47.9,3.3,3,15.3,Needs Attention
4784,1395.2,42.9,1.68,2,1.6,Healthy
4785,5312.1,55.7,4.58,4,19.5,Critical
4786,5738.0,59.6,2.04,5,18.0,Needs Attention
4787,8701.6,63.9,2.32,3,13.5,Needs Attention
4788,6324.2,54.9,1.49,0,7.6,Needs Attention
4789,7379.1,61.9,0.58,5,15.5,Needs Attention
4790,5784.7,48.9,3.16,1,10.9,Needs Attention
4791,6338.3,49.6,0.47,0,1.8,Healthy
4792,1744.9,23.4,0.94,3,3.9,Healthy
4793,4840.8,53.9,1.44,2,9.4,Healthy
4794,498.8,52.2,2.67,2,6.5,Healthy
4795,4705.7,49.7,3.96,5,19.6,Critical
4796,7838.4,49.1,2.09,0,5.6,Healthy
4797,6771.5,42.9,1.37,0,3.5,Healthy
4798,515.2,31.6,0.93,0,1.4,Healthy
4799,5344.2,51.9,0.8,1,4.8,Healthy
4800,4694.3,42.2,1.36,0,4.1,Healthy
4801,3489.2,46.7,0.1,4,10.6,Needs Attention
4802,2823.8,66.5,1.36,2,14.9,Needs Attention
4803,3865.7,57.2,2.92,2,14.7,Needs Attention
4804,8855.8,68.6,2.46,6,18.6,Critical
4805,5687.1,33.1,2.59,3,8.2,Healthy
4806,4846.6,46.9,1.87,1,8.3,Needs Attention
4807,4461.6,47.9,2.19,1,5.3,Needs Attention
4808,2396.5,52.5,2.79,0,3.2,Healthy
4809,4659.7,35.0,1.48,0,2.2,Healthy
4810,3494.9,45.6,2.2,2,4.8,Healthy
4811,3306.0,49.1,1.3,3,14.0,Needs Attention
4812,7174.5,49.8,2.8,4,15.5,Needs Attention
4813,4499.6,65.2,1.97,5,13.9,Needs Attention
4814,3258.5,57.1,0.5,5,9.3,Needs Attention
4815,5085.4,44.3,1.8,4,12.4,Needs Attention
4816,7880.8,50.0,2.65,4,8.6,Needs Attention
4817,6636.9,29.2,1.99,0,2.7,Healthy
4818,6056.6,60.2,2.55,1,8.7,Needs Attention
4819,7470.6,39.0,0.97,0,0.2,Healthy
4820,7902.9,27.6,2.49,4,12.2,Critical
4821,9295.5,43.9,2.05,5,13.2,Critical
4822,5904.1,49.0,1.46,4,10.7,Needs Attention
4823,2362.1,41.6,1.25,6,12.0,Needs Attention
4824,4905.7,53.4,2.53,3,13.5,Needs Attention
4825,7075.1,50.1,1.62,2,2.8,Healthy
4826,3893.5,31.1,2.72,2,15.9,Needs Attention
4827,5411.4,64.4,2.02,4,17.8,Needs Attention
4828,3856.9,47.3,2.0,4,7.2,Needs Attention
4829,7363.1,50.4,2.52,3,10.9,Needs Attention
4830,7692.6,50.3,2.41,2,17.5,Needs Attention
4831,7711.2,49.1,1.2,2,1.0,Healthy
4832,8248.2,44.8,3.77,2,14.5,Critical
4833,7584.1,36.6,1.85,1,2.8,Healthy
4834,7997.0,50.7,0.11,0,1.1,Healthy
4835,7925.1,63.8,2.22,2,9.7,Needs Attention
4836,8634.5,44.2,2.01,3,9.2,Needs Attention
4837,7445.2,35.7,3.34,7,18.6,Critical
4838,2926.0,44.2,0.66,0,6.2,Healthy
4839,4092.5,47.6,0.1,4,2.7,Healthy
4840,1739.3,39.9,1.33,2,10.7,Needs Attention
4841,7552.7,34.9,1.97,2,3.9,Healthy
4842,2533.7,65.6,3.33,3,15.2,Needs Attention
4843,8346.7,59.6,1.89,4,17.6,Critical
4844,7367.0,47.1,2.0,0,10.9,Healthy
4845,7491.4,38.0,2.95,3,16.0,Critical
4846,7149.3,58.4,2.83,3,12.7,Needs Attention
4847,7019.1,50.8,0.75,0,0.7,Healthy
4848,3709.8,31.7,1.6,0,6.3,Healthy
4849,5323.3,43.6,1.66,0,7.0,Healthy
4850,3754.7,35.8,0.74,0,3.6,Healthy
4851,2779.1,46.4,0.93,2,11.0,Healthy
4852,5738.6,63.0,0.84,0,4.0,Healthy
4853,4679.9,47.0,1.23,2,5.9,Healthy
4854,2978.2,66.9,2.22,3,15.3,Needs Attention
4855,9346.8,53.2,2.32,5,19.0,Critical
4856,3287.7,36.6,1.48,1,6.1,Healthy
4857,6293.6,48.9,2.13,4,9.7,Needs Attention
4858,3239.7,60.0,2.89,1,11.9,Needs Attention
4859,2380.8,47.3,1.66,1,6.2,Healthy
4860,4232.7,82.1,1.66,6,18.2,Critical
4861,3769.9,53.6,1.16,1,1.9,Healthy
4862,5237.4,42.5,1.48,6,19.4,Critical
4863,6252.9,41.6,2.11,3,7.5,Healthy
4864,7052.5,63.5,1.71,0,6.5,Needs Attention
4865,6341.2,58.6,2.37,2,16.9,Needs Attention
4866,9946.1,66.4,3.11,4,14.3,Needs Attention
4867,292.1,43.3,2.26,1,5.0,Healthy
4868,4249.8,32.7,0.76,4,1.7,Needs Attention
4869,2114.2,43.3,1.68,2,3.7,Healthy
4870,4761.3,40.4,0.81,0,0.9,Healthy
4871,2414.4,68.5,2.45,3,11.8,Healthy
4872,5610.2,43.2,1.33,0,1.9,Healthy
4873,6475.4,41.1,2.77,5,11.2,Critical
4874,7148.0,42.2,1.96,5,5.8,Needs Attention
4875,3174.8,47.4,1.47,0,3.1,Healthy
4876,2473.2,52.2,2.11,0,3.8,Healthy
4877,5849.3,54.8,2.59,4,18.1,Needs Attention
4878,3112.3,48.7,0.93,0,8.0,Healthy
4879,4140.4,45.0,1.3,3,8.6,Needs Attention
4880,7534.7,52.5,0.99,3,15.2,Critical
4881,6743.2,45.2,0.95,1,4.3,Healthy
4882,4843.0,44.2,1.81,4,8.5,Healthy
4883,8848.8,46.7,2.14,1,13.8,Needs Attention
4884,6367.4,46.6,0.12,0,0.4,Healthy
4885,5690.8,78.7,2.41,5,19.2,Critical
4886,1076.3,51.3,1.64,0,3.6,Healthy
4887,5153.3,54.6,1.03,2,3.8,Needs Attention
4888,2245.6,49.1,2.36,5,14.9,Needs Attention
4889,4969.7,68.6,2.02,3,10.9,Needs Attention
4890,4574.4,41.4,1.8,0,3.6,Healthy
4891,6466.3,57.4,1.62,2,4.2,Needs Attention
4892,5853.2,20,1.88,0,3.5,Healthy
4893,3629.8,37.7,3.08,3,3.2,Healthy
4894,5203.7,61.7,2.22,7,12.3,Needs Attention
4895,5795.3,37.3,2.22,2,11.4,Needs Attention
4896,9598.5,57.2,3.26,6,19.4,Critical
4897,2918.3,38.3,1.51,0,1.8,Healthy
4898,7262.4,40.8,1.01,0,4.1,Healthy
4899,8380.2,30.6,2.48,2,10.7,Needs Attention
4900,7691.9,65.7,3.36,3,17.3,Critical
4901,2140.2,54.9,1.95,4,15.0,Needs Attention
4902,4196.5,53.2,0.98,0,6.6,Healthy
4903,3932.9,35.0,1.74,6,17.4,Critical
4904,9465.8,58.5,2.42,5,17.4,Critical
4905,6221.3,46.1,1.14,4,5.5,Needs Attention
4906,3208.0,43.2,0.71,1,5.8,Healthy
4907,4206.8,52.6,2.95,5,12.0,Needs Attention
4908,7816.3,37.4,1.14,3,13.8,Needs Attention
4909,1658.8,39.9,1.06,4,10.7,Healthy
4910,6512.5,56.5,1.88,3,8.0,Needs Attention
4911,1764.1,44.9,3.7,4,13.0,Needs Attention
4912,4803.7,55.6,2.08,3,12.1,Needs Attention
4913,6840.6,37.4,0.83,2,2.0,Needs Attention
4914,4416.1,43.7,3.54,4,17.9,Needs Attention
4915,6882.8,39.0,1.19,3,9.2,Needs Attention
4916,4562.4,58.0,3.59,6,17.4,Critical
4917,892.4,36.0,1.9,0,1.4,Healthy
4918,2958.0,61.4,2.4,2,13.1,Healthy
4919,5086.6,35.4,2.74,1,6.2,Healthy
4920,4838.1,47.8,1.31,2,8.0,Healthy
4921,2831.9,41.5,0.2,0,2.8,Healthy
4922,6344.2,33.0,1.36,5,14.2,Critical
4923,8904.8,48.8,2.39,3,9.9,Needs Attention
4924,952.7,69.0,1.98,3,6.5,Healthy
4925,5617.8,43.7,2.53,3,2.8,Needs Attention
4926,3993.1,66.6,1.47,6,12.6,Needs Attention
4927,2988.6,35.6,0.76,0,5.2,Healthy
4928,6511.2,46.9,1.95,1,7.8,Healthy
4929,5282.6,59.6,1.01,2,2.7,Healthy
4930,7452.8,48.6,1.11,1,8.3,Needs Attention
4931,5669.2,66.9,1.87,3,14.7,Needs Attention
4932,7571.5,31.7,1.96,4,8.0,Needs Attention
4933,6141.4,44.6,1.49,4,15.1,Needs Attention
4934,6472.7,62.0,1.83,3,9.0,Healthy
4935,6757.5,61.4,1.02,2,4.5,Needs Attention
4936,6779.3,43.7,0.53,0,0.5,Healthy
4937,5760.4,41.4,1.18,0,1.9,Healthy
4938,3295.3,54.2,2.01,3,11.1,Healthy
4939,7791.4,46.1,2.13,0,9.9,Needs Attention
4940,8206.3,48.9,3.69,6,18.8,Critical
4941,4230.3,56.4,2.63,5,16.7,Needs Attention
4942,4270.9,34.5,0.23,1,0.5,Healthy
4943,1955.6,45.3,1.68,3,8.8,Healthy
4944,2466.9,51.5,1.21,0,2.4,Healthy
4945,5782.7,44.6,2.71,0,3.9,Healthy
4946,6570.8,75.5,1.11,1,17.5,Needs Attention
4947,6964.9,48.6,2.83,3,13.0,Needs Attention
4948,6297.3,68.4,2.24,6,16.6,Critical
4949,833.2,44.7,1.54,2,3.9,Healthy
4950,4218.6,70.1,1.77,3,17.1,Critical
4951,4231.2,46.7,0.97,1,4.7,Healthy
4952,7310.5,60.4,1.73,3,9.6,Needs Attention
4953,7534.0,63.1,1.92,2,18.8,Needs Attention
4954,1956.4,45.7,1.93,5,16.5,Healthy
4955,4614.6,42.6,1.94,2,10.2,Needs Attention
4956,4133.2,32.0,1.63,1,1.6,Healthy
4957,4659.7,36.6,1.05,2,5.5,Healthy
4958,8806.0,36.3,1.4,0,10.0,Needs Attention
4959,5976.7,67.2,4.29,6,19.8,Critical
4960,9046.7,46.4,2.61,1,12.6,Needs Attention
4961,7164.2,45.8,1.22,3,5.9,Needs Attention
4962,6724.2,42.6,2.45,4,10.5,Needs Attention
4963,4012.2,29.6,2.28,0,4.3,Healthy
4964,4225.0,55.9,0.22,0,5.4,Healthy
4965,5271.1,33.5,1.78,2,6.2,Healthy
4966,3204.1,45.2,1.29,1,5.1,Healthy
4967,8004.8,29.1,2.37,0,3.9,Healthy
4968,6763.9,59.6,1.9,6,19.0,Needs Attention
4969,8799.3,44.2,2.58,5,16.5,Critical
4970,9355.1,64.0,3.73,4,18.8,Critical
4971,9315.7,45.1,3.15,4,16.5,Needs Attention
4972,4442.6,69.0,1.3,2,7.8,Needs Attention
4973,6857.5,57.1,2.5,1,10.4,Healthy
4974,8319.1,53.3,2.89,4,16.1,Needs Attention
4975,3922.4,63.1,2.04,5,19.8,Needs Attention
4976,7401.6,53.5,0.5,3,8.6,Needs Attention
4977,6828.7,55.2,0.93,3,12.1,Needs Attention
4978,5488.1,59.1,2.74,1,11.7,Needs Attention
4979,9838.1,56.4,2.29,4,16.7,Critical
4980,5659.4,53.8,2.38,7,16.7,Critical
4981,5842.1,61.0,2.91,6,14.7,Critical
4982,4745.9,63.3,3.82,6,15.4,Critical
4983,5081.7,48.6,1.35,1,7.8,Healthy
4984,9839.8,54.0,2.84,1,14.1,Needs Attention
4985,2289.2,40.6,2.35,3,10.9,Needs Attention
4986,4422.7,37.0,1.39,0,0.8,Healthy
4987,8800.4,49.0,1.28,6,14.9,Critical
4988,3978.5,48.5,3.42,5,17.3,Needs Attention
4989,1682.6,70.5,1.1,7,17.5,Critical
4990,6782.0,45.1,2.46,2,10.9,Needs Attention
4991,4693.2,41.1,1.44,2,7.2,Healthy
4992,6801.1,61.8,0.53,4,6.1,Needs Attention
4993,9662.1,53.3,2.79,5,19.7,Critical
4994,6738.8,59.6,2.21,6,15.6,Needs Attention
4995,6877.3,59.1,1.95,4,16.9,Needs Attention
4996,4363.0,53.1,2.79,9,15.0,Critical
4997,1881.9,67.0,0.81,6,12.5,Needs Attention
4998,3316.7,59.0,0.93,6,15.3,Needs Attention
4999,6034.8,69.2,3.03,4,17.9,Critical
5000,4550.4,58.9,3.09,3,18.4,Critical
5001,6820.1,64.8,3.55,6,19.3,Critical
5002,4572.4,27.6,1.85,0,4.5,Healthy
5003,1766.7,51.7,2.16,0,4.1,Healthy
5004,3966.4,38.5,1.27,0,0.7,Healthy
5005,2893.4,53.0,2.2,1,7.9,Healthy
5006,7874.4,50.1,3.6,4,13.1,Needs Attention
5007,5043.3,48.1,2.84,2,11.0,Needs Attention
5008,8807.9,59.1,2.04,2,18.8,Needs Attention
5009,9170.1,58.1,2.92,3,20.0,Needs Attention
5010,5611.0,61.5,2.45,2,13.4,Healthy
5011,8782.1,45.2,2.78,1,9.4,Needs Attention
5012,1449.7,56.2,2.29,3,6.4,Needs Attention
5013,4604.3,53.8,2.11,4,12.8,Needs Attention
5014,9276.2,46.0,1.68,4,16.8,Critical
5015,8513.0,57.9,2.42,9,19.9,Critical
5016,2348.8,39.1,2.03,5,7.5,Healthy
5017,4507.1,42.8,0.5,0,2.3,Healthy
5018,1307.0,32.5,0.1,1,1.0,Healthy
5019,5489.9,56.8,3.0,4,17.1,Needs Attention
5020,6841.9,58.0,3.84,5,19.9,Critical
5021,4474.4,50.2,0.81,3,7.2,Needs Attention
5022,2814.5,34.7,1.17,1,6.3,Healthy
5023,5938.4,61.7,2.57,5,17.0,Needs Attention
5024,2128.7,45.5,2.66,0,9.3,Healthy
5025,5292.9,35.8,2.81,4,11.3,Needs Attention
5026,2178.6,40.7,2.02,3,5.6,Healthy
5027,1909.1,42.5,1.09,3,13.7,Needs Attention
5028,2991.1,50.1,1.25,4,7.7,Needs Attention
5029,5704.5,50.2,3.62,3,17.2,Needs Attention
5030,7699.5,35.1,1.68,0,5.7,Needs Attention
5031,6970.8,52.9,1.44,0,4.4,Healthy
5032,5109.7,39.5,1.29,0,8.9,Healthy
5033,6977.2,57.1,4.07,5,15.2,Needs Attention
5034,5317.1,49.1,1.38,4,19.1,Needs Attention
5035,6463.1,47.7,0.97,0,2.6,Healthy
5036,7660.1,55.2,2.24,5,14.4,Needs Attention
5037,4290.5,55.6,0.61,4,12.0,Needs Attention
5038,2037.7,54.5,1.36,7,13.5,Needs Attention
5039,3839.3,36.8,1.72,2,10.6,Healthy
5040,4469.9,56.1,2.16,1,9.5,Healthy
5041,6248.2,51.5,2.54,0,3.7,Healthy
5042,4710.8,44.0,1.47,1,8.7,Healthy
5043,2294.4,47.4,2.57,4,14.2,Healthy
5044,3688.4,42.1,1.4,3,4.8,Healthy
5045,358.3,38.4,1.15,0,0.1,Healthy
5046,5822.6,51.1,2.02,4,11.7,Needs Attention
5047,1189.9,55.8,3.09,2,16.7,Needs Attention
5048,8448.7,41.4,3.44,3,15.4,Needs Attention
5049,3950.3,54.2,2.31,2,9.2,Needs Attention
5050,7282.6,58.8,2.29,3,6.1,Needs Attention
5051,3730.2,70.8,1.73,4,13.4,Needs Attention
5052,3520.8,38.8,1.38,0,8.6,Healthy
5053,1628.4,37.4,1.23,1,2.4,Healthy
5054,2657.5,45.1,1.72,3,8.9,Needs Attention
5055,6759.7,30.2,2.04,1,6.5,Healthy
5056,7562.1,56.1,3.2,4,19.9,Critical
5057,3150.4,42.1,3.63,3,16.3,Needs Attention
5058,3967.3,65.9,1.88,2,12.9,Needs Attention
5059,8144.6,49.6,2.88,0,2.6,Healthy
5060,6505.8,48.3,2.32,5,10.5,Critical
5061,6113.4,38.3,0.85,0,4.5,Healthy
5062,5384.4,36.4,0.1,2,0.3,Needs Attention
5063,2480.5,46.4,1.54,4,3.5,Healthy
5064,7343.1,32.9,1.89,2,5.0,Healthy
5065,2796.2,45.4,2.61,1,9.7,Healthy
5066,9768.6,61.4,2.1,2,17.0,Needs Attention
5067,7778.6,43.0,0.1,0,0.2,Healthy
5068,9263.5,44.9,2.36,2,14.1,Critical
5069,4258.4,67.2,2.89,2,13.8,Needs Attention
5070,6067.6,46.6,2.15,1,8.1,Healthy
5071,5897.6,36.1,1.23,0,5.6,Healthy
5072,1671.5,54.5,2.17,3,15.5,Needs Attention
5073,3817.1,64.3,3.74,5,19.1,Critical
5074,9376.5,36.3,3.22,4,10.9,Needs Attention
5075,7088.1,48.5,1.99,0,8.8,Healthy
5076,5410.4,42.9,1.18,2,1.8,Needs Attention
5077,2337.3,51.3,2.09,4,9.8,Needs Attention
5078,772.6,62.0,2.65,2,10.6,Healthy
5079,6914.5,49.2,1.79,1,2.3,Healthy
5080,3307.2,40.3,0.99,1,3.2,Healthy
5081,8169.8,44.8,1.85,2,12.9,Needs Attention
5082,7521.3,55.8,0.47,0,2.0,Healthy
5083,8157.0,40.1,0.19,0,0.9,Healthy
5084,4112.3,48.6,0.54,0,0.3,Healthy
5085,6762.6,38.5,2.43,4,16.1,Needs Attention
5086,3043.1,65.4,2.67,1,11.3,Needs Attention
5087,8559.5,45.0,2.25,4,7.1,Needs Attention
5088,6150.5,63.6,3.48,4,18.2,Critical
5089,2281.3,48.9,1.24,1,8.2,Healthy
5090,5459.4,45.4,0.58,0,1.9,Healthy
5091,4167.6,78.0,5.15,6,18.8,Critical
5092,523.5,35.9,0.96,4,5.0,Healthy
5093,9975.7,57.9,4.46,3,19.7,Critical
5094,4271.5,28.2,0.6,0,1.1,Healthy
5095,4474.3,52.4,1.74,2,14.5,Needs Attention
5096,8300.9,53.0,2.93,4,9.8,Needs Attention
5097,4335.8,53.8,2.75,5,15.4,Needs Attention
5098,4995.0,45.1,0.12,0,0.9,Healthy
5099,3123.1,51.0,3.22,4,12.1,Needs Attention
5100,5586.9,42.2,1.4,0,1.2,Healthy
5101,7512.1,27.5,0.59,1,3.2,Healthy
5102,4751.1,43.3,1.0,0,2.1,Healthy
5103,8228.2,48.5,2.62,1,5.9,Needs Attention
5104,11191.1,59.6,3.61,5,19.7,Critical
5105,3838.4,48.0,2.18,1,7.0,Healthy
5106,3080.2,49.3,2.29,3,8.9,Needs Attention
5107,5056.7,56.6,1.25,0,8.0,Healthy
5108,2642.4,63.8,3.2,4,16.4,Critical
5109,3927.0,40.4,4.23,5,13.7,Needs Attention
5110,7250.4,41.3,2.04,0,0.8,Healthy
5111,1701.7,67.0,3.2,6,18.4,Needs Attention
5112,9083.6,47.1,2.79,3,15.1,Needs Attention
5113,2759.6,53.5,2.04,7,18.6,Needs Attention
5114,8422.7,45.3,1.65,3,6.4,Needs Attention
5115,10122.0,56.4,2.74,1,14.2,Needs Attention
5116,2144.4,66.9,2.89,2,15.2,Needs Attention
5117,6543.6,53.0,2.24,3,8.0,Needs Attention
5118,8318.7,43.0,1.59,0,4.6,Healthy
5119,9250.8,59.6,2.11,3,15.1,Healthy
5120,5500.4,72.3,3.06,2,13.8,Needs Attention
5121,4531.8,44.6,0.99,2,3.5,Healthy
5122,4065.6,58.5,1.47,1,4.2,Healthy
5123,2754.9,37.7,3.23,4,14.3,Needs Attention
5124,2575.3,69.5,2.73,2,14.9,Needs Attention
5125,3682.2,51.6,2.15,2,12.2,Needs Attention
5126,2328.7,50.3,2.25,3,13.4,Needs Attention
5127,3573.0,39.0,3.34,2,10.8,Healthy
5128,8245.6,51.7,2.29,4,9.7,Needs Attention
5129,6157.9,48.3,1.98,1,6.9,Healthy
5130,4605.6,44.7,1.6,4,12.3,Needs Attention
5131,9117.8,53.4,3.38,5,15.1,Needs Attention
5132,3841.6,44.1,0.8,0,0.4,Healthy
5133,1975.2,58.8,2.47,2,12.5,Healthy
5134,6354.2,48.4,1.68,6,14.6,Needs Attention
5135,4289.9,53.3,0.77,2,3.4,Healthy
5136,7079.1,45.7,1.89,1,5.0,Needs Attention
5137,182.8,37.8,2.09,1,1.0,Healthy
5138,5630.3,63.8,2.45,5,17.9,Needs Attention
5139,5242.9,64.5,3.16,3,13.5,Needs Attention
5140,7712.5,65.5,3.75,9,19.3,Critical
5141,3576.1,67.8,2.83,4,18.0,Needs Attention
5142,884.4,35.1,1.0,0,0.4,Healthy
5143,7941.0,69.0,3.91,5,18.6,Critical
5144,9107.0,74.3,2.93,5,16.5,Critical
5145,5607.5,57.8,1.6,1,11.6,Healthy
5146,3006.6,42.4,0.92,0,0.9,Healthy
5147,7236.0,70.8,2.43,5,19.2,Critical
5148,8147.6,61.7,2.62,6,19.7,Critical
5149,8345.9,56.8,2.98,6,16.9,Critical
5150,5084.9,38.3,1.73,2,6.5,Needs Attention
5151,3899.0,50.7,1.47,5,9.0,Needs Attention
5152,1772.3,36.8,2.1,2,5.0,Healthy
5153,6837.2,37.2,2.8,5,13.3,Needs Attention
5154,2477.3,57.6,1.38,0,2.3,Healthy
5155,5336.8,59.5,2.53,3,10.7,Needs Attention
5156,4740.2,63.0,4.11,4,11.7,Needs Attention
5157,4609.3,60.8,1.67,4,19.2,Critical
5158,6967.5,56.3,2.39,3,16.4,Needs Attention
5159,2063.7,53.1,1.54,2,7.5,Needs Attention
5160,4032.8,59.5,2.85,1,11.6,Needs Attention
5161,8360.0,30.4,1.77,0,6.6,Needs Attention
5162,2162.5,79.0,1.4,3,14.6,Needs Attention
5163,3945.6,41.7,0.9,3,1.6,Needs Attention
5164,3137.2,41.3,0.4,0,3.5,Healthy
5165,3029.4,50.4,0.75,0,2.0,Healthy
5166,1556.2,65.7,3.09,4,15.9,Needs Attention
5167,3083.1,30.2,0.89,1,6.8,Healthy
5168,7821.6,56.9,1.98,3,11.5,Needs Attention
5169,5748.8,42.9,1.23,0,6.1,Healthy
5170,8042.5,74.7,1.76,4,18.1,Needs Attention
5171,6939.9,50.1,1.89,2,8.1,Needs Attention
5172,5974.1,46.1,2.55,5,15.3,Critical
5173,3941.5,34.4,0.4,1,1.2,Healthy
5174,1360.4,47.5,2.58,0,2.8,Healthy
5175,3688.9,38.3,1.59,0,0.0,Healthy
5176,2810.0,28.2,1.78,0,8.7,Healthy
5177,2373.8,55.8,1.97,6,16.8,Needs Attention
5178,6802.4,51.9,1.16,0,0.9,Healthy
5179,3073.4,37.1,1.65,5,7.4,Needs Attention
5180,4562.8,28.9,1.45,1,11.1,Needs Attention
5181,1543.1,35.9,1.82,0,2.2,Healthy
5182,6739.0,44.2,1.8,3,12.2,Needs Attention
5183,7592.8,59.7,1.3,3,10.2,Needs Attention
5184,10517.6,27.2,2.71,4,18.0,Critical
5185,4697.7,37.5,0.62,0,1.6,Healthy
5186,5877.6,38.5,1.85,2,7.8,Healthy
5187,4128.3,52.1,1.45,4,6.1,Needs Attention
5188,4249.8,42.9,2.42,4,14.4,Needs Attention
5189,6413.4,66.0,1.27,7,19.8,Critical
5190,5932.4,58.7,3.16,3,12.4,Needs Attention
5191,7344.9,50.1,1.62,8,15.9,Critical
5192,3256.4,46.3,0.1,6,14.0,Needs Attention
5193,8025.3,31.9,1.88,0,2.3,Healthy
5194,6260.1,40.1,2.04,5,18.0,Needs Attention
5195,6838.6,56.2,1.7,3,9.2,Needs Attention
5196,6361.8,45.0,1.43,0,10.6,Needs Attention
5197,2354.8,37.9,1.28,4,6.3,Needs Attention
5198,4056.2,48.6,0.77,4,15.4,Needs Attention
5199,6654.5,50.9,2.47,2,10.2,Needs Attention
5200,3674.9,48.4,2.31,1,11.5,Needs Attention
5201,5886.5,53.4,2.5,5,17.4,Needs Attention
5202,6072.5,49.9,1.5,0,2.7,Healthy
5203,3115.5,47.1,3.41,3,13.3,Needs Attention
5204,5016.1,56.0,1.61,0,6.7,Healthy
5205,8405.8,46.1,0.66,0,4.4,Healthy
5206,4026.3,43.5,0.88,0,1.0,Healthy
5207,3358.1,50.5,2.21,2,11.0,Needs Attention
5208,4234.8,54.6,2.21,3,12.4,Needs Attention
5209,8023.6,49.6,1.96,0,2.7,Healthy
5210,8038.1,62.2,2.94,2,13.5,Critical
5211,4150.8,49.8,2.85,5,19.7,Critical
5212,2576.3,42.2,1.52,0,4.9,Healthy
5213,8664.4,62.0,2.16,3,10.4,Needs Attention
5214,6257.1,51.7,1.4,2,10.4,Healthy
5215,8470.5,79.4,3.61,3,17.5,Critical
5216,2309.5,73.4,3.13,0,13.9,Healthy
5217,3245.8,53.9,2.87,0,9.6,Healthy
5218,2018.7,34.9,1.81,0,2.8,Healthy
5219,2290.6,40.6,1.81,4,8.6,Needs Attention
5220,1180.9,55.4,0.99,2,3.7,Healthy
5221,2233.6,51.4,0.52,0,6.4,Healthy
5222,3744.2,63.2,3.33,5,16.5,Needs Attention
5223,1489.4,25.9,0.41,1,1.1,Healthy
5224,6462.0,49.2,1.63,2,12.7,Needs Attention
5225,8284.5,57.4,1.89,5,15.4,Critical
5226,2439.8,49.9,1.02,0,2.1,Healthy
5227,8999.9,63.3,1.99,6,18.2,Critical
5228,3123.2,55.3,2.6,4,16.1,Needs Attention
5229,6626.6,76.9,2.51,6,18.6,Critical
5230,6370.4,51.1,1.77,2,15.1,Needs Attention
5231,6407.5,74.2,2.85,3,15.7,Needs Attention
5232,8423.3,48.6,1.77,2,11.8,Needs Attention
5233,4049.7,56.6,1.82,2,9.6,Healthy
5234,2913.8,50.1,0.87,1,2.0,Healthy
5235,4725.9,55.0,3.04,6,16.4,Needs Attention
5236,3569.9,72.7,2.72,7,16.5,Critical
5237,7956.4,32.0,1.76,1,7.4,Needs Attention
5238,3278.7,59.6,1.5,0,8.1,Healthy
5239,2375.1,53.1,1.75,3,11.1,Needs Attention
5240,3780.2,54.0,1.14,2,1.6,Healthy
5241,8357.8,58.7,3.3,3,16.2,Needs Attention
5242,7967.1,40.5,2.45,3,15.6,Needs Attention
5243,5842.1,43.6,1.07,0,3.9,Healthy
5244,6944.2,57.6,2.51,1,6.4,Healthy
5245,6767.8,37.3,1.06,3,3.0,Healthy
5246,7080.0,27.6,0.94,2,4.8,Needs Attention
5247,1597.9,51.0,3.55,7,17.9,Needs Attention
5248,7876.0,50.2,2.25,1,5.6,Healthy
5249,4115.7,65.2,2.46,4,17.9,Critical
5250,6406.5,60.2,2.74,5,17.9,Needs Attention
5251,3826.1,53.1,2.3,2,13.7,Healthy
5252,6253.1,46.0,2.38,4,11.0,Needs Attention
5253,5157.0,52.1,0.36,0,2.1,Healthy
5254,1465.1,38.8,0.59,1,3.3,Healthy
5255,2762.5,43.4,2.69,5,12.9,Needs Attention
5256,2137.1,49.6,1.39,0,3.8,Healthy
5257,7679.7,62.1,2.89,4,14.1,Needs Attention
5258,8017.3,58.8,1.78,3,18.9,Needs Attention
5259,11183.1,80.6,3.16,5,17.5,Critical
5260,6276.5,29.2,1.69,0,6.9,Healthy
5261,2884.1,71.9,0.62,4,8.8,Needs Attention
5262,2134.8,55.2,1.8,4,11.0,Needs Attention
5263,9248.3,50.6,2.8,2,10.4,Needs Attention
5264,6708.5,35.6,0.1,3,4.2,Healthy
5265,3670.2,42.4,0.1,3,1.1,Healthy
5266,6389.6,49.3,1.95,1,2.4,Healthy
5267,5778.3,33.1,1.61,1,3.2,Healthy
5268,8800.0,44.4,2.1,3,17.0,Needs Attention
5269,1812.5,39.2,2.53,1,5.0,Healthy
5270,5828.0,23.8,1.17,0,0.8,Healthy
5271,11018.1,47.9,2.53,5,16.2,Critical
5272,7930.5,48.0,0.29,2,6.1,Healthy
5273,6547.8,52.8,1.81,1,3.9,Healthy
5274,3664.0,72.3,2.73,1,14.7,Needs Attention
5275,7378.9,38.9,2.03,6,18.2,Critical
5276,8427.2,52.1,2.28,2,11.7,Needs Attention
5277,7500.3,39.6,2.38,1,7.9,Needs Attention
5278,1828.3,30.8,0.87,2,0.8,Healthy
5279,9866.4,61.1,2.27,3,14.0,Needs Attention
5280,2259.2,35.0,1.68,2,2.1,Healthy
5281,4045.2,49.0,1.15,3,0.9,Healthy
5282,6159.3,46.9,1.16,0,3.6,Healthy
5283,4322.3,60.4,3.18,4,13.3,Needs Attention
5284,7613.3,36.9,2.11,2,9.2,Needs Attention
5285,8131.8,49.2,1.21,2,3.8,Needs Attention
5286,3664.2,50.9,1.61,2,10.8,Needs Attention
5287,7042.8,64.6,3.27,4,15.8,Needs Attention
5288,11328.7,61.1,3.01,5,18.3,Critical
5289,8049.1,59.5,2.88,5,19.8,Critical
5290,2552.1,61.2,3.09,6,18.2,Needs Attention
5291,3817.3,51.7,0.53,0,5.8,Healthy
5292,8019.3,60.4,2.21,3,14.2,Needs Attention
5293,6636.4,66.6,3.4,6,18.5,Critical
5294,5167.5,41.0,2.29,5,12.2,Needs Attention
5295,745.6,48.5,1.45,4,4.1,Needs Attention
5296,8747.2,70.1,2.48,6,18.9,Critical
5297,4201.9,61.0,2.42,6,18.1,Needs Attention
5298,4454.4,59.2,1.44,7,17.3,Needs Attention
5299,5994.4,39.5,1.38,2,7.1,Healthy
5300,7949.8,44.4,0.69,3,5.8,Needs Attention
5301,3824.8,50.2,2.43,5,11.9,Needs Attention
5302,5771.0,59.8,2.09,5,16.0,Needs Attention
5303,3443.3,43.6,2.37,1,5.8,Needs Attention
5304,4660.4,43.2,0.68,0,1.8,Healthy
5305,7810.6,49.3,2.24,0,5.0,Healthy
5306,8006.3,43.4,1.47,0,2.8,Healthy
5307,8260.0,39.3,3.79,3,16.2,Needs Attention
5308,1053.6,48.3,1.92,2,6.3,Healthy
5309,5055.8,27.8,2.56,2,12.4,Needs Attention
5310,6553.8,30.1,0.63,1,3.6,Needs Attention
5311,7929.6,44.0,1.61,1,3.4,Healthy
5312,5812.3,40.7,1.15,0,0.5,Healthy
5313,8391.3,41.5,2.07,1,6.0,Healthy
5314,10010.6,41.0,3.55,2,11.9,Needs Attention
5315,4601.5,44.9,1.72,2,4.9,Healthy
5316,2262.2,34.4,3.42,6,13.4,Needs Attention
5317,4176.2,36.8,1.74,1,5.3,Healthy
5318,4424.7,38.9,1.12,0,1.0,Healthy
5319,10964.9,50.2,2.02,7,19.9,Critical
5320,5811.1,60.9,2.82,2,15.0,Needs Attention
5321,3147.4,50.4,1.85,2,6.5,Healthy
5322,4925.0,38.7,2.86,5,11.0,Needs Attention
5323,5230.7,47.2,2.5,7,14.1,Needs Attention
5324,8293.5,42.9,1.19,2,6.9,Needs Attention
5325,5766.4,58.7,3.68,6,19.7,Needs Attention
5326,3944.4,57.7,1.19,4,18.5,Critical
5327,4988.6,60.3,2.66,2,10.8,Needs Attention
5328,5109.2,53.5,2.0,0,6.5,Healthy
5329,4492.5,39.4,1.51,1,4.2,Healthy
5330,7231.9,42.6,1.07,1,0.4,Healthy
5331,5964.4,67.1,1.5,2,6.2,Healthy
5332,6351.7,44.0,1.29,1,3.0,Healthy
5333,5210.3,78.3,4.36,4,19.1,Critical
5334,1523.2,51.2,2.17,1,7.9,Healthy
5335,6096.9,51.1,2.57,2,9.5,Needs Attention
5336,5519.4,46.8,0.1,2,7.5,Needs Attention
5337,2901.3,48.8,2.19,0,2.3,Healthy
5338,3744.0,42.1,2.94,3,19.3,Needs Attention
5339,8135.1,51.3,2.16,0,3.7,Healthy
5340,7570.0,58.4,1.53,3,10.5,Needs Attention
5341,5683.4,48.3,0.94,1,2.8,Healthy
5342,6152.4,47.0,3.52,7,18.0,Critical
5343,3425.1,61.2,2.89,4,12.5,Needs Attention
5344,3325.6,67.5,2.96,5,12.8,Needs Attention
5345,1617.4,36.2,2.02,0,2.6,Healthy
5346,6598.4,48.3,2.2,4,18.0,Needs Attention
5347,1486.3,40.2,2.35,4,2.8,Healthy
5348,2949.1,53.6,1.25,6,7.7,Needs Attention
5349,4137.9,53.8,3.76,5,16.7,Needs Attention
5350,7639.0,84.3,3.76,7,18.9,Critical
5351,2489.0,37.9,1.46,0,0.5,Healthy
5352,5418.6,42.5,1.85,4,10.9,Needs Attention
5353,7087.5,43.1,1.2,2,8.5,Needs Attention
5354,8051.2,55.1,1.15,0,5.2,Healthy
5355,7939.5,39.4,1.18,3,5.9,Healthy
5356,6077.9,40.6,0.94,1,0.4,Healthy
5357,6205.6,32.6,1.62,0,5.1,Healthy
5358,3793.5,48.7,1.27,0,7.8,Healthy
5359,6963.0,46.3,1.53,3,8.7,Needs Attention
5360,3564.6,45.2,2.23,0,2.6,Healthy
5361,3647.1,45.4,2.33,5,17.8,Needs Attention
5362,6975.1,59.7,2.42,4,14.0,Critical
5363,6149.1,69.1,2.86,3,19.3,Critical
5364,10562.0,55.1,3.08,4,18.3,Critical
5365,5269.2,50.3,3.99,6,17.6,Critical
5366,6001.0,52.7,1.84,7,12.7,Needs Attention
5367,8141.6,76.1,1.8,5,18.4,Critical
5368,1410.1,62.0,2.44,2,9.3,Healthy
5369,4130.1,35.0,1.01,2,1.9,Healthy
5370,4678.6,21.5,1.17,2,1.7,Healthy
5371,8898.0,45.6,2.59,4,14.6,Needs Attention
5372,9952.6,43.3,2.18,3,12.8,Critical
5373,9884.8,50.7,2.31,7,17.1,Critical
5374,6377.4,55.6,1.41,3,13.8,Needs Attention
5375,3505.1,60.4,2.12,1,12.5,Healthy
5376,3382.9,52.6,0.69,0,1.2,Healthy
5377,8154.8,63.4,3.05,3,13.1,Needs Attention
5378,6146.0,62.8,2.91,3,13.0,Needs Attention
5379,2479.3,71.9,2.21,4,10.9,Needs Attention
5380,6010.2,61.6,1.48,1,4.7,Healthy
5381,8088.8,52.7,2.5,6,13.0,Critical
5382,10493.5,58.3,2.21,6,18.1,Critical
5383,3937.5,49.3,2.16,4,10.6,Needs Attention
5384,6848.5,57.0,1.01,6,19.6,Critical
5385,7229.1,71.2,2.28,3,15.0,Needs Attention
5386,2764.8,64.9,3.15,3,12.8,Needs Attention
5387,1630.4,65.2,1.01,3,9.8,Needs Attention
5388,5719.9,83.6,2.57,4,19.7,Critical
5389,8868.8,42.3,4.47,5,19.2,Critical
5390,5857.6,69.6,2.49,6,19.5,Critical
5391,1303.3,44.1,1.66,3,9.5,Healthy
5392,8845.7,56.5,3.07,6,17.8,Critical
5393,1938.7,66.1,4.13,6,18.6,Needs Attention
5394,479.8,32.1,0.9,0,0.7,Healthy
5395,3571.6,56.6,2.18,4,8.1,Healthy
5396,2095.8,44.0,0.7,0,2.3,Healthy
5397,3470.0,63.8,2.46,1,9.8,Needs Attention
5398,3281.7,49.1,1.76,2,8.4,Healthy
5399,5251.6,52.1,1.13,4,3.4,Healthy
5400,1192.5,34.8,1.79,2,5.2,Healthy
5401,8584.7,50.2,2.44,4,13.7,Critical
5402,6545.2,44.7,2.18,4,18.7,Critical
5403,7875.4,42.5,1.84,0,3.1,Healthy
5404,5345.6,56.8,1.62,5,14.8,Needs Attention
5405,4735.5,49.3,0.7,0,6.2,Healthy
5406,2568.7,47.7,0.38,0,2.0,Healthy
5407,6363.5,34.8,2.06,1,4.5,Needs Attention
5408,4847.7,36.8,2.74,2,10.5,Needs Attention
5409,8608.2,67.1,2.36,5,16.7,Needs Attention
5410,5002.2,56.3,2.75,4,14.3,Needs Attention
5411,8307.9,54.7,2.96,6,16.1,Needs Attention
5412,3684.8,50.6,1.96,2,5.8,Healthy
5413,7864.1,51.5,2.35,3,6.6,Needs Attention
5414,3904.1,61.1,2.36,3,9.1,Needs Attention
5415,6190.9,33.9,1.77,0,0.7,Healthy
5416,2958.6,51.1,2.04,0,9.2,Healthy
5417,5782.6,47.6,1.42,1,5.4,Healthy
5418,4869.6,44.5,3.2,1,16.7,Needs Attention
5419,5478.4,68.1,1.64,1,8.0,Needs Attention
5420,2119.6,33.5,0.3,0,1.6,Healthy
5421,1521.4,48.8,1.89,0,4.5,Healthy
5422,6803.1,57.5,1.34,1,9.5,Needs Attention
5423,2042.3,53.9,2.49,0,9.9,Healthy
5424,9244.9,42.1,2.58,6,15.8,Critical
5425,6269.6,40.6,2.85,5,19.6,Critical
5426,9776.2,49.6,2.73,5,12.8,Needs Attention
5427,1727.9,71.9,2.02,3,7.9,Healthy
5428,6311.7,50.9,3.02,3,17.3,Critical
5429,2323.4,36.6,1.65,0,0.4,Healthy
5430,3801.0,36.0,0.99,0,4.4,Healthy
5431,8398.6,47.0,1.91,1,16.2,Needs Attention
5432,8635.9,37.8,1.45,2,11.4,Healthy
5433,2044.5,48.8,0.32,0,1.9,Healthy
5434,584.7,39.6,1.38,3,6.9,Healthy
5435,2341.2,33.7,0.1,0,0.3,Healthy
5436,6221.9,43.1,2.08,0,5.9,Healthy
5437,3007.7,57.1,2.13,1,6.2,Healthy
5438,2008.0,46.5,0.13,0,5.0,Healthy
5439,5109.3,37.3,3.08,5,18.8,Needs Attention
5440,1024.3,37.1,0.61,3,2.2,Healthy
5441,7666.2,31.1,0.68,0,3.7,Healthy
5442,5432.7,36.7,0.69,1,4.2,Healthy
5443,1726.1,40.6,0.28,0,3.2,Healthy
5444,3661.7,39.3,2.25,5,16.0,Needs Attention
5445,4367.5,48.8,1.05,0,6.8,Healthy
5446,5060.8,33.2,1.09,0,3.1,Healthy
5447,2725.9,58.5,3.19,2,5.8,Healthy
5448,3865.3,38.8,1.53,6,14.9,Needs Attention
5449,5266.9,47.7,1.14,1,8.5,Healthy
5450,7086.5,56.5,2.91,3,8.3,Needs Attention
5451,6541.3,63.6,2.85,6,15.4,Critical
5452,8650.1,55.3,1.81,2,10.5,Needs Attention
5453,8815.1,52.1,1.91,3,16.8,Needs Attention
5454,2974.0,32.2,1.02,0,0.5,Needs Attention
5455,9110.0,40.3,1.9,1,9.5,Needs Attention
5456,5593.2,53.0,1.3,4,10.9,Needs Attention
5457,4637.1,55.3,1.62,2,3.8,Healthy
5458,4684.6,40.9,1.76,1,4.3,Healthy
5459,8541.2,49.6,2.04,2,7.4,Needs Attention
5460,3262.4,43.1,3.16,1,7.6,Healthy
5461,2764.8,38.2,0.68,1,3.0,Healthy
5462,1127.9,50.9,1.42,0,5.4,Healthy
5463,3843.7,47.2,2.04,1,10.3,Healthy
5464,6463.8,60.4,1.09,3,11.9,Needs Attention
5465,8412.6,41.9,0.11,1,3.5,Healthy
5466,9269.4,40.0,2.59,1,13.2,Needs Attention
5467,7990.6,63.0,1.51,3,13.5,Needs Attention
5468,3682.5,40.0,1.34,2,3.8,Healthy
5469,9082.5,55.8,2.04,4,18.1,Needs Attention
5470,5897.3,38.8,1.24,0,0.6,Healthy
5471,3236.0,51.5,0.12,4,3.5,Needs Attention
5472,8326.4,49.6,1.25,2,2.6,Healthy
5473,1200.3,45.1,0.87,0,0.9,Healthy
5474,4253.2,36.7,1.02,2,2.9,Healthy
5475,1529.4,37.8,0.51,0,5.2,Healthy
5476,6978.8,48.9,3.05,3,12.7,Needs Attention
5477,5465.3,53.2,1.2,0,9.4,Healthy
5478,3290.4,46.5,0.72,2,3.0,Healthy
5479,6114.3,36.8,1.21,3,3.8,Healthy
5480,5427.9,56.2,2.81,3,13.8,Needs Attention
5481,2465.2,57.3,1.31,4,12.2,Needs Attention
5482,4319.1,57.0,1.97,0,9.8,Healthy
5483,2987.5,68.1,2.49,4,18.9,Critical
5484,2524.2,34.6,1.43,6,15.9,Needs Attention
5485,4093.5,53.3,2.86,2,11.6,Needs Attention
5486,3067.0,49.0,1.25,0,4.5,Healthy
5487,2304.9,52.7,2.03,5,10.9,Needs Attention
5488,7634.9,35.7,1.77,2,4.8,Needs Attention
5489,4250.2,55.2,2.77,5,18.5,Needs Attention
5490,5869.2,42.7,0.98,2,6.5,Healthy
5491,5721.4,35.2,2.02,5,11.6,Needs Attention
5492,7645.8,66.7,2.47,5,14.4,Critical
5493,2337.7,42.5,1.13,1,5.2,Healthy
5494,5469.4,34.0,3.0,2,5.8,Needs Attention
5495,2646.0,57.9,2.18,2,9.0,Healthy
5496,7473.9,43.5,1.26,2,12.7,Needs Attention
5497,3916.5,33.2,0.26,1,9.1,Healthy
5498,7417.3,51.6,2.29,1,4.5,Healthy
5499,890.4,49.3,1.77,3,7.9,Needs Attention
5500,8006.1,33.4,3.08,1,10.8,Needs Attention
5501,6323.9,56.8,2.87,3,13.7,Needs Attention
5502,7588.1,63.7,1.27,6,16.7,Needs Attention
5503,5252.2,59.6,3.92,4,17.5,Critical
5504,7433.5,62.7,1.35,2,16.0,Needs Attention
5505,2701.3,38.9,2.51,2,12.9,Needs Attention
5506,6025.4,58.0,1.31,0,2.8,Healthy
5507,1545.5,60.4,2.06,4,14.7,Needs Attention
5508,3719.6,44.7,1.9,0,2.0,Healthy
5509,3829.3,41.1,2.11,0,0.8,Healthy
5510,7534.7,45.6,1.84,0,10.0,Needs Attention
5511,3298.0,38.2,1.32,0,2.1,Healthy
5512,8834.7,55.8,1.82,5,16.9,Critical
5513,5459.1,41.2,1.36,0,5.9,Needs Attention
5514,3823.8,64.0,1.13,2,17.0,Needs Attention
5515,3685.7,53.4,0.61,1,2.7,Healthy
5516,2636.1,60.6,1.77,2,7.5,Healthy
5517,1802.8,50.9,1.95,5,11.2,Needs Attention
5518,2587.9,64.9,2.41,2,12.9,Needs Attention
5519,6438.1,51.2,1.51,5,14.5,Needs Attention
5520,7135.5,47.0,1.47,0,0.1,Healthy
5521,2025.0,42.2,1.96,5,8.3,Needs Attention
5522,2778.4,57.3,3.26,1,6.0,Healthy
5523,2874.7,46.8,2.49,0,11.6,Needs Attention
5524,4590.7,62.3,1.42,2,5.9,Healthy
5525,4535.9,35.9,2.92,4,16.3,Needs Attention
5526,6317.6,38.6,2.09,4,19.0,Critical
5527,7695.9,57.1,2.26,0,9.8,Needs Attention
5528,1478.2,36.4,0.57,0,0.9,Healthy
5529,1821.1,41.8,2.37,2,6.9,Needs Attention
5530,7219.6,46.5,1.12,1,3.0,Healthy
5531,4271.3,43.7,2.64,3,15.7,Needs Attention
5532,5416.8,51.7,2.17,2,6.1,Healthy
5533,5028.7,64.9,2.07,6,19.5,Critical
5534,2006.5,38.0,1.06,0,4.7,Healthy
5535,5941.0,48.4,2.61,2,8.3,Needs Attention
5536,6081.9,50.9,2.39,2,9.9,Healthy
5537,4272.5,36.9,1.73,2,9.3,Healthy
5538,5983.7,30.3,1.27,0,3.8,Healthy
5539,7120.2,42.2,0.79,0,3.6,Healthy
5540,7842.9,49.6,2.12,3,10.3,Needs Attention
5541,10030.7,58.0,1.89,4,13.7,Critical
5542,7195.6,40.0,1.47,0,0.3,Healthy
5543,4199.0,49.7,1.28,0,5.2,Healthy
5544,7703.9,40.8,1.66,5,6.3,Needs Attention
5545,2872.0,47.3,3.41,6,17.3,Needs Attention
5546,4833.7,57.9,2.48,2,19.8,Critical
5547,3900.1,45.6,0.61,4,2.5,Needs Attention
5548,2114.8,61.9,1.05,4,3.6,Healthy
5549,6631.3,51.4,1.73,3,11.0,Needs Attention
5550,5441.9,20.5,0.92,0,0.6,Healthy
5551,4671.7,29.2,1.41,0,8.2,Healthy
5552,4093.4,65.6,2.46,4,10.7,Needs Attention
5553,9095.7,33.8,2.64,5,8.5,Needs Attention
5554,7259.1,59.4,0.49,1,2.7,Healthy
5555,6700.1,45.5,1.44,0,0.7,Healthy
5556,7039.4,57.2,1.67,2,12.3,Needs Attention
5557,1364.8,42.2,1.61,0,0.2,Healthy
5558,2760.7,64.5,3.08,9,19.3,Critical
5559,8549.5,47.9,1.93,6,15.5,Critical
5560,5887.8,55.2,0.88,0,5.8,Healthy
5561,5183.5,56.9,2.29,0,0.7,Healthy
5562,6171.0,53.4,0.25,3,0.0,Healthy
5563,2098.4,39.8,2.11,0,4.4,Healthy
5564,6607.4,47.8,1.43,1,2.0,Healthy
5565,6954.4,48.3,1.88,0,7.1,Healthy
5566,1305.1,46.0,0.1,0,3.5,Healthy
5567,3544.3,58.1,1.99,3,10.3,Needs Attention
5568,836.7,40.7,0.58,0,0.1,Healthy
5569,2793.9,44.4,0.88,0,1.9,Healthy
5570,3636.5,64.3,3.31,8,13.5,Needs Attention
5571,4268.6,52.2,2.51,5,17.7,Needs Attention
5572,7918.6,40.5,1.71,0,4.8,Healthy
5573,6452.0,53.5,2.27,4,16.2,Needs Attention
5574,4592.3,74.9,3.44,5,16.8,Critical
5575,1680.6,40.7,1.47,2,6.1,Needs Attention
5576,3812.3,39.0,0.8,1,5.3,Healthy
5577,2139.4,36.0,2.81,2,10.3,Healthy
5578,7078.8,65.7,3.46,3,13.4,Needs Attention
5579,2895.2,70.4,2.71,3,13.0,Needs Attention
5580,7076.7,59.2,2.05,0,7.9,Healthy
5581,1274.3,50.5,2.87,0,3.4,Healthy
5582,3299.5,51.0,1.95,0,3.1,Healthy
5583,2909.3,39.9,1.84,2,5.9,Healthy
5584,3442.8,33.1,1.86,1,8.1,Healthy
5585,6178.1,47.4,1.15,0,7.1,Needs Attention
5586,3256.5,50.3,3.62,4,12.1,Needs Attention
5587,3355.6,62.4,0.39,4,15.7,Needs Attention
5588,1626.4,56.2,1.38,1,8.5,Healthy
5589,7937.6,51.2,2.76,4,19.8,Critical
5590,422.0,46.1,1.2,2,1.8,Healthy
5591,1139.6,50.5,1.54,0,5.3,Healthy
5592,8245.8,53.7,2.09,4,15.1,Needs Attention
5593,3924.6,36.4,1.1,0,0.5,Healthy
5594,6004.0,44.5,1.01,0,0.3,Healthy
5595,5934.9,52.7,2.65,4,16.2,Needs Attention
5596,1379.2,60.4,3.33,4,11.8,Needs Attention
5597,3276.8,55.6,2.4,4,16.3,Needs Attention
5598,2142.8,49.9,3.04,6,15.3,Needs Attention
5599,5061.2,50.2,1.23,0,6.7,Healthy
5600,5766.8,56.4,1.96,4,8.0,Needs Attention
5601,9513.5,66.4,1.29,5,12.1,Critical
5602,4532.6,78.7,3.02,6,18.1,Critical
5603,8064.8,46.6,1.81,1,4.4,Healthy
5604,2262.9,47.3,2.07,1,5.9,Healthy
5605,2858.3,37.6,1.35,0,2.2,Healthy
5606,4951.8,56.3,1.8,1,8.8,Healthy
5607,8511.4,39.3,3.48,6,17.1,Critical
5608,8398.1,65.6,3.14,2,14.6,Needs Attention
5609,7751.7,42.0,2.1,0,6.1,Healthy
5610,3989.2,46.1,2.56,1,10.9,Healthy
5611,7185.7,38.7,2.55,2,5.5,Healthy
5612,2134.4,46.9,1.32,6,11.1,Needs Attention
5613,5308.2,44.3,1.83,1,1.7,Needs Attention
5614,6182.7,64.7,1.56,0,7.9,Healthy
5615,5523.5,36.4,1.67,0,7.7,Healthy
5616,4998.2,39.9,1.01,3,5.3,Needs Attention
5617,8696.5,38.8,1.52,3,6.3,Needs Attention
5618,3708.1,43.3,2.64,7,15.8,Critical
5619,3184.8,63.1,2.62,3,16.7,Needs Attention
5620,4125.9,47.9,1.83,1,6.1,Healthy
5621,9721.3,49.9,1.68,4,9.2,Needs Attention
5622,4551.2,60.6,3.15,4,18.9,Critical
5623,1406.5,37.1,2.84,3,9.7,Needs Attention
5624,3798.0,49.0,0.94,2,5.2,Healthy
5625,2865.8,52.1,1.53,4,14.8,Needs Attention
5626,5445.5,58.2,0.57,0,5.4,Healthy
5627,7619.2,55.2,1.58,0,11.0,Needs Attention
5628,9956.1,59.9,1.9,5,19.2,Critical
5629,2847.8,43.4,1.87,3,4.7,Healthy
5630,2665.0,58.6,2.89,3,12.6,Needs Attention
5631,11111.7,50.8,2.21,7,19.2,Critical
5632,8367.7,50.1,2.77,1,7.3,Needs Attention
5633,849.8,40.8,1.31,0,5.3,Healthy
5634,2241.6,42.0,1.68,0,6.0,Healthy
5635,2487.1,65.5,1.28,6,12.0,Needs Attention
5636,7208.8,57.0,2.85,2,11.7,Healthy
5637,4144.8,39.8,1.22,3,9.2,Healthy
5638,1476.2,42.4,4.27,5,18.6,Needs Attention
5639,1382.5,54.0,3.09,6,18.8,Critical
5640,4689.4,45.0,0.92,0,1.6,Healthy
5641,8429.7,61.0,2.76,7,14.6,Needs Attention
5642,2466.8,53.7,3.02,3,12.6,Needs Attention
5643,10531.2,58.5,3.16,6,18.5,Critical
5644,4652.4,55.3,2.4,0,5.5,Healthy
5645,830.0,39.2,1.44,0,3.5,Healthy
5646,5277.9,72.4,1.79,1,12.8,Needs Attention
5647,4682.6,73.6,3.61,1,14.4,Needs Attention
5648,5462.2,40.5,2.21,3,8.6,Healthy
5649,291.4,43.3,0.68,3,3.1,Healthy
5650,2614.2,67.0,3.33,5,17.8,Needs Attention
5651,7508.2,42.0,1.49,0,1.8,Healthy
5652,1691.6,39.5,0.1,0,0.3,Healthy
5653,4760.4,69.7,1.19,5,16.7,Critical
5654,6239.4,55.7,3.54,2,17.6,Needs Attention
5655,8084.2,64.0,1.86,1,10.6,Needs Attention
5656,6846.1,58.0,2.07,6,17.9,Critical
5657,1937.5,37.3,2.98,2,9.1,Healthy
5658,4342.6,44.2,1.57,3,18.3,Needs Attention
5659,3196.8,54.1,1.87,5,16.2,Critical
5660,9844.2,49.1,2.67,0,13.1,Needs Attention
5661,6935.3,41.4,2.78,5,17.8,Needs Attention
5662,3872.7,61.9,1.86,2,13.5,Needs Attention
5663,5022.6,37.2,1.49,1,4.7,Needs Attention
5664,6569.6,68.6,3.06,1,16.2,Needs Attention
5665,7137.7,63.9,1.98,5,9.6,Needs Attention
5666,6270.8,40.1,2.11,5,13.9,Needs Attention
5667,5111.1,66.0,2.26,5,12.0,Needs Attention
5668,3857.6,49.8,1.02,0,0.3,Healthy
5669,6272.9,66.6,3.23,4,18.3,Critical
5670,7577.1,43.4,2.26,4,11.6,Needs Attention
5671,9271.7,60.5,1.8,6,12.0,Needs Attention
5672,4326.6,41.4,2.49,2,14.9,Needs Attention
5673,3511.0,57.2,0.86,7,10.3,Needs Attention
5674,6278.9,58.8,3.3,4,17.1,Critical
5675,7066.5,45.2,3.24,0,7.1,Needs Attention
5676,7161.9,41.1,2.23,2,8.0,Needs Attention
5677,4592.6,48.7,1.21,0,4.3,Healthy
5678,5679.5,48.5,1.11,0,3.5,Healthy
5679,5822.9,51.3,1.17,2,12.9,Needs Attention
5680,8078.5,69.0,1.34,1,11.6,Healthy
5681,7388.7,51.9,2.58,6,13.8,Critical
5682,2938.3,53.5,3.28,6,18.2,Critical
5683,4551.6,51.1,0.91,2,3.3,Healthy
5684,8607.3,58.5,2.37,7,19.1,Critical
5685,4929.9,42.8,0.64,0,2.4,Healthy
5686,5570.4,39.8,1.44,1,7.0,Healthy
5687,1880.6,71.6,2.71,4,18.1,Needs Attention
5688,6028.4,49.1,1.91,2,5.2,Needs Attention
5689,3796.8,46.9,2.38,3,9.5,Needs Attention
5690,5815.3,67.8,1.5,2,5.7,Healthy
5691,697.5,54.1,2.97,4,11.9,Needs Attention
5692,2196.1,51.4,1.88,3,13.1,Needs Attention
5693,5908.4,50.7,2.53,2,12.8,Needs Attention
5694,1949.4,33.4,2.12,4,8.6,Needs Attention
5695,9346.5,64.8,2.14,4,15.6,Critical
5696,3354.2,53.7,1.5,0,7.4,Healthy
5697,4540.3,40.6,0.94,0,8.0,Healthy
5698,5083.3,54.3,1.54,3,11.3,Needs Attention
5699,3054.0,56.1,2.38,1,14.0,Healthy
5700,1336.1,52.6,1.39,1,3.4,Healthy
5701,8258.3,38.0,1.78,0,2.7,Healthy
5702,8716.4,51.2,3.32,3,14.3,Needs Attention
5703,3141.5,57.6,3.22,3,8.9,Needs Attention
5704,8778.9,47.5,1.69,4,10.7,Needs Attention
5705,4769.3,59.5,2.49,5,18.6,Needs Attention
5706,2681.7,57.8,3.0,5,8.5,Needs Attention
5707,2807.4,44.7,1.85,4,7.6,Needs Attention
5708,3424.2,31.9,1.69,0,0.0,Healthy
5709,4682.6,53.4,3.45,7,18.3,Critical
5710,4783.5,56.6,2.13,7,18.9,Critical
5711,6181.6,50.3,0.85,1,7.3,Healthy
5712,4816.3,46.5,1.71,0,4.9,Healthy
5713,7785.9,56.8,1.72,3,16.7,Needs Attention
5714,8237.6,56.6,2.19,5,8.7,Needs Attention
5715,3242.9,50.5,2.06,7,11.5,Needs Attention
5716,6226.7,60.9,2.27,0,4.2,Healthy
5717,11218.8,36.2,3.94,3,18.6,Needs Attention
5718,4780.8,60.1,1.35,2,1.9,Healthy
5719,9199.1,63.7,1.88,0,10.1,Needs Attention
5720,7689.3,47.9,2.25,1,9.8,Needs Attention
5721,6607.1,60.6,2.26,6,19.3,Critical
5722,6790.6,66.3,4.4,5,19.6,Critical
5723,1706.2,44.7,0.61,0,0.4,Healthy
5724,7750.7,41.4,2.1,1,8.0,Healthy
5725,9689.1,68.4,3.01,5,14.1,Critical
5726,5098.7,51.1,1.58,5,8.2,Needs Attention
5727,4322.4,47.0,2.17,5,12.9,Needs Attention
5728,4126.6,69.0,3.42,6,18.9,Critical
5729,1876.4,42.5,1.73,2,4.6,Healthy
5730,5597.3,63.1,1.66,4,12.2,Needs Attention
5731,4153.2,47.0,0.9,2,2.7,Healthy
5732,2993.6,48.9,2.64,4,9.4,Needs Attention
5733,7940.2,44.6,2.59,3,5.1,Needs Attention
5734,8979.6,39.6,2.81,3,14.5,Critical
5735,8174.9,63.8,4.02,4,17.0,Critical
5736,4157.4,72.0,3.43,6,17.6,Critical
5737,4860.3,52.2,1.6,1,12.1,Healthy
5738,3494.4,65.5,1.11,3,9.9,Needs Attention
5739,4890.1,51.1,1.69,2,7.7,Healthy
5740,1184.8,42.2,0.78,1,3.3,Healthy
5741,7889.8,49.6,1.92,5,16.0,Needs Attention
5742,5452.4,32.8,0.93,2,4.9,Healthy
5743,5739.7,46.7,1.11,0,8.0,Healthy
5744,4445.7,39.5,1.54,0,3.8,Healthy
5745,5441.6,77.0,1.82,6,16.6,Critical
5746,9059.4,64.9,2.95,2,19.7,Critical
5747,8197.5,45.7,3.12,7,19.4,Critical
5748,8186.7,53.6,2.09,2,8.7,Needs Attention
5749,9638.9,49.0,2.21,3,19.3,Critical
5750,3415.1,69.9,3.21,2,17.6,Needs Attention
5751,5332.1,52.6,0.31,1,0.3,Healthy
5752,5119.2,36.6,1.73,1,0.7,Healthy
5753,9307.1,58.2,2.06,1,10.0,Needs Attention
5754,4841.7,42.2,1.13,0,8.4,Healthy
5755,2163.8,26.9,1.44,2,10.7,Healthy
5756,7197.3,58.1,3.33,5,12.2,Needs Attention
5757,5456.1,68.3,3.43,1,15.7,Needs Attention
5758,4117.5,45.0,1.1,1,9.8,Needs Attention
5759,6980.3,54.5,4.61,4,13.2,Needs Attention
5760,3373.8,39.7,0.93,1,3.7,Needs Attention
5761,8071.9,53.5,2.36,4,12.7,Needs Attention
5762,1544.2,47.2,1.67,3,12.6,Needs Attention
5763,4856.8,28.4,1.97,2,5.9,Healthy
5764,2441.2,57.9,1.65,3,11.3,Needs Attention
5765,7754.5,54.6,0.59,2,11.3,Needs Attention
5766,4942.7,53.7,1.35,1,5.5,Needs Attention
5767,7457.1,42.7,1.53,1,7.5,Healthy
5768,1589.0,37.7,1.04,1,5.2,Healthy
5769,2381.4,55.0,2.18,0,12.4,Healthy
5770,6123.0,32.5,0.94,2,0.7,Healthy
5771,8313.5,56.6,1.71,1,11.3,Healthy
5772,1923.8,50.6,1.2,1,6.0,Healthy
5773,3868.0,20,0.18,1,4.3,Healthy
5774,593.0,39.9,1.28,0,2.9,Healthy
5775,3712.6,41.6,1.22,1,0.6,Healthy
5776,7428.2,61.9,2.43,0,15.8,Needs Attention
5777,7854.4,40.5,1.98,1,1.9,Healthy
5778,4962.9,53.9,1.53,2,3.4,Healthy
5779,7678.6,53.6,2.51,8,16.9,Critical
5780,7862.6,52.2,2.44,3,8.1,Needs Attention
5781,10400.0,58.0,2.95,7,14.1,Critical
5782,6459.0,39.5,1.88,2,8.0,Needs Attention
5783,6504.5,41.9,1.83,1,3.9,Healthy
5784,2763.8,45.2,1.64,2,0.1,Healthy
5785,2916.2,50.1,0.35,2,3.5,Healthy
5786,7383.0,20,1.57,0,0.7,Healthy
5787,3673.0,33.4,0.89,0,1.5,Healthy
5788,8538.8,65.5,2.01,4,13.1,Needs Attention
5789,3172.9,42.9,0.7,1,10.4,Healthy
5790,7759.8,42.8,2.26,2,18.0,Needs Attention
5791,403.8,40.4,1.34,0,1.0,Healthy
5792,8182.5,45.9,2.46,2,16.6,Needs Attention
5793,7665.0,35.0,1.34,0,2.8,Healthy
5794,8276.5,40.6,2.62,4,9.4,Healthy
5795,3980.0,54.1,2.03,5,14.3,Needs Attention
5796,1534.1,39.0,2.57,0,6.0,Needs Attention
5797,2389.4,38.7,2.82,4,13.8,Needs Attention
5798,3213.9,63.1,3.06,4,16.9,Critical
5799,3012.6,47.1,1.86,0,10.7,Healthy
5800,4567.8,39.2,2.03,1,1.8,Healthy
5801,4481.1,62.0,1.72,6,19.2,Critical
5802,7522.1,57.9,3.05,5,16.4,Needs Attention
5803,8028.7,42.8,2.78,4,7.2,Needs Attention
5804,3347.9,51.3,1.35,0,2.2,Healthy
5805,580.9,41.1,1.42,3,2.6,Healthy
5806,4668.2,59.9,3.35,4,12.4,Needs Attention
5807,10070.7,57.4,2.99,4,17.3,Critical
5808,5595.0,43.1,2.32,0,7.5,Healthy
5809,5444.5,48.7,0.1,0,1.8,Healthy
5810,5244.4,67.5,2.52,4,14.2,Needs Attention
5811,3013.4,58.3,2.09,1,4.5,Healthy
5812,8513.0,39.5,1.61,2,6.9,Needs Attention
5813,1346.0,48.7,2.75,2,5.9,Healthy
5814,4979.8,55.4,2.58,6,17.4,Critical
5815,6030.2,67.1,1.79,5,14.8,Needs Attention
5816,6837.3,61.0,1.84,4,10.4,Needs Attention
5817,7236.6,58.0,2.43,7,19.1,Critical
5818,8260.4,43.9,2.21,4,14.8,Needs Attention
5819,1841.1,48.9,1.96,1,1.7,Healthy
5820,7176.9,31.5,1.4,0,3.4,Healthy
5821,1050.5,53.7,2.47,4,16.2,Needs Attention
5822,4939.0,48.4,1.14,2,4.8,Healthy
5823,1212.9,48.1,2.83,3,6.5,Healthy
5824,3695.8,54.3,2.53,0,7.8,Healthy
5825,6098.6,56.6,2.06,5,14.0,Needs Attention
5826,7530.8,57.4,1.4,2,13.3,Needs Attention
5827,5202.2,39.7,3.02,3,6.2,Healthy
5828,2471.2,36.2,1.37,4,9.2,Needs Attention
5829,3416.2,20,1.55,4,8.0,Needs Attention
5830,6034.6,70.6,2.82,3,15.9,Needs Attention
5831,5922.8,56.5,1.77,5,10.2,Needs Attention
5832,3788.4,83.4,2.33,4,16.9,Critical
5833,6938.8,66.8,2.24,6,12.7,Needs Attention
5834,4154.7,51.1,1.91,6,14.9,Critical
5835,6386.6,56.0,2.87,5,15.3,Needs Attention
5836,4107.4,46.7,2.95,4,17.1,Needs Attention
5837,9153.9,57.1,1.39,2,12.4,Needs Attention
5838,3396.4,42.3,1.57,1,9.3,Healthy
5839,2655.4,52.7,2.73,5,18.6,Needs Attention
5840,3645.4,51.9,2.77,3,11.2,Healthy
5841,6886.6,34.1,0.35,0,3.6,Healthy
5842,7544.6,45.1,1.07,1,7.3,Healthy
5843,8133.5,53.5,1.86,5,12.2,Needs Attention
5844,6994.8,35.1,0.32,0,2.4,Healthy
5845,7103.2,32.8,2.94,2,9.9,Needs Attention
5846,5432.0,30.0,1.38,2,7.7,Needs Attention
5847,5471.3,36.7,2.25,1,10.6,Needs Attention
5848,2001.5,41.9,3.84,6,17.7,Critical
5849,1922.8,35.4,0.24,0,0.6,Healthy
5850,5968.3,56.1,4.44,5,19.8,Critical
5851,3157.7,34.2,2.43,2,3.5,Needs Attention
5852,8749.7,56.7,2.6,6,12.6,Critical
5853,11091.2,64.1,3.29,3,17.9,Needs Attention
5854,6610.7,45.7,2.2,1,2.5,Healthy
5855,6454.1,46.0,2.24,0,0.6,Healthy
5856,5261.3,67.3,1.33,3,13.1,Needs Attention
5857,4468.9,36.4,0.89,0,1.9,Healthy
5858,1668.1,45.0,1.44,0,0.4,Healthy
5859,4116.1,42.9,2.03,5,8.7,Needs Attention
5860,2683.5,57.0,2.45,3,16.5,Needs Attention
5861,5962.2,48.1,2.15,6,9.4,Needs Attention
5862,9696.8,69.4,3.31,7,19.4,Critical
5863,5791.7,57.0,3.13,3,12.4,Needs Attention
5864,8349.1,37.3,2.52,2,16.1,Needs Attention
5865,5589.9,43.1,1.48,0,5.2,Healthy
5866,7970.9,76.1,2.65,5,15.7,Critical
5867,2166.4,23.4,1.14,0,1.5,Healthy
5868,7726.4,43.7,2.65,3,13.9,Critical
5869,3453.4,55.4,1.78,4,5.1,Healthy
5870,5572.0,30.9,0.92,0,1.3,Healthy
5871,7629.5,61.0,2.78,5,18.0,Critical
5872,4264.9,51.5,0.58,0,0.0,Healthy
5873,4243.3,61.0,2.03,2,9.2,Healthy
5874,6068.6,69.2,2.44,1,15.1,Needs Attention
5875,9415.4,71.7,4.29,5,18.8,Critical
5876,7189.0,33.4,0.37,1,3.4,Needs Attention
5877,6199.9,39.8,2.5,3,6.3,Needs Attention
5878,3423.3,73.7,3.22,8,17.0,Critical
5879,6523.0,42.1,0.34,2,2.9,Healthy
5880,3630.8,49.1,1.18,1,7.3,Healthy
5881,6628.0,41.7,2.06,5,8.1,Needs Attention
5882,1342.7,58.3,0.59,4,9.7,Needs Attention
5883,4395.2,69.4,2.38,7,19.5,Critical
5884,2749.2,64.5,2.43,2,15.4,Needs Attention
5885,3445.6,34.2,0.1,0,5.8,Healthy
5886,7305.9,42.1,0.92,3,12.1,Healthy
5887,1590.0,41.8,0.57,3,5.9,Healthy
5888,3823.3,47.7,0.1,2,5.7,Healthy
5889,4039.1,44.5,0.27,2,4.3,Healthy
5890,1855.9,52.8,2.47,0,8.8,Healthy
5891,4193.2,42.9,1.75,3,7.9,Needs Attention
5892,6265.9,41.4,1.71,3,11.2,Needs Attention
5893,1220.1,44.5,1.96,0,6.6,Healthy
5894,4276.2,45.3,1.15,3,7.8,Needs Attention
5895,4351.6,44.3,1.27,3,0.7,Healthy
5896,7739.5,33.3,1.31,5,15.8,Critical
5897,1638.2,48.7,0.49,3,8.4,Healthy
5898,5909.0,52.3,2.04,4,8.7,Needs Attention
5899,3523.3,42.4,3.1,1,8.2,Healthy
5900,8360.4,45.9,1.04,2,7.4,Needs Attention
5901,2709.7,54.2,2.94,7,15.8,Critical
5902,7881.7,40.9,0.1,1,0.7,Healthy
5903,6468.9,70.5,2.08,4,14.3,Needs Attention
5904,3982.9,25.0,1.32,0,1.4,Healthy
5905,1522.3,56.3,1.96,0,1.3,Healthy
5906,3597.0,32.9,0.77,2,6.2,Healthy
5907,803.5,52.7,0.46,0,4.1,Healthy
5908,4554.0,61.8,1.72,4,7.2,Needs Attention
5909,4760.9,47.2,0.95,0,0.4,Healthy
5910,5862.0,53.3,2.17,4,7.7,Needs Attention
5911,6218.7,52.5,1.24,2,7.2,Needs Attention
5912,1670.2,53.8,2.94,5,17.3,Needs Attention
5913,6765.3,55.6,2.41,2,4.7,Needs Attention
5914,2882.5,58.5,1.97,4,13.1,Needs Attention
5915,10624.7,57.6,3.15,7,19.0,Critical
5916,4628.6,36.0,0.83,2,0.6,Healthy
5917,4321.8,20,0.41,1,1.3,Healthy
5918,8757.9,68.7,2.48,4,17.2,Critical
5919,3360.5,29.1,2.12,2,4.1,Healthy
5920,4370.6,48.2,1.11,4,11.2,Needs Attention
5921,1321.8,57.3,2.04,0,9.9,Healthy
5922,3484.8,51.1,1.94,5,14.4,Needs Attention
5923,8689.1,63.5,3.28,4,16.2,Critical
5924,3913.8,53.2,1.36,1,6.0,Healthy
5925,4437.0,57.8,2.44,4,12.5,Needs Attention
5926,3181.0,49.5,0.52,2,5.0,Healthy
5927,3270.3,46.8,1.32,0,4.4,Healthy
5928,5792.8,31.0,0.1,0,1.7,Healthy
5929,4579.4,43.8,2.06,2,14.2,Healthy
5930,7652.0,32.1,1.3,3,6.8,Needs Attention
5931,5141.0,63.0,2.78,5,16.1,Needs Attention
5932,7147.2,49.9,2.66,2,13.2,Needs Attention
5933,5651.5,33.0,0.29,0,2.6,Healthy
5934,6681.4,46.5,1.33,0,4.7,Healthy
5935,2511.2,54.0,1.83,4,5.0,Needs Attention
5936,4478.8,66.0,1.69,5,16.4,Needs Attention
5937,5714.1,88.4,3.62,5,19.5,Critical
5938,7659.2,32.9,1.33,0,2.9,Needs Attention
5939,1160.3,41.5,0.12,0,4.2,Healthy
5940,8619.0,40.7,1.53,3,8.4,Needs Attention
5941,2130.0,50.7,1.86,0,3.3,Healthy
5942,1976.7,42.6,1.23,5,11.0,Needs Attention
5943,6652.4,64.5,2.56,5,15.0,Critical
5944,4345.6,39.6,1.93,2,8.6,Needs Attention
5945,8494.2,51.6,1.33,5,19.3,Critical
5946,8011.2,45.6,1.41,3,9.1,Needs Attention
5947,1299.0,47.4,0.1,0,2.1,Healthy
5948,6088.8,42.7,0.66,3,9.0,Needs Attention
5949,2240.9,60.1,1.38,0,7.9,Healthy
5950,9940.7,55.1,3.02,7,15.2,Critical
5951,5727.8,51.0,2.05,2,11.9,Healthy
5952,8132.6,73.3,4.53,6,19.4,Critical
5953,6331.4,55.8,1.36,0,0.6,Healthy
5954,2093.0,50.4,2.74,3,12.0,Needs Attention
5955,7264.5,33.0,1.02,0,0.3,Healthy
5956,6237.6,70.1,3.4,5,19.3,Needs Attention
5957,5620.0,29.9,2.06,1,2.9,Healthy
5958,9779.0,60.4,2.16,6,17.5,Critical
5959,7550.0,42.2,4.4,7,19.9,Critical
5960,6258.4,46.9,1.45,0,5.7,Healthy
5961,8794.3,45.4,2.46,3,10.7,Needs Attention
5962,5670.2,51.8,1.95,3,6.7,Healthy
5963,5844.7,51.4,3.0,4,13.6,Critical
5964,4001.0,45.0,1.84,5,19.9,Needs Attention
5965,4959.4,59.3,2.03,2,13.7,Needs Attention
5966,8562.4,32.4,1.29,0,3.5,Needs Attention
5967,1774.6,41.8,2.85,5,14.4,Needs Attention
5968,2688.7,55.5,2.22,1,3.8,Healthy
5969,1413.6,44.6,1.08,1,3.4,Healthy
5970,8182.7,47.1,2.55,3,14.8,Critical
5971,2954.3,49.9,2.02,4,10.1,Needs Attention
5972,1957.9,42.9,1.3,3,7.9,Needs Attention
5973,7052.2,62.8,0.87,2,9.6,Needs Attention
5974,2923.0,45.6,1.38,0,4.9,Healthy
5975,1881.1,46.9,1.52,4,10.7,Needs Attention
5976,2745.6,65.7,2.26,7,16.0,Needs Attention
5977,8951.9,62.9,2.71,7,19.2,Critical
5978,284.3,47.7,1.99,0,0.6,Healthy
5979,4079.4,74.4,2.03,0,4.1,Needs Attention
5980,7427.3,73.3,2.63,3,9.3,Needs Attention
5981,2496.1,39.2,1.66,1,6.2,Needs Attention
5982,5773.8,55.2,1.93,0,6.2,Healthy
5983,8907.1,62.8,0.63,4,16.8,Needs Attention
5984,720.3,51.4,0.91,1,6.9,Healthy
5985,6698.0,30.3,1.04,0,2.0,Healthy
5986,6092.8,59.7,2.49,0,6.6,Needs Attention
5987,7116.2,50.3,2.03,1,6.0,Needs Attention
5988,8439.3,60.1,1.61,0,5.4,Healthy
5989,1712.1,52.3,1.42,0,3.9,Healthy
5990,5530.6,33.3,1.45,0,6.8,Healthy
5991,4802.6,48.6,2.87,2,11.7,Needs Attention
5992,7725.5,56.5,1.62,5,13.4,Needs Attention
5993,3061.5,47.9,1.73,0,6.4,Healthy
5994,8120.6,58.7,3.08,4,18.6,Critical
5995,7659.8,68.9,1.12,3,9.2,Critical
5996,4374.3,65.8,1.1,2,12.3,Healthy
5997,3645.7,42.9,1.11,0,1.3,Healthy
5998,3916.2,39.8,1.68,4,15.2,Needs Attention
5999,8008.3,32.7,1.96,0,1.7,Healthy
6000,8901.3,52.6,2.04,3,13.6,Needs Attention
6001,6456.8,53.1,3.82,8,17.9,Critical
6002,6586.6,50.3,1.65,7,20.0,Critical
6003,3231.2,72.3,1.62,4,17.4,Needs Attention
6004,4152.8,47.4,3.21,6,18.0,Critical
6005,5467.3,62.6,4.04,5,16.5,Critical
6006,4454.2,41.0,1.9,3,5.7,Healthy
6007,4111.4,40.3,1.23,4,5.7,Needs Attention
6008,9856.8,62.5,3.56,6,19.0,Critical
6009,7330.8,53.5,1.71,6,16.8,Needs Attention
6010,6415.4,46.6,3.27,5,12.8,Needs Attention
6011,10384.5,73.8,3.82,5,19.1,Critical
6012,4952.4,62.0,0.57,0,5.7,Healthy
6013,4422.3,76.0,3.37,6,15.0,Critical
6014,5968.6,35.4,1.78,2,3.2,Healthy
6015,4285.3,57.0,2.51,2,8.6,Needs Attention
6016,6916.0,48.2,2.81,4,14.3,Needs Attention
6017,5628.1,60.3,1.76,3,13.8,Needs Attention
6018,8410.6,62.7,2.15,3,11.6,Needs Attention
6019,3477.2,43.2,3.01,6,19.9,Needs Attention
6020,3113.8,42.5,2.34,4,16.7,Needs Attention
6021,7180.7,73.1,2.47,2,19.9,Needs Attention
6022,3815.9,56.9,2.23,2,8.8,Healthy
6023,4302.2,50.0,1.07,1,7.8,Healthy
6024,3909.3,65.9,2.67,5,18.7,Critical
6025,5337.1,61.6,2.07,7,16.9,Critical
6026,4150.2,56.9,2.21,6,17.0,Critical
6027,6107.2,38.7,2.79,2,4.6,Healthy
6028,7141.7,49.8,2.26,0,6.8,Needs Attention
6029,7980.9,49.8,2.93,3,14.0,Needs Attention
6030,4272.6,36.0,0.91,0,2.2,Healthy
6031,10429.6,56.3,3.88,3,18.5,Critical
6032,1332.8,58.6,3.3,1,12.7,Needs Attention
6033,2884.4,45.7,1.92,1,4.0,Healthy
6034,4299.5,41.5,2.08,6,17.8,Critical
6035,8592.1,50.8,3.59,3,15.3,Critical
6036,6429.0,58.7,3.3,4,17.8,Needs Attention
6037,4544.2,62.7,1.72,1,11.0,Needs Attention
6038,2104.1,58.0,1.32,2,9.9,Healthy
6039,2859.5,57.2,1.54,7,13.6,Needs Attention
6040,4333.6,44.1,2.3,3,9.9,Needs Attention
6041,3177.9,43.2,2.19,4,14.5,Needs Attention
6042,6343.4,35.5,3.74,5,18.9,Critical
6043,2612.6,35.9,1.11,0,1.3,Healthy
6044,8999.9,38.6,1.27,4,7.7,Needs Attention
6045,3102.6,57.8,0.77,1,9.4,Healthy
6046,7929.7,58.7,1.75,3,10.5,Needs Attention
6047,5500.5,51.0,2.13,4,7.3,Needs Attention
6048,5973.2,43.8,1.64,5,13.7,Critical
6049,1504.3,55.3,0.9,2,8.5,Needs Attention
6050,8912.6,52.9,1.66,3,11.8,Needs Attention
6051,5545.0,50.0,3.14,4,9.6,Needs Attention
6052,7872.6,55.3,3.22,6,18.5,Critical
6053,4411.1,40.5,1.81,2,4.6,Healthy
6054,7079.4,48.5,1.27,3,8.9,Needs Attention
6055,8966.4,36.4,1.86,1,10.3,Healthy
6056,5901.5,27.3,1.11,0,2.0,Healthy
6057,8777.5,66.2,3.39,4,18.7,Critical
6058,6639.3,60.7,1.85,5,18.8,Critical
6059,4497.7,62.4,2.75,4,18.5,Critical
6060,4111.5,53.7,1.2,4,9.6,Needs Attention
6061,4138.1,41.7,2.53,6,14.3,Needs Attention
6062,2904.6,36.5,2.28,3,13.8,Needs Attention
6063,9140.1,66.9,1.53,4,16.6,Critical
6064,2272.5,45.8,1.31,1,3.3,Healthy
6065,7747.4,42.7,1.09,0,3.8,Healthy
6066,9352.2,47.0,2.97,6,14.9,Critical
6067,4197.0,47.7,2.39,3,16.7,Needs Attention
6068,4860.2,52.9,1.89,2,10.2,Healthy
6069,6517.5,58.4,2.8,5,18.8,Critical
6070,6767.2,50.7,3.8,7,18.0,Critical
6071,8044.8,47.3,1.05,2,6.3,Needs Attention
6072,7485.8,49.0,2.48,11,18.5,Critical
6073,5032.4,48.6,0.72,1,4.3,Healthy
6074,10105.4,56.3,1.97,4,16.1,Needs Attention
6075,2015.0,59.4,3.62,7,19.3,Critical
6076,5955.0,60.5,2.62,4,13.4,Needs Attention
6077,4894.8,53.1,2.17,3,15.8,Critical
6078,7683.3,49.7,2.06,2,7.5,Needs Attention
6079,5104.1,33.5,1.54,0,3.1,Healthy
6080,6998.1,50.7,1.78,7,12.7,Needs Attention
6081,11120.1,63.8,3.6,4,18.4,Needs Attention
6082,4992.5,56.1,2.41,3,15.5,Needs Attention
6083,8544.5,57.9,2.86,1,11.1,Needs Attention
6084,4293.5,47.5,1.95,1,9.8,Healthy
6085,4386.9,38.3,1.74,4,4.1,Healthy
6086,947.9,51.1,2.41,4,15.2,Needs Attention
6087,4132.3,53.3,1.94,0,6.6,Healthy
6088,4218.4,58.3,3.72,5,18.8,Needs Attention
6089,8462.2,56.4,2.12,2,9.4,Needs Attention
6090,1455.4,56.4,0.75,1,1.9,Healthy
6091,1962.5,55.6,1.48,4,7.8,Needs Attention
6092,4393.7,85.6,1.99,3,16.4,Needs Attention
6093,7052.3,51.7,2.7,3,11.8,Needs Attention
6094,7998.9,65.1,2.45,4,18.2,Needs Attention
6095,5919.3,38.3,1.68,0,10.4,Healthy
6096,2161.9,45.1,0.21,0,4.5,Healthy
6097,3257.4,56.0,3.69,6,16.1,Needs Attention
6098,2353.9,51.5,2.8,4,16.7,Needs Attention
6099,8586.6,42.9,3.19,2,13.8,Needs Attention
6100,6668.6,31.5,1.01,0,0.0,Healthy
6101,2325.6,48.6,2.23,2,9.1,Needs Attention
6102,3683.6,59.7,2.82,5,14.5,Needs Attention
6103,7190.3,30.1,2.18,2,3.2,Healthy
6104,4998.7,44.1,3.08,0,1.0,Healthy
6105,1355.6,42.3,1.89,5,13.3,Needs Attention
6106,4290.0,49.4,2.22,5,18.1,Critical
6107,5421.0,38.7,2.02,0,0.5,Healthy
6108,6143.5,38.6,2.28,6,11.7,Needs Attention
6109,5338.3,39.5,1.24,0,1.5,Healthy
6110,7448.7,32.6,0.97,0,3.0,Healthy
6111,6931.8,36.9,2.83,0,4.2,Needs Attention
6112,5675.2,55.3,1.05,3,13.8,Needs Attention
6113,6808.6,22.7,0.91,0,2.1,Healthy
6114,8417.1,54.6,1.35,3,18.6,Critical
6115,4700.4,41.0,2.11,2,6.9,Healthy
6116,6832.1,34.4,1.43,0,0.7,Healthy
6117,5180.4,73.1,2.92,3,19.5,Needs Attention
6118,6257.2,68.1,3.49,5,18.5,Critical
6119,5963.0,63.2,3.27,5,17.6,Critical
6120,5856.5,49.6,2.23,4,15.7,Needs Attention
6121,2976.7,45.3,1.33,0,4.5,Healthy
6122,2921.2,58.0,1.35,6,18.4,Needs Attention
6123,1564.3,48.8,0.88,1,3.3,Healthy
6124,3762.2,52.4,1.24,0,1.5,Healthy
6125,5184.1,40.1,0.28,0,1.3,Healthy
6126,7930.4,62.4,1.58,5,17.0,Needs Attention
6127,4579.1,32.4,1.35,1,3.3,Healthy
6128,5585.2,57.4,2.15,3,9.7,Needs Attention
6129,1262.5,46.3,1.25,1,5.5,Healthy
6130,6354.8,45.5,3.17,0,11.3,Needs Attention
6131,7787.7,65.4,2.17,5,19.2,Critical
6132,7542.0,56.3,1.96,3,14.6,Needs Attention
6133,8245.1,73.4,1.85,1,8.4,Needs Attention
6134,1975.7,55.0,1.98,0,11.1,Healthy
6135,2677.9,47.5,1.19,3,8.7,Needs Attention
6136,4722.9,40.1,1.71,0,5.0,Needs Attention
6137,1640.3,39.3,1.85,2,9.3,Healthy
6138,4002.1,53.8,2.18,4,16.4,Critical
6139,5158.7,35.9,1.71,1,4.7,Healthy
6140,7212.1,58.5,3.8,4,19.3,Critical
6141,7624.4,38.6,0.71,0,1.6,Healthy
6142,6379.5,45.3,1.31,3,7.4,Needs Attention
6143,10222.3,61.8,2.54,6,19.4,Critical
6144,7564.4,62.8,2.89,3,10.5,Needs Attention
6145,6871.9,61.1,1.02,2,6.0,Needs Attention
6146,6046.1,54.2,3.41,6,14.1,Needs Attention
6147,8525.9,49.1,2.75,6,14.8,Critical
6148,1206.7,41.0,2.25,0,5.3,Healthy
6149,4538.0,44.2,0.83,2,3.8,Healthy
6150,4956.2,35.5,1.46,0,2.3,Healthy
6151,1711.8,45.9,0.57,0,0.9,Healthy
6152,4379.4,54.6,0.63,5,18.3,Critical
6153,3517.9,71.9,3.5,6,17.8,Critical
6154,7712.1,49.2,0.41,0,2.9,Healthy
6155,3054.9,58.1,1.68,6,13.6,Needs Attention
6156,5164.3,45.9,1.39,4,9.3,Needs Attention
6157,5339.2,44.2,1.24,2,4.2,Needs Attention
6158,4895.8,42.7,1.23,0,6.6,Healthy
6159,5359.7,53.7,2.56,3,10.1,Needs Attention
6160,3318.3,37.8,2.73,2,14.0,Healthy
6161,5968.7,60.4,1.94,3,9.6,Needs Attention
6162,1241.6,52.4,0.95,2,4.1,Healthy
6163,2764.6,39.8,1.15,0,2.2,Healthy
6164,4789.4,52.7,2.69,3,8.5,Needs Attention
6165,999.7,32.2,0.9,0,0.1,Healthy
6166,8977.5,37.5,1.74,3,8.1,Needs Attention
6167,5898.4,63.3,2.14,7,14.3,Critical
6168,3871.4,51.6,2.69,5,15.4,Needs Attention
6169,4434.9,60.0,2.28,5,17.2,Critical
6170,4939.5,63.4,2.91,2,11.7,Needs Attention
6171,6584.6,56.3,2.13,6,17.0,Critical
6172,10773.4,68.7,2.34,3,19.2,Critical
6173,6425.2,39.6,0.68,0,1.0,Healthy
6174,4146.9,52.3,3.48,6,18.4,Needs Attention
6175,6353.2,46.7,2.5,3,12.2,Needs Attention
6176,6469.4,64.1,1.79,6,19.0,Critical
6177,3588.0,42.0,1.51,4,8.0,Needs Attention
6178,3914.2,55.1,3.03,4,16.8,Needs Attention
6179,1370.8,56.9,0.66,3,0.2,Healthy
6180,571.2,46.0,1.47,1,3.3,Healthy
6181,6610.4,49.1,2.68,2,12.4,Needs Attention
6182,4237.4,31.0,1.12,0,2.0,Healthy
6183,2165.4,49.5,1.42,2,6.2,Healthy
6184,4453.4,39.5,0.97,1,5.4,Healthy
6185,5066.6,54.6,2.49,5,15.2,Critical
6186,3266.1,72.2,1.59,2,8.0,Healthy
6187,7718.4,63.5,3.23,5,19.5,Critical
6188,1194.1,45.5,0.35,2,2.3,Healthy
6189,2638.1,55.9,2.13,2,11.9,Healthy
6190,4624.4,54.0,1.36,1,1.6,Healthy
6191,6513.9,52.9,4.04,5,18.0,Critical
6192,6499.2,57.7,4.0,5,19.3,Critical
6193,2846.9,43.8,2.25,2,10.0,Healthy
6194,5537.0,59.6,0.64,0,2.7,Healthy
6195,8058.5,67.3,2.35,4,18.1,Critical
6196,8517.1,52.4,2.55,5,14.9,Critical
6197,7041.7,38.6,1.55,1,4.5,Needs Attention
6198,5275.6,41.7,1.09,1,5.2,Healthy
6199,5860.7,57.9,3.48,7,18.8,Critical
6200,1765.6,46.3,1.24,0,4.4,Healthy
6201,6448.0,60.0,3.84,7,19.8,Critical
6202,7496.0,43.3,1.08,0,2.1,Healthy
6203,3852.6,46.1,1.8,4,8.9,Needs Attention
6204,7842.5,42.8,1.73,6,18.2,Critical
6205,2734.2,50.5,2.05,4,11.0,Needs Attention
6206,5369.0,41.5,0.91,3,0.5,Healthy
6207,6901.6,45.6,1.45,3,12.6,Needs Attention
6208,6241.8,40.0,2.92,1,4.6,Needs Attention
6209,8022.2,45.9,2.15,0,12.2,Healthy
6210,386.7,46.7,2.29,0,1.7,Healthy
6211,4248.3,71.5,1.48,5,18.7,Needs Attention
6212,1854.7,49.5,2.29,5,13.9,Needs Attention
6213,11012.1,39.5,3.42,6,19.0,Needs Attention
6214,8690.3,59.7,0.66,1,6.8,Healthy
6215,8560.3,52.8,2.32,5,12.4,Needs Attention
6216,1506.1,43.7,0.81,0,4.0,Healthy
6217,5697.6,39.0,1.06,0,1.6,Healthy
6218,3943.1,59.0,1.17,5,13.2,Needs Attention
6219,3918.0,58.4,1.06,3,4.8,Healthy
6220,3289.4,52.1,1.51,3,12.6,Needs Attention
6221,11032.7,60.2,2.61,7,18.3,Critical
6222,6766.7,49.2,3.37,4,14.0,Critical
6223,7740.0,46.0,0.16,0,1.0,Healthy
6224,6952.6,35.4,1.85,0,6.5,Needs Attention
6225,1859.8,54.1,1.51,2,7.6,Healthy
6226,3550.7,65.0,1.54,2,17.7,Needs Attention
6227,4001.6,37.9,3.43,5,19.8,Needs Attention
6228,3951.1,41.1,1.58,0,0.6,Healthy
6229,6751.4,38.4,1.06,0,2.4,Healthy
6230,2955.5,68.3,2.37,2,10.4,Needs Attention
6231,8159.4,49.5,1.22,1,4.3,Healthy
6232,8528.1,62.5,1.65,3,12.7,Needs Attention
6233,3093.1,49.0,2.46,3,15.3,Needs Attention
6234,8996.0,53.5,1.55,2,12.3,Needs Attention
6235,5554.3,42.3,1.0,2,8.6,Healthy
6236,3014.7,54.2,1.2,1,12.6,Healthy
6237,10077.8,45.1,2.93,1,13.7,Needs Attention
6238,6499.2,52.7,2.68,1,7.4,Needs Attention
6239,9936.3,47.4,2.74,5,15.1,Needs Attention
6240,1647.3,58.9,5.08,8,19.9,Critical
6241,2597.6,58.0,2.44,3,10.4,Needs Attention
6242,5708.4,49.8,1.13,0,3.2,Healthy
6243,7467.6,62.2,2.06,5,17.7,Needs Attention
6244,8222.8,43.1,2.56,4,16.8,Needs Attention
6245,3859.6,57.7,1.97,2,11.4,Needs Attention
6246,4011.3,50.9,1.92,1,10.7,Needs Attention
6247,10087.9,62.0,2.47,6,15.9,Critical
6248,10378.6,55.5,2.18,4,17.4,Critical
6249,9002.3,54.7,1.89,3,9.0,Needs Attention
6250,2924.8,54.0,2.94,4,12.7,Needs Attention
6251,5628.8,53.3,1.47,0,5.9,Healthy
6252,6799.4,39.5,1.95,1,2.6,Healthy
6253,7067.5,56.0,3.14,6,16.7,Critical
6254,8006.8,62.9,2.78,6,15.2,Critical
6255,5073.2,38.6,1.07,1,1.7,Healthy
6256,5324.5,64.2,3.64,6,18.4,Critical
6257,2360.2,62.8,3.38,2,19.1,Critical
6258,5772.7,69.7,2.9,5,18.2,Needs Attention
6259,2170.7,43.6,2.12,0,5.4,Healthy
6260,8211.2,45.6,1.97,0,5.5,Healthy
6261,5702.9,52.4,2.34,5,9.3,Needs Attention
6262,227.4,51.0,1.53,2,0.6,Healthy
6263,2090.5,54.9,1.82,4,10.6,Needs Attention
6264,7196.9,50.1,2.53,2,12.2,Needs Attention
6265,9369.8,43.5,2.77,3,12.4,Needs Attention
6266,3764.0,34.9,1.87,2,8.1,Healthy
6267,8896.6,66.3,2.5,4,15.8,Critical
6268,9805.4,47.8,2.06,3,16.3,Critical
6269,8780.6,39.0,3.36,6,12.1,Critical
6270,8020.9,50.6,1.72,5,14.9,Critical
6271,1032.2,45.1,1.53,3,3.6,Healthy
6272,3428.4,59.0,0.34,4,14.4,Needs Attention
6273,6511.8,66.4,3.27,1,10.2,Needs Attention
6274,7616.6,44.3,1.55,1,2.7,Healthy
6275,6588.4,62.9,3.68,3,16.4,Needs Attention
6276,6114.8,58.9,2.07,3,10.2,Needs Attention
6277,5326.5,45.2,4.19,6,17.4,Needs Attention
6278,6031.1,61.4,2.51,6,11.3,Critical
6279,4284.2,49.8,2.41,4,10.5,Needs Attention
6280,8150.9,51.1,1.95,3,9.7,Needs Attention
6281,1673.4,41.9,1.28,0,2.3,Healthy
6282,7764.4,48.9,1.03,0,10.4,Needs Attention
6283,1547.7,54.4,2.17,4,12.4,Needs Attention
6284,1750.1,54.4,3.77,4,18.6,Needs Attention
6285,5745.9,55.0,1.33,4,12.2,Needs Attention
6286,1971.5,57.5,1.75,2,11.8,Healthy
6287,9862.6,56.1,3.16,4,18.7,Critical
6288,4668.3,35.3,1.97,5,12.6,Needs Attention
6289,6892.1,38.8,1.35,1,1.2,Healthy
6290,9098.0,42.4,3.15,3,12.2,Needs Attention
6291,5140.7,65.7,1.23,0,7.7,Healthy
6292,7270.8,39.3,1.98,1,3.4,Healthy
6293,7516.1,49.9,2.22,3,1.5,Healthy
6294,8304.5,51.0,2.57,0,10.5,Needs Attention
6295,7258.2,39.7,0.1,0,1.7,Healthy
6296,8374.2,49.4,2.52,5,12.2,Needs Attention
6297,8031.9,48.1,2.29,0,7.7,Needs Attention
6298,6454.4,59.8,4.4,4,19.5,Needs Attention
6299,6825.9,46.1,2.15,5,15.8,Needs Attention
6300,6748.0,43.6,1.5,2,5.3,Needs Attention
6301,5808.8,42.8,1.6,0,8.6,Healthy
6302,3227.2,44.4,2.13,1,3.5,Healthy
6303,5366.9,45.1,0.46,0,0.2,Healthy
6304,6771.6,49.2,1.17,1,3.4,Healthy
6305,6876.8,53.8,0.5,2,0.6,Healthy
6306,5290.6,47.6,1.79,0,5.6,Healthy
6307,5650.4,36.0,1.14,0,2.3,Healthy
6308,8947.7,52.7,2.3,6,12.5,Critical
6309,8786.0,56.9,3.43,3,17.7,Needs Attention
6310,8102.0,72.2,3.4,6,15.9,Critical
6311,787.0,46.2,0.75,3,4.2,Healthy
6312,3002.1,42.3,2.43,4,13.6,Needs Attention
6313,8614.9,64.9,3.65,3,10.7,Needs Attention
6314,7143.1,30.5,0.88,1,1.7,Healthy
6315,2296.2,44.3,0.1,1,6.2,Healthy
6316,10617.9,52.9,4.0,6,17.6,Critical
6317,5286.5,58.9,2.08,5,18.5,Needs Attention
6318,6146.9,50.8,2.17,1,9.6,Healthy
6319,2926.3,54.9,2.3,1,14.0,Needs Attention
6320,6317.2,46.2,1.61,0,4.1,Healthy
6321,1722.8,40.7,0.74,1,3.3,Healthy
6322,9060.8,29.1,2.4,4,12.5,Needs Attention
6323,4597.5,38.4,2.99,5,14.1,Needs Attention
6324,1445.4,37.3,2.33,3,7.6,Healthy
6325,11387.3,75.8,2.62,5,18.6,Critical
6326,5383.8,50.1,1.09,2,12.4,Needs Attention
6327,4909.2,35.0,1.35,0,5.1,Healthy
6328,2422.3,40.2,1.06,0,0.2,Healthy
6329,553.9,53.7,0.73,1,5.0,Healthy
6330,9785.0,61.7,2.56,4,13.0,Needs Attention
6331,4631.7,60.6,2.19,0,7.1,Healthy
6332,7174.4,41.0,0.82,4,8.4,Needs Attention
6333,1284.0,35.4,0.68,1,1.3,Healthy
6334,6230.4,70.6,4.4,6,19.5,Critical
6335,7707.1,48.2,2.83,1,13.2,Needs Attention
6336,3339.3,53.8,1.32,0,5.4,Healthy
6337,7193.7,42.7,2.83,3,9.6,Needs Attention
6338,4481.0,53.8,1.39,5,8.0,Needs Attention
6339,4280.3,45.9,1.65,3,7.1,Needs Attention
6340,5849.0,43.1,0.91,2,6.8,Needs Attention
6341,3030.3,51.9,2.99,2,4.5,Healthy
6342,9329.1,69.9,2.58,5,11.2,Needs Attention
6343,9749.6,59.9,2.6,0,11.9,Needs Attention
6344,2712.6,43.8,0.99,0,0.9,Healthy
6345,6180.5,51.2,1.89,1,2.6,Healthy
6346,5846.3,50.1,3.6,5,17.9,Critical
6347,6106.2,69.8,2.3,3,16.0,Critical
6348,8243.9,29.7,0.38,0,1.6,Healthy
6349,6678.6,63.4,2.74,4,18.2,Needs Attention
6350,9835.9,47.0,2.82,6,17.8,Critical
6351,8982.0,41.3,1.76,3,14.6,Needs Attention
6352,6015.2,50.2,1.27,0,4.4,Healthy
6353,2024.5,30.8,1.34,0,0.2,Healthy
6354,549.4,43.6,0.11,0,0.7,Healthy
6355,1581.8,41.7,1.43,2,2.0,Healthy
6356,4931.6,48.7,2.56,1,11.7,Needs Attention
6357,2926.5,55.6,2.55,5,19.1,Needs Attention
6358,4892.3,42.6,0.33,0,3.0,Healthy
6359,2054.4,47.8,1.41,0,7.5,Healthy
6360,1262.2,45.7,1.93,0,12.9,Healthy
6361,7647.0,33.0,0.66,0,0.4,Healthy
6362,9689.1,49.3,4.91,3,19.4,Critical
6363,1685.3,25.2,1.72,2,11.2,Healthy
6364,2986.3,48.9,0.86,3,6.4,Healthy
6365,10404.1,42.1,2.46,6,16.4,Critical
6366,8703.9,66.8,1.88,1,5.7,Healthy
6367,6359.8,51.3,2.02,3,14.3,Needs Attention
6368,3090.6,34.5,2.05,1,7.6,Healthy
6369,410.6,41.6,1.49,0,3.0,Healthy
6370,1674.3,56.4,2.04,1,8.9,Healthy
6371,9162.3,39.8,2.21,0,8.2,Healthy
6372,5629.5,69.0,2.73,5,14.6,Needs Attention
6373,1749.3,44.3,0.73,0,0.4,Healthy
6374,6924.2,39.4,2.28,0,1.9,Healthy
6375,5943.7,53.1,2.23,4,8.4,Needs Attention
6376,8768.1,60.4,2.34,6,19.7,Critical
6377,4042.8,71.8,3.77,6,19.8,Critical
6378,1539.5,47.9,3.4,3,16.1,Needs Attention
6379,9624.1,49.3,2.85,2,13.0,Needs Attention
6380,5272.6,50.2,1.36,3,8.0,Needs Attention
6381,8428.4,62.1,2.34,3,13.0,Needs Attention
6382,8423.0,50.7,3.19,4,8.0,Needs Attention
6383,3999.9,42.6,1.72,3,11.4,Healthy
6384,5269.1,50.2,1.45,2,4.9,Healthy
6385,3004.8,37.1,0.32,0,2.4,Healthy
6386,6567.2,49.7,0.46,0,2.6,Healthy
6387,5540.7,49.9,1.86,4,9.9,Needs Attention
6388,6711.0,56.3,3.06,3,15.4,Needs Attention
6389,3742.0,57.1,1.71,3,15.2,Needs Attention
6390,1384.8,52.1,0.1,5,15.5,Needs Attention
6391,5751.9,45.9,2.12,5,18.5,Critical
6392,1635.7,46.6,1.58,2,7.4,Healthy
6393,4985.7,67.5,1.06,5,13.5,Needs Attention
6394,7773.5,43.7,2.85,2,10.4,Healthy
6395,7385.5,60.9,3.77,6,17.4,Critical
6396,3035.2,63.9,0.1,0,1.5,Healthy
6397,2725.6,41.4,0.98,0,1.2,Healthy
6398,4030.2,48.9,2.84,6,19.4,Needs Attention
6399,3087.9,53.6,2.43,4,11.6,Needs Attention
6400,5181.1,51.5,1.93,4,14.6,Critical
6401,3098.1,46.3,1.38,0,2.4,Healthy
6402,4171.1,43.7,1.94,3,10.8,Needs Attention
6403,8300.9,55.5,1.08,0,9.2,Healthy
6404,6383.3,50.0,0.1,0,2.1,Healthy
6405,7452.9,47.8,0.1,0,3.7,Healthy
6406,6538.2,52.4,1.41,0,1.8,Healthy
6407,1262.2,42.2,1.24,0,4.4,Healthy
6408,6896.5,63.4,2.22,7,15.2,Critical
6409,9634.5,48.0,3.82,7,17.4,Critical
6410,8936.2,54.2,1.44,1,12.4,Needs Attention
6411,3887.9,58.7,2.24,4,11.5,Needs Attention
6412,4243.0,40.1,1.94,2,11.2,Needs Attention
6413,4891.1,44.9,1.99,2,9.6,Needs Attention
6414,9084.3,47.1,3.79,5,19.7,Critical
6415,5537.3,45.7,3.58,6,18.7,Critical
6416,6254.0,56.1,4.41,3,17.6,Critical
6417,6102.6,71.4,1.6,5,13.9,Needs Attention
6418,5360.0,56.1,2.01,4,16.4,Needs Attention
6419,841.0,53.9,2.14,1,7.4,Needs Attention
6420,10274.9,48.7,2.56,4,14.8,Critical
6421,4491.9,43.0,1.91,1,1.5,Healthy
6422,6445.9,66.1,1.77,1,7.6,Healthy
6423,4824.4,57.0,1.51,0,0.4,Healthy
6424,6615.1,47.9,1.3,0,6.7,Needs Attention
6425,3540.2,61.7,4.01,5,15.2,Needs Attention
6426,7517.9,68.6,3.01,7,19.3,Critical
6427,3468.4,39.0,1.48,0,4.2,Healthy
6428,5273.8,39.8,1.23,0,4.5,Healthy
6429,7001.7,64.2,3.47,2,18.7,Critical
6430,4643.8,49.6,2.01,3,10.7,Needs Attention
6431,4589.0,59.9,3.35,3,17.7,Needs Attention
6432,8184.8,49.8,1.36,2,4.1,Needs Attention
6433,3218.5,55.2,3.54,4,17.0,Needs Attention
6434,4135.5,45.2,3.06,3,12.0,Needs Attention
6435,5033.9,62.1,2.75,6,16.9,Critical
6436,6829.7,32.2,0.42,0,2.8,Healthy
6437,580.1,46.8,1.16,1,1.7,Healthy
6438,10076.9,73.8,4.39,6,19.1,Critical
6439,8692.9,58.9,3.64,3,14.5,Needs Attention
6440,4516.8,41.3,3.48,2,14.5,Needs Attention
6441,2653.7,79.1,1.79,4,16.9,Needs Attention
6442,6893.2,69.6,3.53,3,13.6,Needs Attention
6443,11347.8,53.6,3.08,2,19.9,Critical
6444,5958.9,37.6,1.79,2,3.4,Needs Attention
6445,2311.9,38.5,3.34,5,13.4,Needs Attention
6446,4298.9,48.6,1.64,2,7.3,Needs Attention
6447,1575.3,69.3,3.68,6,13.6,Needs Attention
6448,3049.7,40.4,1.02,3,7.8,Needs Attention
6449,4428.8,45.0,2.48,2,7.2,Needs Attention
6450,8108.3,51.3,3.25,1,9.4,Healthy
6451,1363.9,47.3,2.37,3,8.8,Needs Attention
6452,6138.7,52.5,1.88,0,3.8,Healthy
6453,6957.8,56.4,1.74,4,11.2,Needs Attention
6454,6126.2,78.1,2.07,6,19.1,Critical
6455,6185.9,52.5,1.57,2,11.8,Needs Attention
6456,6647.3,40.7,1.61,2,8.4,Needs Attention
6457,7278.9,34.3,1.06,3,4.3,Needs Attention
6458,1839.2,44.3,1.95,2,9.8,Needs Attention
6459,1856.6,36.2,1.22,0,7.7,Healthy
6460,2312.4,48.5,2.06,4,12.9,Needs Attention
6461,3753.3,71.9,3.4,5,16.1,Needs Attention
6462,5382.5,47.8,2.25,2,4.1,Healthy
6463,7612.8,57.2,3.04,3,18.3,Needs Attention
6464,3017.1,64.1,2.27,5,16.8,Needs Attention
6465,485.8,35.3,1.29,2,1.7,Healthy
6466,9048.2,62.3,1.42,4,17.5,Critical
6467,2069.1,69.2,2.07,0,5.7,Healthy
6468,7755.5,65.8,1.69,3,17.5,Needs Attention
6469,2546.0,45.9,1.68,4,15.6,Needs Attention
6470,4756.0,47.7,2.57,3,9.4,Needs Attention
6471,643.0,50.9,1.84,0,4.4,Healthy
6472,8353.4,55.1,3.63,6,19.3,Critical
6473,4793.1,50.1,3.77,3,15.3,Needs Attention
6474,7148.9,59.7,1.55,2,6.9,Needs Attention
6475,3148.9,46.3,3.22,4,17.1,Needs Attention
6476,4530.3,64.3,3.91,1,16.0,Needs Attention
6477,2960.7,55.8,2.57,4,12.1,Needs Attention
6478,5074.2,45.4,3.41,2,13.8,Healthy
6479,5683.5,39.1,1.28,3,10.9,Needs Attention
6480,9091.2,48.7,1.82,1,12.5,Needs Attention
6481,6674.2,44.4,1.03,5,17.4,Critical
6482,2858.0,47.3,2.09,5,13.0,Needs Attention
6483,844.9,51.4,0.72,3,6.1,Healthy
6484,4274.9,38.7,1.97,3,12.3,Needs Attention
6485,6765.1,51.1,2.61,3,16.7,Needs Attention
6486,2071.1,41.7,2.08,4,10.3,Healthy
6487,1462.6,46.2,2.24,3,9.3,Healthy
6488,10111.1,61.1,2.2,2,12.5,Needs Attention
6489,5593.2,46.3,1.44,0,4.3,Healthy
6490,1043.4,39.2,1.97,1,4.9,Healthy
6491,7399.2,55.2,1.64,3,9.4,Needs Attention
6492,9078.6,64.3,2.66,4,19.6,Critical
6493,809.0,30.1,0.27,0,2.6,Healthy
6494,3094.2,42.5,3.74,5,17.6,Critical
6495,8082.1,54.7,1.26,1,11.1,Needs Attention
6496,9054.0,49.1,3.06,0,12.5,Needs Attention
6497,7508.7,63.1,2.69,4,12.8,Needs Attention
6498,4141.7,31.3,1.8,3,7.1,Healthy
6499,9449.7,53.5,1.17,7,16.8,Critical
6500,8808.4,45.7,2.98,4,13.1,Needs Attention
6501,8802.0,52.0,1.88,4,8.3,Critical
6502,3808.6,53.3,2.57,4,16.7,Needs Attention
6503,5890.3,52.4,2.26,5,9.1,Needs Attention
6504,5689.2,50.2,1.81,0,6.8,Healthy
6505,7386.7,50.0,1.47,0,4.4,Healthy
6506,3095.2,43.2,0.98,0,0.8,Healthy
6507,1566.9,54.8,2.37,1,3.3,Healthy
6508,8832.0,58.1,1.94,2,10.4,Needs Attention
6509,6609.1,44.3,0.81,1,4.7,Healthy
6510,2886.5,47.9,2.36,3,11.4,Healthy
6511,3989.0,35.4,1.29,1,0.5,Healthy
6512,3927.4,41.4,1.39,2,10.4,Healthy
6513,580.8,51.2,1.68,0,5.0,Healthy
6514,2738.2,74.4,1.63,4,16.9,Needs Attention
6515,7105.2,53.7,1.46,0,8.6,Healthy
6516,9149.7,42.9,3.12,1,10.6,Needs Attention
6517,1061.9,52.7,1.99,2,5.8,Healthy
6518,1761.0,53.4,2.08,1,6.1,Healthy
6519,6389.5,41.9,1.35,0,1.1,Needs Attention
6520,11118.3,65.8,3.8,3,17.9,Critical
6521,2912.8,28.9,0.85,1,5.6,Healthy
6522,2751.8,65.6,3.19,8,16.8,Critical
6523,3315.6,57.2,2.64,3,12.8,Needs Attention
6524,6494.1,54.3,1.44,0,3.7,Healthy
6525,5857.6,67.8,1.5,2,10.0,Needs Attention
6526,6550.2,59.8,1.0,0,8.5,Healthy
6527,6676.9,38.2,2.01,0,9.9,Needs Attention
6528,2861.6,62.6,2.45,2,14.6,Needs Attention
6529,5847.8,29.1,1.43,0,0.4,Healthy
6530,8749.1,58.0,1.89,5,18.2,Critical
6531,4028.0,48.2,0.95,6,9.5,Needs Attention
6532,2851.6,61.3,1.87,3,18.3,Needs Attention
6533,6064.2,45.5,1.54,0,9.8,Healthy
6534,6892.9,59.2,2.77,5,13.1,Critical
6535,318.5,38.6,1.25,0,1.4,Healthy
6536,988.6,43.0,1.76,2,9.7,Needs Attention
6537,6734.1,32.7,1.36,0,0.4,Healthy
6538,7609.1,77.5,2.29,6,13.9,Critical
6539,2550.0,40.0,3.64,5,12.1,Needs Attention
6540,6212.4,38.9,0.88,2,7.4,Needs Attention
6541,6972.1,35.4,3.16,0,11.7,Needs Attention
6542,2893.5,64.0,0.1,4,6.1,Healthy
6543,1787.0,61.0,2.28,2,12.2,Needs Attention
6544,4732.1,41.8,0.84,3,8.1,Needs Attention
6545,2012.1,34.8,1.88,5,9.2,Needs Attention
6546,7094.2,40.6,2.8,2,13.6,Needs Attention
6547,6513.3,39.7,2.66,2,10.4,Needs Attention
6548,6433.1,55.6,1.17,5,7.9,Needs Attention
6549,10260.6,60.5,0.88,5,19.2,Critical
6550,6250.3,61.5,1.9,4,16.1,Needs Attention
6551,3685.2,50.3,1.59,2,6.9,Healthy
6552,5599.5,32.1,1.56,0,2.9,Healthy
6553,2702.2,51.6,2.92,5,15.8,Critical
6554,7495.6,34.0,0.47,1,2.2,Healthy
6555,4305.8,61.2,2.72,6,16.4,Needs Attention
6556,2548.3,50.3,1.12,0,3.5,Healthy
6557,6761.7,61.5,1.72,6,11.7,Critical
6558,2386.2,36.2,1.3,0,1.8,Healthy
6559,3922.1,60.6,3.05,5,20.0,Needs Attention
6560,8387.7,43.7,1.51,2,8.0,Needs Attention
6561,2363.3,39.3,1.1,1,6.2,Healthy
6562,6691.1,63.9,2.17,4,12.2,Needs Attention
6563,6577.5,42.1,2.62,10,18.7,Critical
6564,7253.5,72.8,3.1,5,15.7,Critical
6565,127.1,37.5,0.15,1,0.7,Healthy
6566,6492.0,28.9,1.63,0,0.4,Healthy
6567,3650.4,67.6,3.35,7,19.2,Critical
6568,3722.2,38.7,2.1,4,11.6,Needs Attention
6569,2905.9,41.7,2.33,2,10.6,Healthy
6570,5498.0,45.2,1.9,2,10.9,Healthy
6571,5056.6,57.4,2.42,8,17.7,Critical
6572,6456.8,50.1,2.29,4,6.4,Needs Attention
6573,5019.3,53.9,0.41,5,6.1,Needs Attention
6574,6255.5,45.9,2.97,5,13.0,Critical
6575,4374.1,29.5,1.16,0,1.0,Healthy
6576,2855.7,54.1,1.48,2,7.5,Healthy
6577,1286.0,75.5,3.14,1,13.9,Healthy
6578,4494.5,59.1,2.48,7,19.4,Critical
6579,2786.7,26.2,2.12,2,11.5,Needs Attention
6580,3472.6,70.6,2.45,6,19.0,Critical
6581,2438.0,47.9,1.3,5,9.3,Healthy
6582,6266.5,73.6,2.28,3,11.4,Needs Attention
6583,2826.4,61.7,2.7,5,11.7,Needs Attention
6584,11162.8,61.0,2.84,6,19.6,Critical
6585,1583.0,54.9,2.62,1,12.6,Healthy
6586,7654.2,63.6,1.68,2,13.6,Needs Attention
6587,4396.8,64.9,2.89,3,17.3,Needs Attention
6588,9287.6,56.7,3.05,4,18.0,Needs Attention
6589,4492.9,48.7,1.14,2,8.8,Healthy
6590,8816.9,67.0,2.78,4,16.4,Critical
6591,698.9,38.0,1.4,0,0.2,Healthy
6592,5194.6,34.2,2.41,2,13.3,Needs Attention
6593,4056.5,41.9,0.77,5,7.7,Needs Attention
6594,2631.4,46.5,1.91,2,11.5,Needs Attention
6595,5740.7,34.4,1.43,2,2.9,Healthy
6596,7091.4,64.5,1.74,1,10.9,Needs Attention
6597,1574.5,54.6,2.35,5,9.7,Needs Attention
6598,7877.9,69.4,3.5,3,12.3,Needs Attention
6599,7276.3,53.8,2.29,0,15.4,Needs Attention
6600,3650.5,29.6,2.3,3,4.5,Healthy
6601,8947.0,62.9,1.14,5,14.1,Critical
6602,5523.4,50.2,1.83,2,8.7,Needs Attention
6603,8396.3,38.5,2.47,1,12.5,Needs Attention
6604,4364.0,74.5,1.17,6,17.0,Needs Attention
6605,4332.7,55.2,1.94,0,4.7,Healthy
6606,7904.0,58.4,1.98,2,6.3,Healthy
6607,2871.9,51.0,2.7,5,18.2,Critical
6608,6671.3,54.7,2.28,2,11.4,Needs Attention
6609,3038.9,50.1,2.2,6,10.4,Needs Attention
6610,7806.8,43.6,0.32,0,0.8,Healthy
6611,3809.2,44.8,1.71,0,3.2,Healthy
6612,5293.7,56.2,1.43,4,11.7,Needs Attention
6613,7718.6,30.7,1.02,0,2.4,Healthy
6614,7162.6,71.8,2.69,7,18.7,Critical
6615,5472.3,38.2,1.9,3,16.2,Needs Attention
6616,8798.8,70.2,2.18,3,14.9,Needs Attention
6617,7610.0,49.9,1.58,2,1.4,Healthy
6618,7686.8,50.5,1.8,4,4.4,Needs Attention
6619,3244.3,28.2,1.26,0,2.1,Healthy
6620,4707.8,68.7,1.95,2,7.0,Needs Attention
6621,9520.0,58.1,2.75,4,11.0,Critical
6622,8288.8,82.3,4.35,3,19.6,Critical
6623,5982.8,56.9,2.28,2,16.2,Needs Attention
6624,2289.7,43.1,2.14,2,7.3,Needs Attention
6625,8274.7,37.2,1.74,1,3.7,Healthy
6626,7787.4,68.2,3.48,3,17.7,Critical
6627,6068.4,55.6,2.15,0,6.6,Healthy
6628,3751.0,53.4,2.34,7,19.1,Critical
6629,7639.5,49.7,3.47,6,19.0,Critical
6630,2573.2,40.9,2.27,0,2.1,Healthy
6631,757.6,44.3,2.61,1,8.6,Healthy
6632,7722.5,65.1,1.94,6,16.5,Critical
6633,5286.6,64.3,2.22,5,17.2,Needs Attention
6634,8966.9,69.0,3.45,3,17.9,Critical
6635,6376.6,45.6,0.1,0,1.2,Healthy
6636,2188.8,39.7,1.04,3,8.0,Needs Attention
6637,8786.0,47.0,2.75,7,19.0,Critical
6638,6531.3,44.3,1.77,6,16.8,Critical
6639,6427.7,51.9,1.3,3,14.7,Needs Attention
6640,5557.4,39.1,0.1,2,1.7,Healthy
6641,4791.4,47.2,2.51,8,15.1,Needs Attention
6642,9572.6,40.8,2.06,5,14.5,Critical
6643,3916.9,41.3,2.53,1,2.7,Healthy
6644,6214.9,47.4,2.25,3,12.1,Needs Attention
6645,3146.0,49.7,0.1,0,0.5,Healthy
6646,1229.5,30.9,1.06,1,6.0,Healthy
6647,6064.1,44.2,3.04,3,12.9,Needs Attention
6648,4229.3,61.6,3.94,6,19.9,Critical
6649,2194.6,57.3,1.63,1,5.4,Healthy
6650,3835.2,49.0,1.98,3,15.6,Needs Attention
6651,6177.9,57.0,1.82,0,4.2,Healthy
6652,4608.1,56.7,1.8,3,15.5,Needs Attention
6653,8892.9,27.0,3.11,4,10.3,Needs Attention
6654,4451.3,53.8,2.72,5,9.4,Needs Attention
6655,1211.5,27.7,0.1,0,0.8,Healthy
6656,3538.1,62.5,2.96,4,14.9,Needs Attention
6657,2154.2,50.1,2.09,2,3.5,Healthy
6658,3613.0,45.8,1.17,1,11.5,Healthy
6659,1906.7,43.9,3.21,4,19.1,Needs Attention
6660,5771.6,62.6,3.37,3,10.9,Needs Attention
6661,6514.9,39.1,1.24,3,4.6,Needs Attention
6662,2435.6,50.0,1.97,1,10.4,Needs Attention
6663,2551.7,52.4,1.29,1,14.8,Healthy
6664,2119.2,44.6,1.35,3,7.3,Needs Attention
6665,7003.2,51.3,1.66,1,5.7,Healthy
6666,7094.6,43.8,1.59,4,8.9,Needs Attention
6667,5576.2,56.8,3.86,6,18.7,Critical
6668,7722.0,68.2,1.67,0,0.5,Healthy
6669,7931.3,54.0,1.67,9,17.6,Critical
6670,8354.4,55.4,2.72,2,10.3,Needs Attention
6671,4495.8,65.5,1.69,2,10.5,Healthy
6672,7440.3,56.6,1.67,1,6.7,Needs Attention
6673,8364.0,41.5,0.65,0,10.2,Needs Attention
6674,7974.3,60.1,1.28,0,5.4,Healthy
6675,8331.9,48.7,1.91,0,6.3,Healthy
6676,8747.3,45.3,2.93,2,10.1,Needs Attention
6677,6636.4,48.6,2.37,5,16.3,Needs Attention
6678,1630.1,66.2,2.05,5,15.3,Needs Attention
6679,7890.3,37.8,1.06,1,4.4,Healthy
6680,3674.7,71.0,3.06,5,18.8,Critical
6681,4367.6,54.9,0.59,2,8.4,Needs Attention
6682,2756.4,58.0,3.36,3,14.4,Needs Attention
6683,7117.6,43.1,0.1,0,0.0,Healthy
6684,7746.0,50.6,1.71,0,8.6,Healthy
6685,1712.4,58.4,2.53,4,17.5,Needs Attention
6686,3745.7,48.4,0.66,0,5.4,Healthy
6687,2980.1,53.6,0.87,0,2.6,Healthy
6688,8244.3,56.7,2.32,1,12.1,Needs Attention
6689,5969.8,54.5,1.67,1,9.7,Needs Attention
6690,4530.0,37.4,0.76,1,0.6,Healthy
6691,2323.8,34.9,2.2,3,7.9,Healthy
6692,3132.8,51.6,2.07,0,5.2,Healthy
6693,6475.9,57.5,2.09,4,12.4,Needs Attention
6694,4829.4,68.3,4.02,4,17.9,Needs Attention
6695,5754.3,50.9,1.41,3,8.2,Needs Attention
6696,3125.6,26.4,0.85,4,1.9,Needs Attention
6697,1894.7,40.9,1.39,4,13.5,Healthy
6698,3703.3,53.4,0.95,2,3.8,Healthy
6699,5774.4,46.9,1.38,1,4.9,Healthy
6700,7501.8,58.1,2.23,4,13.6,Needs Attention
6701,5786.7,56.3,2.42,4,13.2,Needs Attention
6702,5826.3,53.3,1.04,3,9.4,Needs Attention
6703,10280.4,61.8,3.57,1,14.5,Needs Attention
6704,2684.6,40.0,1.68,1,1.1,Healthy
6705,5469.7,48.5,1.5,1,3.9,Healthy
6706,5918.1,45.4,1.34,1,10.3,Needs Attention
6707,9137.3,49.7,2.21,3,11.6,Needs Attention
6708,4973.6,59.9,1.14,3,12.7,Needs Attention
6709,4131.7,55.6,2.39,2,8.4,Needs Attention
6710,3466.1,34.1,1.43,4,9.2,Needs Attention
6711,3061.6,53.1,2.5,8,17.4,Critical
6712,7876.6,42.8,0.19,1,2.0,Healthy
6713,7478.8,69.4,2.92,6,17.3,Critical
6714,8635.1,47.5,3.53,3,13.0,Needs Attention
6715,3313.3,45.6,3.0,4,17.5,Needs Attention
6716,1425.0,47.8,1.28,5,17.9,Needs Attention
6717,7953.3,51.2,2.9,1,8.4,Healthy
6718,6760.5,43.6,1.91,0,1.8,Healthy
6719,2005.9,40.7,0.1,1,3.3,Healthy
6720,5930.8,40.0,1.13,1,1.0,Healthy
6721,5683.6,45.7,2.31,2,10.1,Needs Attention
6722,4573.9,46.2,0.35,0,4.2,Healthy
6723,7045.9,25.1,2.12,3,4.6,Needs Attention
6724,7181.6,65.6,3.06,4,19.8,Critical
6725,4649.0,52.6,3.63,3,19.5,Needs Attention
6726,4562.9,58.3,2.34,1,12.3,Needs Attention
6727,5174.0,37.0,1.52,2,3.2,Healthy
6728,4062.0,55.9,0.7,2,10.7,Healthy
6729,4732.0,51.0,1.37,0,3.7,Healthy
6730,3964.3,66.3,3.04,5,17.0,Needs Attention
6731,9582.5,47.9,1.79,6,16.7,Critical
6732,7158.7,52.0,2.32,1,5.6,Healthy
6733,1417.1,65.0,1.33,1,8.5,Healthy
6734,3817.5,41.6,1.22,1,3.7,Healthy
6735,8994.2,49.9,4.33,2,17.0,Critical
6736,4228.3,46.0,2.07,3,11.6,Needs Attention
6737,6162.7,60.1,1.72,1,5.8,Healthy
6738,7922.3,56.7,1.65,2,10.1,Needs Attention
6739,7309.7,46.8,3.23,4,15.3,Needs Attention
6740,7020.9,39.0,2.17,5,15.5,Needs Attention
6741,682.2,26.4,0.1,0,1.5,Healthy
6742,3955.8,52.9,1.5,6,15.7,Needs Attention
6743,7528.2,44.8,1.92,2,8.9,Healthy
6744,5598.6,53.7,2.02,3,13.7,Needs Attention
6745,2735.1,62.9,2.71,4,16.3,Needs Attention
6746,2997.8,37.4,2.42,1,8.7,Healthy
6747,7082.7,47.6,1.81,7,16.7,Critical
6748,5981.5,52.0,2.07,0,2.7,Needs Attention
6749,5398.2,62.0,3.78,5,19.8,Critical
6750,7068.7,54.7,1.42,3,14.7,Needs Attention
6751,4872.7,67.0,2.5,6,17.0,Critical
6752,7522.8,26.5,0.22,1,1.1,Healthy
6753,4359.0,63.7,3.04,5,15.5,Critical
6754,2499.6,41.4,1.5,0,3.0,Healthy
6755,7260.1,35.4,1.28,4,5.5,Needs Attention
6756,1604.1,35.0,0.66,1,2.6,Healthy
6757,8654.5,43.3,3.5,4,15.0,Needs Attention
6758,8647.5,43.9,1.68,4,15.1,Needs Attention
6759,2302.2,47.6,1.22,1,11.5,Healthy
6760,4145.5,58.2,1.71,1,10.5,Needs Attention
6761,8764.7,49.3,2.38,4,8.0,Needs Attention
6762,3187.3,51.0,2.75,4,18.6,Needs Attention
6763,7349.2,52.8,1.03,4,16.1,Needs Attention
6764,2569.8,43.5,1.66,6,15.4,Needs Attention
6765,3517.2,58.4,1.19,2,5.7,Healthy
6766,5592.3,52.3,2.96,0,11.6,Needs Attention
6767,966.0,35.7,1.55,2,6.7,Healthy
6768,5568.6,61.9,2.74,4,15.1,Needs Attention
6769,4932.3,50.2,1.01,2,5.7,Needs Attention
6770,8200.9,55.4,1.23,1,5.9,Healthy
6771,1746.5,59.8,2.31,0,7.0,Healthy
6772,2170.8,50.2,1.69,6,10.2,Needs Attention
6773,7813.5,50.8,3.17,3,12.6,Needs Attention
6774,6381.9,62.6,2.13,3,13.2,Needs Attention
6775,2674.0,45.1,2.01,0,12.4,Healthy
6776,8512.6,66.0,2.36,9,19.5,Critical
6777,6389.2,65.1,2.51,5,12.0,Critical
6778,7177.6,34.2,1.72,0,3.0,Healthy
6779,3628.9,60.2,3.25,4,13.8,Needs Attention
6780,5027.5,34.8,1.13,1,0.9,Healthy
6781,4996.3,53.1,2.07,6,15.6,Critical
6782,3943.4,39.1,1.58,0,7.8,Healthy
6783,9466.0,59.3,2.92,4,15.2,Needs Attention
6784,1753.7,43.3,1.16,1,0.2,Healthy
6785,3594.4,33.2,1.16,0,4.1,Healthy
6786,3727.8,65.7,3.0,3,17.8,Needs Attention
6787,8418.4,20,1.08,0,4.4,Needs Attention
6788,2522.2,53.5,1.02,2,10.2,Needs Attention
6789,7231.1,50.2,2.66,7,15.2,Critical
6790,6505.3,67.3,1.51,1,13.6,Needs Attention
6791,3932.0,58.6,1.87,3,10.2,Healthy
6792,5261.9,30.3,1.69,1,3.7,Healthy
6793,9311.2,45.4,2.85,4,14.8,Critical
6794,5702.8,42.8,2.09,0,0.9,Healthy
6795,5024.2,67.9,3.79,7,15.3,Critical
6796,5679.0,64.7,2.42,2,12.3,Needs Attention
6797,4872.9,44.9,2.4,4,12.8,Needs Attention
6798,6499.5,40.6,2.26,3,2.2,Healthy
6799,7693.5,48.4,2.04,0,8.1,Healthy
6800,2576.5,65.8,2.54,7,12.0,Needs Attention
6801,7328.1,44.4,2.71,3,9.4,Needs Attention
6802,6981.5,44.9,1.04,0,2.0,Healthy
6803,4984.9,53.0,2.86,0,6.5,Healthy
6804,3817.0,68.9,4.24,9,18.6,Critical
6805,9253.8,48.6,2.18,4,8.4,Needs Attention
6806,2453.1,56.1,1.8,8,14.4,Needs Attention
6807,7897.5,64.1,3.41,5,14.9,Critical
6808,3157.0,64.1,2.39,4,17.5,Needs Attention
6809,8902.4,54.2,2.0,7,9.6,Critical
6810,3230.2,49.2,0.72,0,3.7,Healthy
6811,2104.2,53.5,2.37,3,12.9,Healthy
6812,5254.7,57.3,2.26,3,9.7,Needs Attention
6813,7465.7,46.3,1.62,0,4.1,Healthy
6814,7525.2,45.2,1.18,0,3.2,Healthy
6815,1326.9,48.3,1.76,0,5.4,Healthy
6816,2813.6,60.5,2.05,3,10.4,Needs Attention
6817,9183.1,45.5,2.36,2,12.1,Needs Attention
6818,5558.8,31.8,2.36,1,1.1,Healthy
6819,7052.9,42.5,0.1,1,1.2,Healthy
6820,6951.1,43.7,1.69,4,10.9,Needs Attention
6821,4159.0,66.5,0.5,0,9.4,Needs Attention
6822,1528.7,33.2,2.41,0,4.2,Healthy
6823,550.2,47.4,0.35,1,1.3,Healthy
6824,5856.6,36.2,1.9,1,5.8,Healthy
6825,4410.3,53.8,2.48,6,17.9,Needs Attention
6826,6275.8,34.6,1.2,3,6.1,Healthy
6827,6450.2,52.8,2.37,5,16.6,Needs Attention
6828,8736.0,43.4,1.51,4,10.6,Needs Attention
6829,1826.4,38.2,2.77,2,11.0,Needs Attention
6830,4078.4,65.7,2.75,5,17.6,Needs Attention
6831,3616.0,58.8,2.06,2,8.7,Needs Attention
6832,9333.1,55.4,2.08,1,9.3,Needs Attention
6833,1707.2,55.0,0.79,2,5.9,Healthy
6834,7947.0,45.5,1.58,1,6.4,Needs Attention
6835,6918.9,51.1,2.03,3,11.8,Needs Attention
6836,5758.7,40.6,2.39,0,0.5,Healthy
6837,1580.3,46.4,0.63,4,7.6,Needs Attention
6838,6028.1,51.8,3.47,5,15.2,Critical
6839,825.7,49.7,1.26,0,0.5,Healthy
6840,2502.6,48.5,3.1,7,15.2,Critical
6841,6080.3,57.2,2.52,4,13.2,Needs Attention
6842,3474.9,71.3,2.27,3,17.5,Needs Attention
6843,4443.6,39.5,1.91,0,3.7,Healthy
6844,1473.1,48.3,0.1,4,7.9,Needs Attention
6845,3671.0,59.1,1.72,1,7.2,Healthy
6846,1947.6,62.7,2.11,6,18.8,Critical
6847,2820.4,46.7,2.32,3,7.0,Needs Attention
6848,5845.0,28.0,1.8,0,6.1,Needs Attention
6849,3964.8,43.6,1.72,2,5.2,Needs Attention
6850,5059.2,40.3,0.77,0,3.1,Healthy
6851,1962.8,60.7,2.45,4,12.0,Needs Attention
6852,8852.9,56.0,3.24,1,14.4,Needs Attention
6853,8461.1,47.6,2.92,4,13.9,Critical
6854,865.9,58.8,1.18,4,7.0,Needs Attention
6855,2647.2,42.3,1.48,3,7.4,Needs Attention
6856,6215.1,38.5,1.48,0,2.3,Needs Attention
6857,3618.7,59.2,1.48,2,7.8,Healthy
6858,5485.1,50.3,2.17,4,12.0,Needs Attention
6859,1174.3,41.9,1.86,0,2.8,Healthy
6860,3359.6,43.8,1.14,8,16.0,Critical
6861,6038.1,52.5,2.02,1,11.3,Needs Attention
6862,8810.9,57.6,3.2,6,18.4,Critical
6863,8389.7,33.0,1.72,0,8.0,Healthy
6864,7820.3,59.0,2.39,3,15.7,Needs Attention
6865,4966.9,55.0,2.37,0,7.1,Healthy
6866,7277.1,73.1,3.13,3,19.0,Critical
6867,1726.2,50.6,1.77,2,4.3,Healthy
6868,8487.5,32.4,0.62,1,6.0,Needs Attention
6869,9103.1,45.1,1.5,2,7.5,Needs Attention
6870,7537.7,39.2,1.45,2,3.7,Needs Attention
6871,5897.8,64.7,2.36,1,17.1,Needs Attention
6872,4800.0,48.7,2.25,4,14.5,Needs Attention
6873,3354.9,45.7,1.13,2,2.5,Healthy
6874,5712.9,59.3,1.65,5,15.8,Needs Attention
6875,6034.5,37.1,1.91,0,3.4,Healthy
6876,4114.6,45.1,2.16,4,16.0,Needs Attention
6877,4208.9,42.0,3.6,4,17.0,Critical
6878,3571.6,65.4,3.54,2,18.2,Critical
6879,3559.8,54.6,2.07,4,11.6,Needs Attention
6880,7682.6,50.4,4.23,1,17.5,Needs Attention
6881,754.9,49.2,1.36,3,3.1,Healthy
6882,8304.4,61.9,1.85,6,15.9,Critical
6883,3563.8,38.6,2.85,1,9.0,Healthy
6884,4421.8,41.3,0.96,0,2.2,Healthy
6885,9478.4,41.0,3.82,4,14.6,Critical
6886,7607.0,55.8,2.61,1,2.1,Healthy
6887,8428.4,64.2,1.4,1,9.3,Healthy
6888,2594.2,43.6,0.76,3,4.7,Healthy
6889,3309.6,50.3,2.27,5,18.0,Needs Attention
6890,4749.2,30.3,0.8,0,0.8,Healthy
6891,6465.8,56.8,3.79,6,16.2,Critical
6892,3369.4,49.1,2.03,2,9.2,Needs Attention
6893,3898.0,43.0,2.33,3,13.8,Needs Attention
6894,1422.1,35.2,1.27,0,0.1,Healthy
6895,6790.9,46.3,2.04,3,13.8,Needs Attention
6896,3973.7,52.4,1.81,4,17.9,Needs Attention
6897,4640.3,65.5,2.08,2,12.3,Needs Attention
6898,2923.7,75.5,3.55,4,15.6,Critical
6899,1613.9,35.7,1.6,0,2.4,Healthy
6900,5973.6,57.1,2.09,1,6.2,Healthy
6901,2251.2,54.3,1.43,2,15.5,Needs Attention
6902,6567.5,49.2,1.75,2,5.2,Needs Attention
6903,2851.7,38.6,1.61,0,0.6,Healthy
6904,849.8,37.9,0.71,0,4.9,Healthy
6905,6091.1,36.1,2.02,2,6.4,Healthy
6906,4559.3,54.2,3.03,6,19.7,Needs Attention
6907,7705.7,29.1,1.93,0,1.0,Healthy
6908,2432.8,35.7,1.22,2,7.0,Healthy
6909,8233.4,46.2,0.21,0,2.4,Healthy
6910,1793.5,51.9,3.64,2,11.1,Healthy
6911,1882.4,58.1,0.63,0,1.0,Healthy
6912,9786.0,70.4,3.55,5,18.3,Critical
6913,7946.4,42.3,3.39,5,14.1,Needs Attention
6914,7685.8,58.1,1.78,0,10.1,Healthy
6915,2589.1,44.3,0.66,3,8.7,Needs Attention
6916,1571.4,48.2,1.17,1,6.3,Healthy
6917,9545.9,59.1,2.07,7,10.7,Needs Attention
6918,2854.6,55.8,1.32,3,11.5,Needs Attention
6919,4155.2,60.9,0.75,2,5.6,Healthy
6920,6302.6,43.4,0.88,0,0.1,Healthy
6921,1907.4,48.8,2.44,3,13.1,Needs Attention
6922,4469.5,55.4,2.31,1,6.1,Healthy
6923,6645.7,55.1,0.1,3,10.6,Needs Attention
6924,9528.1,57.6,1.69,3,12.3,Needs Attention
6925,7756.7,58.7,3.64,5,16.7,Critical
6926,8016.3,72.8,2.07,3,14.1,Needs Attention
6927,5093.5,45.2,1.02,1,2.1,Healthy
6928,3554.8,63.8,1.87,4,14.9,Needs Attention
6929,4743.0,77.6,3.54,5,17.7,Needs Attention
6930,6935.4,55.3,3.68,3,13.4,Needs Attention
6931,8823.4,46.9,2.07,3,11.6,Needs Attention
6932,3682.3,63.4,2.45,5,14.7,Critical
6933,2960.5,43.7,1.64,1,4.5,Healthy
6934,2995.4,51.0,3.59,3,8.5,Healthy
6935,3768.1,49.9,1.81,4,8.2,Needs Attention
6936,6885.3,48.2,1.84,1,4.1,Healthy
6937,5629.2,48.2,1.66,4,6.2,Needs Attention
6938,8209.5,25.0,2.34,0,5.4,Healthy
6939,8186.6,42.7,2.02,3,4.5,Needs Attention
6940,7539.0,57.0,2.03,6,16.5,Needs Attention
6941,8176.8,62.9,1.92,5,11.6,Critical
6942,7093.2,70.6,2.46,3,13.3,Needs Attention
6943,6053.9,44.2,2.14,2,9.1,Needs Attention
6944,6154.8,45.5,0.91,1,4.7,Healthy
6945,6810.4,57.6,2.2,3,19.5,Needs Attention
6946,8649.6,70.5,3.29,4,15.2,Needs Attention
6947,1752.3,42.4,1.47,1,4.6,Healthy
6948,8133.8,74.1,3.12,6,19.2,Critical
6949,5040.8,47.5,1.19,1,4.2,Healthy
6950,2935.2,45.7,1.72,3,14.1,Needs Attention
6951,5937.6,34.6,0.56,2,5.8,Needs Attention
6952,1620.7,55.5,1.72,1,8.8,Healthy
6953,5383.4,64.0,3.14,3,17.3,Needs Attention
6954,9338.9,54.0,2.5,8,16.7,Critical
6955,2773.2,25.9,3.09,5,12.2,Needs Attention
6956,2894.5,41.9,1.17,0,0.5,Healthy
6957,4574.6,64.2,1.89,3,12.1,Needs Attention
6958,6810.3,55.7,0.97,3,8.4,Healthy
6959,7388.2,67.7,1.68,4,8.3,Needs Attention
6960,5763.1,43.0,2.31,4,14.1,Critical
6961,3244.3,45.5,2.91,3,14.4,Healthy
6962,2515.7,54.8,4.63,7,17.1,Critical
6963,6390.9,61.2,4.01,5,18.2,Critical
6964,4091.4,54.7,3.59,5,18.1,Critical
6965,5563.4,44.0,2.39,2,9.2,Healthy
6966,6513.0,57.0,1.61,4,14.1,Needs Attention
6967,3394.4,40.6,2.19,3,4.6,Healthy
6968,8485.2,47.5,2.88,3,13.7,Critical
6969,7609.0,53.4,2.05,4,15.9,Needs Attention
6970,5556.0,43.9,1.3,2,10.5,Healthy
6971,2378.2,48.1,3.24,4,14.4,Needs Attention
6972,4991.9,44.4,1.67,1,2.8,Healthy
6973,8905.6,49.2,3.98,7,19.6,Critical
6974,6031.2,42.9,2.32,6,13.8,Critical
6975,1560.0,38.1,2.95,0,5.5,Healthy
6976,3220.7,57.1,2.21,3,12.3,Needs Attention
6977,3670.7,57.5,3.34,3,16.5,Needs Attention
6978,2764.0,64.7,2.33,3,11.9,Needs Attention
6979,2940.5,56.7,2.02,6,16.3,Needs Attention
6980,3345.4,45.1,2.28,0,1.3,Healthy
6981,8382.3,49.2,2.7,6,17.7,Critical
6982,8043.9,49.6,3.45,5,17.6,Critical
6983,1562.9,44.6,1.05,4,3.9,Needs Attention
6984,3951.7,59.6,1.66,2,8.2,Healthy
6985,5196.5,65.2,2.0,4,11.6,Needs Attention
6986,1392.2,44.4,2.22,2,7.8,Healthy
6987,8020.5,51.1,3.07,1,10.7,Needs Attention
6988,6060.9,68.4,2.05,5,18.9,Critical
6989,8812.1,30.6,1.06,1,5.0,Needs Attention
6990,1185.8,47.9,2.21,5,10.4,Needs Attention
6991,7040.0,61.3,0.92,0,7.6,Needs Attention
6992,8402.2,43.3,1.28,1,8.0,Needs Attention
6993,8116.4,44.9,1.04,1,1.1,Healthy
6994,3899.5,49.0,1.13,3,6.2,Healthy
6995,5273.3,49.2,2.55,4,19.5,Needs Attention
6996,5224.7,35.0,1.82,0,0.7,Healthy
6997,2635.6,41.3,0.52,0,2.0,Healthy
6998,5342.8,60.7,2.95,4,18.2,Critical
6999,3749.8,39.3,1.53,2,5.8,Healthy
7000,5593.4,25.0,0.98,0,0.9,Healthy
7001,5518.5,55.8,2.91,2,14.8,Needs Attention
7002,3437.8,69.0,0.83,5,12.5,Needs Attention
7003,2867.5,77.3,1.95,6,16.2,Needs Attention
7004,5958.1,57.0,1.87,4,10.7,Needs Attention
7005,3003.4,39.1,2.04,1,2.6,Healthy
7006,4960.6,40.2,0.99,3,4.1,Needs Attention
7007,3458.1,49.1,4.01,4,18.2,Needs Attention
7008,1874.5,52.3,1.92,3,10.9,Needs Attention
7009,3708.8,59.5,1.13,2,14.2,Needs Attention
7010,4842.6,56.8,2.2,0,5.6,Healthy
7011,4502.0,38.4,1.52,0,7.2,Healthy
7012,6051.6,54.0,0.53,1,11.8,Needs Attention
7013,6176.3,50.9,2.83,6,13.8,Critical
7014,8120.4,46.4,0.26,0,5.1,Needs Attention
7015,7476.2,36.9,0.64,0,0.7,Healthy
7016,4934.7,44.1,3.88,6,16.2,Critical
7017,8348.4,42.8,1.47,5,4.9,Needs Attention
7018,4185.2,74.5,1.73,8,17.5,Critical
7019,7975.0,38.5,2.64,1,8.5,Healthy
7020,5776.0,35.6,3.14,5,15.1,Needs Attention
7021,8289.0,46.6,1.3,0,2.9,Healthy
7022,297.9,51.6,1.9,0,1.2,Healthy
7023,2356.1,57.8,1.64,3,8.2,Healthy
7024,4615.9,69.7,2.56,6,15.1,Critical
7025,5993.1,64.4,1.64,3,10.7,Needs Attention
7026,9634.1,83.7,1.4,8,19.4,Critical
7027,5013.6,49.0,2.19,2,2.2,Healthy
7028,3152.1,59.5,1.74,5,16.0,Needs Attention
7029,5916.9,49.4,4.87,9,19.9,Critical
7030,4894.7,36.5,0.87,1,2.0,Healthy
7031,1268.8,70.3,1.02,3,8.5,Healthy
7032,2136.8,46.2,0.36,1,1.0,Healthy
7033,7867.1,53.4,2.62,5,18.1,Critical
7034,6308.6,42.8,1.58,0,9.8,Healthy
7035,1669.7,32.7,0.92,2,3.9,Healthy
7036,3821.0,56.6,1.71,2,3.3,Healthy
7037,1875.8,33.1,3.31,5,6.6,Healthy
7038,6275.2,47.8,2.02,3,12.8,Needs Attention
7039,1865.9,58.1,2.24,3,5.7,Healthy
7040,5656.1,47.7,1.8,2,8.6,Healthy
7041,978.0,73.1,2.4,1,6.0,Needs Attention
7042,2590.4,58.7,2.19,4,16.3,Needs Attention
7043,1304.8,23.5,1.83,0,3.1,Healthy
7044,7351.9,33.0,1.34,2,6.5,Healthy
7045,11501.6,71.6,3.2,3,19.9,Critical
7046,4250.3,38.3,2.24,1,8.6,Healthy
7047,8708.7,60.7,1.56,0,4.7,Needs Attention
7048,7851.6,48.3,1.28,2,1.9,Healthy
7049,3041.6,49.1,2.39,3,7.9,Needs Attention
7050,2567.0,63.9,1.39,1,9.1,Healthy
7051,3192.6,45.7,1.35,0,0.3,Healthy
7052,2595.9,31.3,1.05,0,1.5,Healthy
7053,8135.3,63.0,2.32,4,13.9,Needs Attention
7054,3211.7,49.0,1.63,4,8.3,Needs Attention
7055,4710.5,33.7,2.14,0,4.0,Healthy
7056,1015.2,30.3,2.01,2,2.6,Healthy
7057,1902.1,42.3,0.79,1,1.8,Healthy
7058,4086.8,54.9,2.0,6,19.7,Needs Attention
7059,6151.1,52.0,1.47,3,19.0,Needs Attention
7060,2475.6,34.4,0.57,0,5.6,Healthy
7061,1104.4,40.1,1.08,1,3.4,Healthy
7062,2860.7,52.3,2.38,0,1.9,Healthy
7063,920.7,49.8,1.02,2,3.7,Healthy
7064,6034.0,58.4,2.34,3,13.9,Needs Attention
7065,3818.5,61.1,2.45,2,15.3,Critical
7066,2358.2,54.9,1.89,2,5.8,Healthy
7067,2401.0,41.5,0.88,1,1.9,Healthy
7068,7192.9,20,2.34,0,4.5,Healthy
7069,3847.4,57.1,2.35,2,11.5,Needs Attention
7070,9219.7,44.4,2.26,2,8.9,Healthy
7071,5577.7,58.7,2.09,4,18.5,Critical
7072,2105.1,45.9,0.34,0,2.1,Healthy
7073,4424.6,58.5,1.92,4,12.6,Needs Attention
7074,4479.0,40.1,1.24,0,0.9,Healthy
7075,5691.2,76.8,2.5,3,16.9,Critical
7076,8430.9,60.2,1.79,5,17.8,Critical
7077,6327.5,50.1,1.87,1,9.6,Healthy
7078,6452.8,45.7,3.36,5,17.8,Critical
7079,6148.8,46.0,2.99,8,17.8,Critical
7080,7844.0,61.7,3.01,2,18.8,Needs Attention
7081,7416.8,84.6,3.92,5,17.8,Critical
7082,6941.9,69.7,0.64,4,6.0,Needs Attention
7083,4865.3,39.2,0.61,1,5.2,Healthy
7084,4169.0,49.6,1.95,4,8.6,Needs Attention
7085,3587.2,40.8,1.94,0,5.4,Healthy
7086,5800.2,53.0,1.67,1,1.8,Healthy
7087,640.2,28.5,1.19,0,2.6,Healthy
7088,5502.2,33.0,0.98,0,0.8,Healthy
7089,1411.7,48.3,1.68,3,5.4,Healthy
7090,2939.2,47.3,1.04,0,1.0,Healthy
7091,4943.6,30.0,1.14,0,1.1,Healthy
7092,5285.1,60.7,2.93,4,9.5,Needs Attention
7093,1596.5,32.6,1.42,0,2.5,Healthy
7094,1842.2,60.9,2.22,1,8.7,Healthy
7095,4978.3,40.6,2.3,3,16.4,Needs Attention
7096,2067.2,61.0,1.49,1,8.8,Healthy
7097,4572.6,47.1,2.93,2,11.4,Needs Attention
7098,3582.5,35.9,2.93,0,1.3,Healthy
7099,4912.2,75.1,1.19,0,3.2,Healthy
7100,8076.3,57.4,2.04,6,18.5,Critical
7101,3264.9,40.0,1.63,0,5.7,Healthy
7102,7313.1,39.5,2.16,0,2.0,Healthy
7103,8308.7,49.2,1.54,1,7.5,Healthy
7104,1280.1,55.2,1.13,4,16.4,Needs Attention
7105,4022.5,41.0,1.61,0,0.2,Healthy
7106,4382.3,64.1,4.06,4,14.4,Critical
7107,4880.9,46.8,2.9,5,18.5,Critical
7108,7159.4,58.9,2.08,6,16.4,Critical
7109,5898.4,44.9,2.69,4,3.3,Needs Attention
7110,9635.8,46.2,1.96,7,17.6,Critical
7111,7977.6,54.4,1.95,1,3.0,Healthy
7112,8495.2,64.5,2.9,4,17.7,Needs Attention
7113,4151.3,50.7,1.61,4,14.1,Needs Attention
7114,5264.7,38.5,1.09,4,7.0,Needs Attention
7115,10869.2,40.2,4.6,2,18.0,Critical
7116,6832.3,47.3,0.76,0,4.0,Healthy
7117,2587.4,32.9,0.42,2,3.0,Healthy
7118,5359.6,39.9,0.44,0,1.6,Healthy
7119,6186.3,42.9,1.15,5,16.9,Needs Attention
7120,7304.6,58.2,2.6,0,5.9,Healthy
7121,5326.3,49.3,2.01,0,1.8,Healthy
7122,3404.9,41.1,0.13,0,0.7,Healthy
7123,3580.3,47.9,2.62,2,13.9,Needs Attention
7124,8933.7,45.7,2.24,2,11.7,Needs Attention
7125,6409.1,64.5,2.33,3,13.1,Needs Attention
7126,6834.2,78.4,3.06,4,19.8,Critical
7127,8175.9,70.2,1.08,0,3.9,Needs Attention
7128,3529.0,51.9,2.17,3,14.8,Needs Attention
7129,7681.6,42.0,2.1,5,10.7,Needs Attention
7130,7113.7,76.0,2.73,6,18.1,Critical
7131,9557.4,64.3,3.59,6,19.9,Critical
7132,5108.7,54.6,1.66,2,6.1,Needs Attention
7133,3423.4,41.6,2.58,1,9.7,Healthy
7134,6699.5,38.8,0.74,0,1.5,Healthy
7135,458.6,40.6,1.64,0,0.6,Healthy
7136,7636.9,42.7,0.93,1,1.7,Healthy
7137,5183.2,43.5,2.28,7,19.4,Needs Attention
7138,9416.1,52.4,2.06,5,19.8,Critical
7139,3844.6,45.5,0.87,3,7.4,Healthy
7140,2528.6,21.0,2.12,4,17.1,Needs Attention
7141,707.6,31.3,1.59,0,4.9,Healthy
7142,1660.1,49.6,3.01,2,12.2,Healthy
7143,3915.9,41.9,1.69,3,3.2,Needs Attention
7144,10663.4,51.9,3.0,4,14.9,Critical
7145,7519.6,49.3,2.82,1,5.7,Needs Attention
7146,8255.4,52.2,1.71,3,16.7,Critical
7147,6822.4,51.9,2.86,2,14.5,Needs Attention
7148,5921.8,40.4,2.19,0,3.6,Healthy
7149,1520.1,49.3,1.07,0,3.4,Healthy
7150,8952.4,74.8,2.79,4,18.6,Critical
7151,9519.3,57.9,0.69,4,18.9,Critical
7152,7226.8,68.4,2.79,3,12.9,Needs Attention
7153,8775.6,46.1,2.12,6,14.8,Critical
7154,4984.3,52.8,2.3,1,7.1,Needs Attention
7155,3685.4,42.3,1.38,0,0.5,Healthy
7156,8074.2,38.6,2.07,4,10.7,Needs Attention
7157,7524.2,64.6,2.8,5,17.9,Critical
7158,1028.1,31.1,1.83,4,10.0,Needs Attention
7159,7840.0,47.9,1.98,5,11.2,Needs Attention
7160,1236.0,57.2,1.83,3,3.3,Healthy
7161,3837.3,82.8,3.62,5,19.8,Critical
7162,6489.1,53.1,3.45,5,19.8,Critical
7163,1783.7,47.2,2.7,3,8.9,Needs Attention
7164,5435.2,37.5,1.15,1,0.6,Healthy
7165,5239.2,64.9,1.48,6,13.3,Needs Attention
7166,3818.3,55.6,1.78,0,1.8,Healthy
7167,3601.7,57.6,1.05,2,5.4,Needs Attention
7168,1293.0,25.6,2.26,0,2.0,Healthy
7169,1292.8,60.2,1.02,0,6.6,Healthy
7170,5744.8,34.0,1.44,2,5.5,Healthy
7171,7868.6,64.5,3.4,2,12.7,Needs Attention
7172,5111.4,45.5,3.25,4,17.6,Needs Attention
7173,2564.9,40.1,2.53,6,11.3,Needs Attention
7174,2662.2,53.8,2.82,6,15.1,Needs Attention
7175,6253.5,58.0,3.35,2,17.0,Needs Attention
7176,7744.5,35.6,2.21,0,4.8,Healthy
7177,3359.2,53.6,2.47,0,10.0,Healthy
7178,1791.1,29.7,1.8,0,2.4,Healthy
7179,7614.7,58.2,2.27,5,11.4,Needs Attention
7180,2575.3,38.4,0.82,0,1.6,Healthy
7181,10272.8,67.6,3.12,6,14.6,Critical
7182,3793.7,59.3,1.29,2,7.6,Needs Attention
7183,4085.7,60.0,1.28,4,16.1,Needs Attention
7184,3561.7,44.6,1.6,4,7.8,Needs Attention
7185,5297.7,45.1,2.64,3,18.9,Needs Attention
7186,2728.6,44.8,1.06,0,3.6,Healthy
7187,3065.0,39.6,2.05,0,1.5,Healthy
7188,1769.7,55.3,3.0,5,13.1,Needs Attention
7189,2341.5,43.5,2.74,3,10.3,Needs Attention
7190,5448.8,32.8,1.14,0,3.9,Healthy
7191,6905.9,47.7,2.09,1,3.0,Healthy
7192,7907.1,54.5,2.99,5,17.7,Critical
7193,8402.2,51.6,1.93,1,3.1,Needs Attention
7194,2229.6,34.2,1.78,1,5.8,Healthy
7195,1730.0,47.7,0.15,0,1.9,Healthy
7196,9219.9,41.9,2.2,3,10.9,Needs Attention
7197,7295.1,44.4,1.07,0,3.3,Healthy
7198,7382.4,39.8,1.43,3,11.3,Needs Attention
7199,6855.0,29.2,1.6,1,3.2,Needs Attention
7200,4328.7,42.9,1.98,0,0.9,Healthy
7201,4746.5,52.0,1.1,0,2.6,Healthy
7202,4801.9,44.6,1.81,6,16.5,Critical
7203,3067.6,53.2,2.23,1,4.5,Healthy
7204,927.1,33.1,0.1,0,0.5,Healthy
7205,6539.2,60.5,3.26,6,19.9,Critical
7206,5557.9,59.4,2.09,1,7.2,Healthy
7207,6943.8,39.8,2.82,2,7.9,Needs Attention
7208,8528.5,35.7,1.04,0,5.6,Healthy
7209,1439.0,47.6,3.21,6,16.0,Critical
7210,8614.5,49.2,2.86,3,9.0,Needs Attention
7211,6959.7,47.5,1.17,5,8.2,Needs Attention
7212,5238.1,40.1,1.9,0,3.5,Healthy
7213,7674.3,47.8,2.24,5,17.4,Critical
7214,7051.4,48.7,2.2,3,14.3,Healthy
7215,6572.5,38.3,1.47,3,12.8,Needs Attention
7216,8041.6,51.1,1.98,4,6.6,Needs Attention
7217,7986.7,36.1,2.51,4,8.9,Needs Attention
7218,9160.6,33.8,1.89,2,6.9,Needs Attention
7219,8979.5,54.4,1.05,1,10.6,Needs Attention
7220,8253.3,60.8,1.29,5,9.5,Critical
7221,6182.6,51.4,0.1,1,0.9,Healthy
7222,4593.4,48.7,1.01,3,1.5,Healthy
7223,7215.5,54.0,2.24,0,9.2,Healthy
7224,8033.5,51.3,2.1,1,4.4,Healthy
7225,1810.2,43.3,1.67,2,7.8,Healthy
7226,6800.9,39.6,0.94,3,10.2,Needs Attention
7227,6756.2,55.8,2.06,3,8.0,Needs Attention
7228,9191.7,74.0,3.96,4,18.2,Critical
7229,4657.8,52.7,2.54,5,14.7,Needs Attention
7230,6625.7,55.8,2.11,5,10.8,Needs Attention
7231,6262.6,35.5,1.56,5,6.6,Needs Attention
7232,5452.8,58.4,2.55,2,12.2,Needs Attention
7233,6885.0,51.2,1.38,1,2.4,Needs Attention
7234,6306.4,54.8,1.12,3,15.3,Needs Attention
7235,4580.5,58.1,2.95,5,15.4,Critical
7236,9070.1,55.3,2.92,1,10.2,Needs Attention
7237,7179.6,52.3,1.54,4,13.2,Needs Attention
7238,5155.1,60.9,2.25,4,14.2,Needs Attention
7239,695.5,37.1,1.46,2,6.3,Healthy
7240,329.6,34.0,0.96,1,0.2,Healthy
7241,7781.3,51.5,0.81,1,2.2,Healthy
7242,5333.2,57.7,1.15,3,9.3,Needs Attention
7243,3264.5,44.0,1.26,0,2.8,Healthy
7244,8248.8,43.5,2.56,1,6.1,Healthy
7245,3167.1,41.4,0.5,3,1.3,Healthy
7246,4221.1,54.6,3.56,5,18.5,Needs Attention
7247,2686.6,47.1,1.59,0,2.1,Healthy
7248,1812.2,58.9,1.61,3,9.2,Healthy
7249,1375.7,42.9,2.6,6,14.1,Needs Attention
7250,2646.0,65.8,1.41,6,19.5,Critical
7251,4284.4,37.0,3.08,3,14.7,Needs Attention
7252,8361.6,41.5,2.25,1,6.9,Needs Attention
7253,4712.7,35.4,1.57,0,2.5,Healthy
7254,9115.0,47.7,1.66,1,9.3,Needs Attention
7255,4120.5,56.3,1.77,7,14.7,Critical
7256,6113.5,73.6,3.17,6,17.2,Critical
7257,5199.5,40.4,2.62,3,15.6,Needs Attention
7258,7902.7,47.3,2.98,4,7.7,Needs Attention
7259,5991.2,60.2,1.24,4,18.0,Needs Attention
7260,1973.2,51.9,0.74,1,3.2,Healthy
7261,3082.1,52.5,2.99,2,16.1,Healthy
7262,2387.9,50.4,2.38,2,1.5,Healthy
7263,6283.4,39.8,1.87,4,9.0,Needs Attention
7264,1018.4,59.6,1.47,5,14.7,Needs Attention
7265,7848.3,49.7,2.81,3,10.8,Needs Attention
7266,9814.7,56.7,2.05,7,19.4,Critical
7267,2042.2,42.2,2.17,2,10.8,Needs Attention
7268,3265.0,65.7,3.1,8,19.3,Critical
7269,1438.7,34.0,2.91,5,13.9,Needs Attention
7270,4752.8,51.4,2.04,2,9.4,Healthy
7271,3966.3,62.5,2.09,3,12.7,Needs Attention
7272,814.8,38.2,2.82,2,6.3,Healthy
7273,7771.4,56.5,2.19,3,15.5,Critical
7274,3166.4,51.0,2.28,5,17.3,Needs Attention
7275,7211.9,50.4,2.77,0,11.0,Healthy
7276,1408.7,49.6,0.63,2,5.3,Healthy
7277,4643.5,43.5,0.72,0,2.2,Healthy
7278,2067.8,42.1,2.28,3,13.2,Needs Attention
7279,1634.7,71.8,1.91,3,11.2,Needs Attention
7280,7454.3,20,1.31,1,3.0,Healthy
7281,2160.3,42.5,0.65,0,2.1,Healthy
7282,8081.5,43.5,1.73,2,5.6,Needs Attention
7283,7775.0,55.2,1.59,0,8.2,Healthy
7284,5653.7,56.5,2.19,4,12.8,Needs Attention
7285,2903.2,52.3,3.79,4,19.2,Critical
7286,8223.5,49.5,1.65,1,3.9,Healthy
7287,3170.4,63.0,1.58,3,10.6,Needs Attention
7288,4841.2,32.7,2.31,1,8.1,Healthy
7289,990.6,61.0,1.69,1,7.1,Healthy
7290,4804.6,69.5,3.3,1,18.3,Needs Attention
7291,1176.6,31.5,0.97,3,8.1,Healthy
7292,5810.4,57.5,1.38,2,8.1,Needs Attention
7293,8455.1,58.7,0.59,3,7.4,Needs Attention
7294,3905.1,55.9,1.43,4,14.4,Needs Attention
7295,7496.9,41.6,0.1,0,1.1,Healthy
7296,8480.2,53.0,2.13,4,14.8,Needs Attention
7297,3759.8,48.7,0.1,0,3.4,Healthy
7298,4727.7,52.5,0.99,2,9.4,Needs Attention
7299,7157.9,66.3,2.79,5,15.9,Needs Attention
7300,8715.6,32.8,1.87,2,7.2,Needs Attention
7301,3271.1,54.5,1.68,4,9.8,Needs Attention
7302,8812.1,58.0,2.4,4,13.8,Critical
7303,7338.1,61.4,3.17,7,19.2,Critical
7304,7752.9,67.9,2.32,2,12.6,Needs Attention
7305,5191.6,57.5,1.73,5,18.0,Needs Attention
7306,9892.9,46.6,2.11,7,12.7,Needs Attention
7307,6922.0,44.9,1.65,1,11.5,Needs Attention
7308,7947.2,71.9,2.66,4,18.6,Critical
7309,5232.3,40.1,2.09,2,7.8,Needs Attention
7310,5127.8,36.6,1.55,0,2.8,Healthy
7311,5741.4,58.2,1.82,3,12.6,Healthy
7312,7357.8,63.7,2.29,5,16.4,Needs Attention
7313,5988.2,27.2,0.84,0,4.0,Healthy
7314,2615.7,45.0,3.11,2,11.2,Healthy
7315,7891.6,34.5,1.49,5,11.3,Critical
7316,730.6,47.8,0.77,0,0.6,Healthy
7317,1283.9,49.1,1.43,0,6.2,Healthy
7318,6154.3,52.1,2.42,4,11.4,Needs Attention
7319,5868.9,60.9,1.92,5,16.4,Critical
7320,4761.6,47.8,2.56,7,19.5,Critical
7321,8226.4,32.1,1.19,2,11.7,Needs Attention
7322,1802.2,40.4,2.44,2,9.5,Healthy
7323,4993.7,30.2,2.3,0,2.5,Healthy
7324,7164.1,41.5,0.7,0,2.1,Healthy
7325,4786.0,42.9,0.86,0,1.8,Healthy
7326,975.5,38.4,1.78,3,5.2,Healthy
7327,5829.5,71.4,3.04,1,15.0,Needs Attention
7328,7002.7,63.1,1.95,5,17.8,Critical
7329,5506.6,43.6,0.1,6,10.1,Needs Attention
7330,7003.9,64.1,3.9,5,19.4,Critical
7331,1337.5,70.3,1.19,5,14.1,Needs Attention
7332,6493.6,56.8,1.15,3,15.7,Needs Attention
7333,6544.2,39.8,1.12,4,13.6,Needs Attention
7334,5210.9,47.9,2.33,5,11.2,Needs Attention
7335,1218.9,40.6,1.93,3,2.2,Healthy
7336,6692.3,47.3,0.86,0,1.8,Healthy
7337,2603.2,52.9,1.81,0,11.7,Healthy
7338,5918.4,43.0,2.22,2,11.1,Needs Attention
7339,9456.7,45.9,2.54,2,12.5,Needs Attention
7340,6965.2,32.3,0.88,0,3.3,Healthy
7341,7457.6,62.3,2.52,3,11.1,Needs Attention
7342,8579.7,53.8,3.79,6,16.5,Critical
7343,10077.1,36.4,2.86,4,13.0,Needs Attention
7344,2563.9,71.6,1.98,3,13.9,Needs Attention
7345,1430.9,48.5,1.24,0,0.6,Healthy
7346,1887.9,56.6,1.33,0,6.8,Healthy
7347,7701.5,56.6,1.41,0,8.7,Healthy
7348,8056.8,49.9,2.35,6,11.2,Needs Attention
7349,4303.0,49.8,2.29,2,6.6,Needs Attention
7350,7459.2,70.7,2.77,6,14.9,Needs Attention
7351,8339.9,38.4,0.66,0,3.5,Healthy
7352,10438.4,55.2,1.39,4,17.1,Critical
7353,8536.7,57.9,2.21,2,9.4,Needs Attention
7354,4042.4,46.0,0.75,1,8.0,Healthy
7355,8211.4,58.1,1.64,3,8.5,Needs Attention
7356,5482.7,53.2,3.55,4,17.8,Critical
7357,3861.4,53.5,2.71,3,13.9,Needs Attention
7358,7922.1,43.7,2.81,6,13.2,Critical
7359,4614.1,55.0,1.99,0,6.3,Healthy
7360,3986.9,55.3,1.64,2,11.3,Healthy
7361,6804.9,37.8,1.49,0,2.2,Healthy
7362,7609.3,46.0,3.1,2,10.0,Needs Attention
7363,3519.6,44.8,1.62,2,4.4,Healthy
7364,4448.8,41.8,0.33,0,2.0,Healthy
7365,3567.1,52.0,1.09,1,3.9,Healthy
7366,4988.2,57.6,1.33,4,11.8,Needs Attention
7367,7190.2,57.2,3.09,5,15.7,Critical
7368,4348.2,40.6,1.25,0,1.6,Healthy
7369,3914.8,63.5,2.94,5,16.0,Critical
7370,3676.7,43.7,2.5,3,15.9,Needs Attention
7371,8617.8,46.6,1.26,3,9.7,Needs Attention
7372,1588.6,52.1,3.02,4,17.9,Needs Attention
7373,6099.9,53.9,3.77,3,15.2,Needs Attention
7374,6130.8,34.0,1.3,2,6.0,Needs Attention
7375,4121.7,65.5,2.28,1,4.6,Healthy
7376,4111.8,67.6,2.38,4,16.6,Needs Attention
7377,9167.9,32.1,0.46,0,6.2,Healthy
7378,4944.6,60.3,0.94,2,6.8,Needs Attention
7379,8911.5,44.6,3.38,5,14.3,Critical
7380,5243.6,65.0,1.52,0,6.7,Healthy
7381,5106.4,52.7,1.55,0,5.7,Healthy
7382,5810.5,50.0,2.02,2,4.0,Healthy
7383,8001.4,67.2,2.33,2,15.5,Needs Attention
7384,646.5,48.3,1.18,2,1.4,Healthy
7385,8589.9,48.1,3.34,5,15.3,Needs Attention
7386,4540.2,61.7,2.97,6,19.6,Critical
7387,4699.3,54.6,1.76,4,10.8,Needs Attention
7388,6715.9,53.1,1.51,0,1.3,Healthy
7389,4048.7,66.6,1.69,5,8.3,Needs Attention
7390,6902.2,43.6,2.63,3,8.5,Needs Attention
7391,4082.0,49.0,3.73,1,15.3,Needs Attention
7392,4794.8,41.4,2.15,4,8.2,Needs Attention
7393,932.3,31.7,1.43,0,0.2,Healthy
7394,2504.8,45.3,1.66,2,9.6,Healthy
7395,4366.3,34.9,2.37,0,1.1,Healthy
7396,6639.4,45.6,1.77,4,7.5,Needs Attention
7397,3181.7,58.8,2.96,4,15.9,Needs Attention
7398,8700.5,59.8,2.7,5,11.2,Needs Attention
7399,6189.4,55.5,1.64,3,6.3,Needs Attention
7400,5037.2,54.6,1.98,3,13.4,Needs Attention
7401,5961.8,47.9,3.96,2,16.4,Needs Attention
7402,6780.7,36.0,0.59,3,0.5,Healthy
7403,3723.0,62.7,1.74,4,18.0,Needs Attention
7404,3695.8,46.2,2.81,0,11.1,Healthy
7405,1735.8,42.6,1.03,3,6.4,Needs Attention
7406,3467.0,58.6,1.65,5,18.7,Critical
7407,4149.1,56.0,1.8,4,18.5,Needs Attention
7408,6288.0,44.2,2.62,3,13.6,Needs Attention
7409,5241.8,51.9,0.58,1,6.0,Healthy
7410,8846.1,55.6,2.33,6,15.3,Critical
7411,4524.1,46.1,2.25,4,18.4,Needs Attention
7412,1715.7,43.0,1.33,1,7.9,Healthy
7413,1073.6,42.7,1.21,1,3.5,Healthy
7414,1677.5,48.7,0.91,1,4.9,Healthy
7415,8275.6,54.6,3.3,5,18.0,Critical
7416,361.6,36.0,2.09,0,0.7,Healthy
7417,4780.2,65.9,1.37,0,4.4,Healthy
7418,1803.2,37.5,1.63,3,9.5,Healthy
7419,2536.7,40.3,3.26,4,10.8,Healthy
7420,2944.0,45.3,1.45,0,1.4,Healthy
7421,8136.9,49.5,2.36,4,9.8,Needs Attention
7422,6027.1,50.7,2.5,0,9.1,Healthy
7423,3505.5,40.4,2.64,1,11.0,Needs Attention
7424,8691.0,35.0,2.09,2,7.9,Needs Attention
7425,3329.1,42.7,0.67,4,10.0,Needs Attention
7426,6491.2,40.8,1.57,0,3.5,Healthy
7427,2047.0,44.5,4.27,5,13.8,Critical
7428,7039.0,54.5,1.04,1,5.4,Healthy
7429,10286.1,58.4,3.57,5,18.0,Needs Attention
7430,8844.0,59.2,2.44,1,12.9,Critical
7431,1899.1,54.1,1.9,3,9.2,Healthy
7432,6548.0,40.5,2.22,2,7.3,Healthy
7433,9262.5,71.9,2.93,4,14.6,Critical
7434,5388.0,48.4,0.43,0,0.5,Healthy
7435,6913.9,56.5,1.13,7,15.6,Critical
7436,4125.7,54.2,2.14,5,12.8,Critical
7437,6263.6,74.5,3.28,7,18.3,Critical
7438,1909.3,37.9,2.15,2,8.9,Needs Attention
7439,216.8,23.6,1.89,0,0.2,Healthy
7440,8748.9,54.8,2.66,2,16.0,Needs Attention
7441,8256.1,53.0,0.1,2,5.3,Needs Attention
7442,5836.1,30.6,1.08,0,3.0,Healthy
7443,5261.7,62.7,1.46,5,7.4,Needs Attention
7444,3205.5,72.2,2.69,5,18.7,Needs Attention
7445,2227.0,48.4,0.53,2,7.9,Healthy
7446,3598.9,43.0,1.22,3,5.7,Healthy
7447,6087.0,58.6,1.52,4,9.9,Needs Attention
7448,3241.1,60.2,0.78,2,9.2,Healthy
7449,6337.8,43.2,2.27,1,11.1,Needs Attention
7450,5386.2,39.1,1.05,3,7.0,Needs Attention
7451,6983.7,41.1,1.61,1,6.6,Needs Attention
7452,7206.4,45.9,0.48,1,0.1,Healthy
7453,6346.0,63.2,1.61,3,5.6,Needs Attention
7454,4231.4,57.6,3.35,5,17.3,Needs Attention
7455,6976.5,45.7,1.68,1,2.6,Healthy
7456,3511.8,42.1,0.84,1,1.5,Healthy
7457,9626.5,49.3,2.31,4,18.7,Critical
7458,5369.1,60.0,1.86,4,17.2,Critical
7459,7566.5,54.0,4.1,4,18.2,Critical
7460,6186.2,57.2,3.92,2,15.2,Needs Attention
7461,8022.7,54.1,3.28,7,18.9,Critical
7462,6913.9,30.0,2.05,0,1.6,Healthy
7463,1341.0,61.6,2.23,5,13.6,Needs Attention
7464,7479.6,45.4,2.49,0,4.6,Healthy
7465,3629.4,43.3,2.47,1,6.2,Healthy
7466,8810.9,49.0,1.86,2,5.5,Needs Attention
7467,5900.8,45.5,2.57,0,10.2,Healthy
7468,7214.0,51.7,2.64,5,18.2,Critical
7469,4542.5,46.1,1.93,2,2.1,Healthy
7470,3578.1,78.8,1.53,5,18.9,Critical
7471,10115.9,38.0,3.42,5,17.3,Critical
7472,1255.0,76.9,1.19,4,18.4,Needs Attention
7473,8083.7,62.2,1.88,1,12.9,Needs Attention
7474,2649.7,58.8,2.42,2,9.1,Healthy
7475,4562.8,41.1,3.02,3,13.3,Needs Attention
7476,6849.5,62.0,2.36,4,19.3,Needs Attention
7477,4323.9,40.7,2.38,0,6.4,Healthy
7478,600.0,44.1,1.21,1,3.5,Healthy
7479,7763.3,63.6,2.35,5,13.4,Needs Attention
7480,2426.1,48.3,1.25,5,5.6,Needs Attention
7481,6369.7,49.2,2.06,6,14.8,Critical
7482,6070.2,49.6,3.11,4,17.0,Needs Attention
7483,6249.4,72.1,1.68,3,10.8,Needs Attention
7484,3158.6,49.4,2.91,4,14.8,Needs Attention
7485,7714.5,39.0,1.35,4,1.8,Needs Attention
7486,535.1,53.4,2.04,1,4.2,Healthy
7487,8062.1,50.5,1.53,5,11.3,Needs Attention
7488,5600.1,54.0,0.82,0,2.7,Healthy
7489,3057.2,45.8,2.39,5,10.2,Healthy
7490,5313.8,49.1,1.64,0,1.8,Healthy
7491,3047.2,48.4,0.95,0,1.7,Healthy
7492,3554.8,52.6,1.69,0,7.0,Healthy
7493,2566.4,51.7,3.03,1,9.9,Healthy
7494,6336.7,39.9,1.42,2,9.0,Needs Attention
7495,7832.3,40.8,2.74,4,12.3,Needs Attention
7496,2152.2,34.5,2.0,4,6.4,Needs Attention
7497,8185.7,64.4,1.9,1,17.1,Needs Attention
7498,3596.1,55.6,3.46,2,15.3,Needs Attention
7499,3819.7,39.8,1.17,1,4.6,Healthy
7500,575.5,48.2,0.41,1,0.1,Healthy
7501,6673.9,36.0,1.3,3,6.8,Needs Attention
7502,4938.7,50.7,1.88,4,15.7,Needs Attention
7503,5058.9,41.0,1.37,3,10.3,Needs Attention
7504,2806.3,42.6,2.65,6,17.9,Critical
7505,824.4,43.9,2.0,2,11.6,Needs Attention
7506,6620.4,55.9,2.63,3,12.1,Needs Attention
7507,6555.0,64.2,2.58,6,14.6,Critical
7508,1872.5,56.3,1.62,0,5.1,Healthy
7509,8985.8,64.1,1.98,3,15.8,Critical
7510,1600.1,51.5,1.36,1,4.4,Healthy
7511,8061.7,50.5,1.14,1,6.3,Needs Attention
7512,4769.6,45.7,2.85,5,15.3,Critical
7513,5092.1,42.7,2.21,0,5.4,Healthy
7514,3040.0,47.9,1.61,6,8.8,Needs Attention
7515,2578.6,65.0,4.03,6,18.7,Critical
7516,8646.2,52.5,1.65,6,10.6,Needs Attention
7517,1067.6,32.9,2.34,0,4.2,Healthy
7518,3183.0,47.4,1.15,3,17.3,Needs Attention
7519,3686.3,55.6,2.24,4,18.6,Needs Attention
7520,4213.0,33.3,1.26,0,0.8,Healthy
7521,8508.0,50.2,1.74,3,14.4,Needs Attention
7522,6417.3,62.7,2.69,1,17.5,Needs Attention
7523,756.0,30.7,0.5,1,3.0,Healthy
7524,5493.5,66.7,3.67,6,17.6,Needs Attention
7525,9941.0,44.3,1.54,3,17.0,Needs Attention
7526,7954.8,60.5,3.74,0,18.3,Needs Attention
7527,3390.8,64.9,2.77,4,16.2,Needs Attention
7528,4853.5,24.0,1.36,0,3.0,Healthy
7529,10691.6,50.8,3.71,9,20.0,Critical
7530,5592.0,53.2,2.74,5,18.5,Critical
7531,3168.3,46.4,4.06,6,18.7,Critical
7532,2436.0,44.4,1.48,3,6.5,Healthy
7533,8179.7,38.3,0.32,1,11.7,Needs Attention
7534,6666.0,32.0,1.36,1,4.9,Needs Attention
7535,7122.9,35.2,1.32,0,0.9,Healthy
7536,6332.7,42.0,0.91,1,1.5,Healthy
7537,4412.8,68.8,2.13,5,18.5,Needs Attention
7538,9142.6,68.8,3.94,4,16.8,Critical
7539,4353.6,44.6,2.88,5,10.8,Needs Attention
7540,3933.4,61.6,2.37,6,13.7,Needs Attention
7541,4109.5,73.4,2.86,4,16.3,Critical
7542,1478.4,79.2,3.15,4,17.6,Needs Attention
7543,6622.7,48.0,3.03,6,15.2,Critical
7544,7385.3,55.5,2.23,3,17.3,Needs Attention
7545,5710.8,88.6,3.02,4,18.0,Critical
7546,3959.5,51.5,1.34,2,17.0,Needs Attention
7547,3762.4,49.1,2.9,4,14.6,Needs Attention
7548,5862.9,46.5,1.76,5,8.8,Needs Attention
7549,6900.7,40.5,2.03,0,1.8,Healthy
7550,6239.2,57.6,4.89,5,17.1,Critical
7551,8389.9,64.9,2.1,3,13.9,Critical
7552,8306.3,54.8,2.49,2,14.1,Needs Attention
7553,6234.7,54.1,2.22,4,7.5,Healthy
7554,8554.3,52.3,1.63,2,7.6,Healthy
7555,2753.4,52.9,2.29,0,3.8,Needs Attention
7556,2890.3,38.1,1.14,0,0.9,Healthy
7557,4117.0,42.5,1.64,6,14.6,Needs Attention
7558,6171.9,63.1,2.83,4,9.5,Critical
7559,4296.5,43.7,0.48,0,1.0,Healthy
7560,6835.1,52.1,1.63,0,6.2,Healthy
7561,414.9,32.8,1.36,1,3.8,Healthy
7562,410.2,35.2,0.25,0,0.2,Healthy
7563,5408.9,58.8,1.78,5,16.3,Needs Attention
7564,7336.9,57.6,3.04,6,19.9,Critical
7565,3726.8,71.2,3.46,6,17.3,Critical
7566,6900.9,52.2,4.08,6,16.3,Needs Attention
7567,1588.7,54.6,2.02,3,11.8,Needs Attention
7568,2986.6,63.8,3.65,4,13.9,Critical
7569,4995.2,55.6,3.87,3,17.3,Needs Attention
7570,6213.6,34.0,0.86,1,4.5,Healthy
7571,8537.2,57.1,3.01,2,10.1,Needs Attention
7572,4205.1,51.0,1.66,1,8.3,Healthy
7573,8985.6,54.6,3.62,5,18.7,Critical
7574,2902.4,77.0,2.35,4,16.6,Needs Attention
7575,1242.9,38.2,2.28,3,12.4,Needs Attention
7576,1531.1,44.4,1.15,0,1.2,Healthy
7577,2680.2,50.7,2.62,3,12.8,Needs Attention
7578,1619.9,44.6,1.52,4,9.4,Healthy
7579,3159.3,58.1,1.14,1,6.3,Healthy
7580,6528.6,66.1,3.52,5,16.8,Needs Attention
7581,9456.5,74.6,2.94,5,19.3,Critical
7582,8534.4,71.0,0.91,4,19.7,Critical
7583,7029.2,52.6,2.36,1,9.8,Needs Attention
7584,7741.1,56.9,2.46,1,12.2,Healthy
7585,5052.6,38.5,2.11,5,11.1,Needs Attention
7586,2290.2,25.9,0.13,2,4.8,Healthy
7587,2675.1,33.3,0.1,3,3.0,Needs Attention
7588,8738.1,54.0,1.86,0,6.6,Healthy
7589,1871.2,51.7,0.69,0,2.6,Healthy
7590,7835.6,32.1,2.5,1,9.0,Needs Attention
7591,6711.7,51.2,2.91,3,19.1,Needs Attention
7592,6359.8,32.8,0.96,0,3.7,Needs Attention
7593,2422.7,40.1,1.77,1,8.6,Healthy
7594,5175.2,42.9,0.62,0,0.7,Healthy
7595,7976.6,41.4,1.79,1,7.2,Healthy
7596,2727.7,54.8,1.85,1,8.9,Healthy
7597,10196.3,47.5,2.95,9,19.5,Critical
7598,932.1,44.8,1.58,1,0.8,Healthy
7599,2459.4,37.8,0.1,2,1.1,Healthy
7600,5693.2,52.0,2.37,4,18.0,Needs Attention
7601,6243.5,44.3,1.79,1,11.7,Needs Attention
7602,4626.1,41.1,2.07,6,19.4,Needs Attention
7603,3102.9,51.3,2.0,3,4.1,Needs Attention
7604,5892.4,43.6,0.59,1,1.2,Healthy
7605,2494.8,36.1,1.56,1,5.5,Healthy
7606,5236.7,58.7,2.03,4,12.3,Needs Attention
7607,6949.8,53.2,1.8,2,11.5,Needs Attention
7608,3612.4,41.2,1.01,0,0.1,Healthy
7609,490.0,37.0,1.69,3,3.9,Needs Attention
7610,6175.8,53.3,2.27,5,8.7,Needs Attention
7611,7407.2,33.1,1.41,0,0.5,Healthy
7612,4496.0,24.7,1.09,0,0.8,Healthy
7613,1520.8,54.6,0.83,1,14.8,Healthy
7614,7391.8,66.7,3.05,4,19.6,Needs Attention
7615,8656.9,54.0,3.23,3,12.6,Needs Attention
7616,3570.2,56.3,1.99,2,6.0,Healthy
7617,2446.0,53.4,2.4,1,4.9,Healthy
7618,7862.6,47.0,1.27,2,7.1,Healthy
7619,680.3,50.8,3.5,1,6.3,Healthy
7620,2267.7,42.4,2.94,4,15.3,Needs Attention
7621,8489.8,54.5,2.14,3,11.9,Needs Attention
7622,3761.6,51.7,1.17,4,9.3,Needs Attention
7623,8480.8,72.4,3.44,6,18.3,Critical
7624,1189.8,50.0,0.48,2,2.2,Healthy
7625,4855.6,55.9,1.83,0,10.0,Healthy
7626,8777.0,53.0,1.8,4,14.9,Needs Attention
7627,7568.2,46.9,2.14,2,6.6,Healthy
7628,5870.9,74.9,2.98,5,11.9,Critical
7629,6369.4,68.8,2.81,4,16.5,Critical
7630,2268.0,35.2,0.95,0,1.2,Healthy
7631,4836.3,38.9,1.24,3,11.6,Needs Attention
7632,7468.5,37.2,1.49,2,3.5,Needs Attention
7633,5754.7,52.6,1.39,0,1.8,Healthy
7634,1993.8,63.8,2.13,0,9.2,Healthy
7635,2536.8,35.7,1.74,0,3.2,Healthy
7636,6463.7,49.4,1.93,1,6.4,Healthy
7637,6048.9,53.8,1.83,0,0.8,Healthy
7638,8049.3,59.6,2.56,5,15.1,Critical
7639,3567.5,32.9,1.47,0,6.2,Healthy
7640,1685.3,45.1,1.11,5,17.3,Needs Attention
7641,8593.8,60.8,0.97,3,9.6,Needs Attention
7642,3380.5,32.5,0.89,4,13.5,Needs Attention
7643,9087.5,59.7,2.95,2,8.8,Needs Attention
7644,5946.4,34.0,1.45,2,4.1,Healthy
7645,7876.6,76.8,3.29,4,16.1,Needs Attention
7646,7223.0,39.3,1.54,0,4.4,Healthy
7647,5173.4,52.0,2.55,2,12.0,Needs Attention
7648,5967.5,52.2,1.05,0,2.8,Healthy
7649,8663.2,53.1,4.53,5,18.7,Critical
7650,2809.2,38.6,0.51,0,1.2,Healthy
7651,1637.8,51.5,3.07,2,10.6,Needs Attention
7652,8045.5,56.9,1.3,6,19.0,Critical
7653,6541.6,55.6,2.49,2,13.3,Healthy
7654,4652.2,65.9,2.69,2,15.1,Needs Attention
7655,4982.0,56.1,1.89,6,18.9,Needs Attention
7656,5222.5,42.5,1.17,2,5.2,Healthy
7657,7841.3,57.1,3.97,6,19.8,Critical
7658,8490.2,41.3,1.79,2,4.7,Needs Attention
7659,3647.9,32.1,0.88,0,3.8,Healthy
7660,1784.5,41.2,0.84,0,0.3,Healthy
7661,8353.3,54.9,2.38,4,8.7,Needs Attention
7662,6896.6,46.4,2.07,1,8.4,Healthy
7663,10472.8,74.4,1.39,5,15.2,Critical
7664,8813.7,55.3,1.39,3,10.4,Needs Attention
7665,1957.1,58.4,2.57,0,11.6,Healthy
7666,4311.2,54.7,1.25,1,7.3,Healthy
7667,3172.0,62.7,3.17,7,19.9,Critical
7668,8485.6,62.1,3.43,5,15.9,Needs Attention
7669,7070.3,47.2,3.13,4,13.7,Critical
7670,4859.8,40.6,1.47,0,5.7,Healthy
7671,4852.5,55.8,2.51,2,4.6,Needs Attention
7672,8612.6,40.4,4.16,3,19.6,Critical
7673,1565.5,32.9,1.66,1,3.7,Healthy
7674,4633.8,50.6,1.37,2,12.1,Healthy
7675,5361.8,54.7,2.13,4,13.5,Needs Attention
7676,8046.5,59.6,1.89,3,19.2,Critical
7677,4895.3,62.0,1.93,5,15.9,Needs Attention
7678,1325.9,44.7,1.02,0,1.4,Healthy
7679,10476.3,41.6,2.9,5,16.3,Critical
7680,7477.8,56.5,3.35,4,12.1,Critical
7681,4750.9,37.0,0.93,3,3.0,Needs Attention
7682,5734.6,45.7,3.98,6,19.3,Needs Attention
7683,5876.3,45.9,1.15,1,7.2,Healthy
7684,4345.4,48.9,1.65,0,4.9,Healthy
7685,2876.7,44.8,1.78,2,7.6,Healthy
7686,5510.3,52.4,2.79,5,15.2,Needs Attention
7687,6651.6,40.0,1.32,0,2.1,Healthy
7688,2438.1,50.0,2.36,5,13.7,Needs Attention
7689,3939.9,50.3,0.99,0,1.5,Healthy
7690,4858.6,29.1,2.43,0,6.8,Healthy
7691,8347.6,51.8,0.68,2,9.1,Healthy
7692,7055.2,48.4,3.66,4,12.3,Critical
7693,3640.0,32.7,0.83,2,5.8,Healthy
7694,2513.2,54.5,0.37,0,2.0,Healthy
7695,2738.4,55.4,1.69,1,7.4,Healthy
7696,2176.7,50.7,1.68,1,7.6,Needs Attention
7697,4011.6,24.3,1.82,1,4.4,Healthy
7698,8925.9,51.6,2.1,3,11.1,Needs Attention
7699,4140.5,52.8,2.3,4,14.4,Needs Attention
7700,9653.3,50.5,3.12,4,17.8,Needs Attention
7701,5802.3,49.4,2.68,3,15.5,Needs Attention
7702,5448.5,60.0,2.62,5,16.6,Critical
7703,2012.3,50.3,0.1,2,2.2,Healthy
7704,7815.5,49.0,1.29,1,2.7,Healthy
7705,1508.2,24.3,0.62,3,3.2,Healthy
7706,1236.8,35.2,0.97,0,1.2,Healthy
7707,3401.3,60.9,1.69,3,6.6,Healthy
7708,5958.8,60.7,0.1,5,7.4,Needs Attention
7709,4553.2,50.4,1.56,1,5.6,Needs Attention
7710,8415.1,54.8,3.18,2,10.1,Needs Attention
7711,4128.1,53.1,2.62,7,9.3,Needs Attention
7712,4091.1,37.2,1.9,0,7.0,Healthy
7713,4539.6,65.6,3.85,2,10.4,Needs Attention
7714,7019.0,68.8,1.69,1,11.0,Needs Attention
7715,8248.3,54.0,1.45,1,9.8,Needs Attention
7716,5929.4,43.5,1.44,4,12.4,Needs Attention
7717,5409.7,55.3,0.25,0,0.9,Healthy
7718,5592.4,34.8,1.72,2,8.3,Needs Attention
7719,8468.0,59.0,1.96,4,16.7,Needs Attention
7720,5377.4,34.0,1.43,0,0.2,Healthy
7721,1689.7,61.3,1.47,4,10.9,Healthy
7722,8739.0,48.8,1.51,3,13.8,Needs Attention
7723,2817.7,63.8,2.64,5,12.5,Needs Attention
7724,6938.5,25.3,1.02,2,5.9,Healthy
7725,4135.4,67.6,1.82,5,19.5,Needs Attention
7726,1524.1,35.0,0.98,3,5.5,Healthy
7727,7956.5,34.2,2.14,4,8.4,Needs Attention
7728,2711.2,53.7,2.89,5,10.9,Needs Attention
7729,4358.8,56.8,2.66,5,12.9,Needs Attention
7730,10072.6,62.1,2.5,4,18.9,Needs Attention
7731,2814.7,58.2,3.18,2,11.5,Healthy
7732,4701.0,39.6,0.91,0,2.9,Healthy
7733,7680.4,59.0,2.54,2,13.0,Needs Attention
7734,1840.3,57.5,1.24,5,16.2,Needs Attention
7735,6710.6,54.4,2.74,1,11.9,Needs Attention
7736,8257.9,52.9,2.45,1,7.3,Healthy
7737,4702.1,41.0,1.85,2,2.7,Healthy
7738,3744.8,40.7,1.73,2,4.2,Healthy
7739,1977.0,55.8,2.27,3,7.8,Needs Attention
7740,5760.4,46.0,3.02,3,13.0,Needs Attention
7741,4265.3,59.4,2.88,3,13.8,Needs Attention
7742,2286.3,58.3,2.42,4,11.7,Needs Attention
7743,2175.2,52.7,1.24,0,2.8,Healthy
7744,2367.2,55.1,1.9,4,17.0,Needs Attention
7745,7598.5,65.2,1.93,1,8.2,Needs Attention
7746,5468.5,62.0,2.37,5,16.0,Needs Attention
7747,3156.4,31.1,1.7,3,3.6,Healthy
7748,3502.4,20,1.69,2,6.7,Needs Attention
7749,8222.6,31.6,1.84,2,1.6,Healthy
7750,8307.0,71.1,2.4,4,15.6,Needs Attention
7751,2874.0,60.3,1.72,2,14.2,Healthy
7752,901.6,48.2,1.66,0,2.8,Healthy
7753,3685.7,34.5,0.96,2,5.9,Healthy
7754,8436.7,72.9,2.8,4,13.2,Needs Attention
7755,4483.6,45.4,2.75,6,11.5,Critical
7756,3618.3,38.5,1.37,2,5.8,Needs Attention
7757,2301.6,52.0,1.65,3,9.6,Healthy
7758,3995.0,35.5,1.76,3,1.0,Healthy
7759,3403.4,63.5,2.27,2,8.1,Healthy
7760,2351.9,42.3,2.74,2,3.4,Healthy
7761,7634.9,62.8,2.52,5,15.1,Critical
7762,1734.3,47.9,0.97,0,1.5,Healthy
7763,4518.1,41.1,1.12,0,0.3,Healthy
7764,7709.8,53.5,1.34,2,11.6,Needs Attention
7765,4120.8,43.0,1.79,4,15.1,Needs Attention
7766,3581.3,46.0,1.46,2,0.8,Healthy
7767,3420.0,45.9,2.51,2,7.7,Healthy
7768,7879.6,43.9,1.27,0,8.7,Healthy
7769,2435.3,64.8,3.3,6,18.8,Critical
7770,4841.1,45.9,2.96,4,16.3,Needs Attention
7771,5858.9,52.4,3.08,4,18.6,Critical
7772,8990.6,55.6,3.9,6,15.9,Needs Attention
7773,8078.0,55.1,2.44,1,10.1,Needs Attention
7774,8173.3,58.0,2.1,4,18.8,Critical
7775,3935.8,58.1,1.92,3,12.9,Needs Attention
7776,7871.5,65.6,2.01,4,16.3,Critical
7777,7970.8,77.5,3.35,5,19.3,Critical
7778,8366.1,49.9,1.46,1,9.3,Healthy
7779,5367.2,33.6,1.55,0,5.8,Healthy
7780,4185.4,49.6,3.28,5,16.2,Critical
7781,9373.3,52.7,2.25,2,11.9,Needs Attention
7782,5724.2,38.0,1.37,2,4.5,Healthy
7783,2081.7,61.8,1.84,0,7.1,Healthy
7784,2777.8,37.0,1.06,0,4.1,Healthy
7785,5607.3,30.8,3.95,3,10.0,Healthy
7786,3218.1,35.5,3.16,4,10.8,Needs Attention
7787,5850.1,42.1,2.06,2,14.4,Needs Attention
7788,5028.8,50.9,1.14,3,15.7,Needs Attention
7789,737.5,41.2,2.3,0,3.1,Healthy
7790,1022.9,34.8,2.64,5,11.3,Needs Attention
7791,6540.1,61.5,1.64,3,12.6,Needs Attention
7792,4576.1,43.3,2.39,2,6.8,Healthy
7793,2358.4,68.0,3.06,5,18.8,Critical
7794,2955.7,56.2,0.28,1,2.7,Healthy
7795,2991.3,55.4,3.74,5,16.5,Needs Attention
7796,4889.8,58.7,2.58,4,14.8,Needs Attention
7797,2650.2,38.7,2.52,2,7.0,Healthy
7798,7854.9,43.2,2.76,2,14.8,Needs Attention
7799,5091.5,64.3,2.39,2,17.3,Needs Attention
7800,4051.9,38.8,0.66,1,2.1,Healthy
7801,3305.2,62.1,0.92,5,12.7,Needs Attention
7802,1913.7,73.0,4.13,5,19.1,Critical
7803,7683.8,45.4,2.52,2,8.9,Needs Attention
7804,5883.7,43.8,2.54,3,7.4,Needs Attention
7805,6044.4,45.0,2.68,2,13.0,Needs Attention
7806,4481.9,50.0,2.61,4,11.0,Critical
7807,2649.9,59.5,3.06,5,17.2,Needs Attention
7808,4097.7,44.4,2.22,1,10.7,Healthy
7809,3006.4,45.0,1.72,0,8.1,Healthy
7810,6765.4,39.2,1.85,1,10.7,Needs Attention
7811,7636.1,65.8,1.19,4,15.9,Needs Attention
7812,2481.7,35.6,1.53,5,16.6,Needs Attention
7813,7041.4,31.9,2.18,4,10.9,Needs Attention
7814,7432.3,46.4,2.96,5,12.4,Needs Attention
7815,5171.6,36.9,2.48,5,14.8,Needs Attention
7816,4860.4,32.4,0.53,0,4.7,Healthy
7817,6555.1,43.2,2.19,2,10.2,Needs Attention
7818,8343.9,58.8,2.01,6,14.8,Critical
7819,8971.2,50.1,2.6,6,18.7,Critical
7820,2690.3,41.7,2.57,0,0.2,Healthy
7821,7744.0,41.5,2.02,3,9.1,Needs Attention
7822,8605.6,54.8,0.82,3,9.7,Needs Attention
7823,3506.4,62.1,3.85,6,16.2,Needs Attention
7824,7069.3,65.7,1.59,1,4.5,Healthy
7825,2718.3,31.7,1.15,0,4.5,Healthy
7826,5218.2,44.9,1.77,2,6.8,Healthy
7827,4293.0,43.8,1.89,0,3.5,Healthy
7828,1974.4,54.0,0.41,1,2.8,Healthy
7829,7557.0,55.9,1.68,3,14.8,Needs Attention
7830,6065.9,38.6,2.24,5,11.0,Needs Attention
7831,9904.5,62.7,1.85,3,15.6,Needs Attention
7832,2230.5,43.6,0.51,1,1.2,Healthy
7833,7403.5,45.7,1.08,1,3.0,Healthy
7834,1896.9,46.4,1.01,2,2.9,Healthy
7835,2129.8,37.4,2.9,1,4.7,Healthy
7836,5920.4,38.3,2.77,1,7.7,Healthy
7837,2123.3,40.1,2.36,0,9.4,Healthy
7838,6766.8,29.9,2.01,4,10.6,Needs Attention
7839,2794.2,65.8,2.25,3,10.7,Needs Attention
7840,8455.6,56.3,3.08,4,13.5,Needs Attention
7841,7996.2,34.3,1.06,0,1.9,Healthy
7842,6349.1,54.8,1.43,4,7.2,Needs Attention
7843,4503.1,36.2,0.1,0,5.0,Healthy
7844,7649.8,48.9,2.0,3,12.3,Needs Attention
7845,143.2,38.3,1.35,0,1.1,Healthy
7846,3433.1,52.7,0.32,1,1.1,Healthy
7847,2828.2,60.3,1.55,1,2.0,Healthy
7848,7995.2,49.7,2.29,4,9.0,Needs Attention
7849,9684.0,50.3,2.02,2,15.4,Needs Attention
7850,2636.8,67.5,3.03,6,16.2,Critical
7851,8497.6,65.4,2.94,1,15.5,Critical
7852,3566.8,48.2,1.82,5,4.5,Healthy
7853,6783.1,51.5,2.19,1,3.1,Needs Attention
7854,5476.7,59.6,2.52,3,14.9,Needs Attention
7855,10963.5,49.1,4.28,7,18.9,Critical
7856,4599.6,55.1,2.02,3,15.5,Needs Attention
7857,3854.6,54.8,1.81,4,5.8,Needs Attention
7858,7161.5,43.7,1.92,2,1.4,Healthy
7859,8133.9,53.9,2.54,4,18.1,Critical
7860,2727.5,39.3,2.19,2,9.2,Healthy
7861,9856.1,68.9,4.28,2,19.3,Needs Attention
7862,7445.7,59.2,3.42,6,19.4,Critical
7863,3260.1,55.5,0.86,3,5.0,Healthy
7864,5087.2,68.7,3.02,5,17.3,Critical
7865,7422.0,45.2,1.56,4,9.5,Needs Attention
7866,3784.3,52.2,2.56,2,13.1,Needs Attention
7867,3604.5,45.9,3.34,8,17.7,Critical
7868,6602.3,68.4,3.99,5,19.9,Critical
7869,6767.1,38.9,2.07,0,6.3,Healthy
7870,3644.8,41.0,2.07,3,5.7,Healthy
7871,7502.1,73.4,4.77,6,19.6,Critical
7872,5333.2,72.5,3.15,3,13.0,Needs Attention
7873,5940.7,40.4,3.16,3,10.6,Needs Attention
7874,7769.3,65.5,2.92,3,19.7,Critical
7875,4779.8,50.9,0.36,0,2.1,Healthy
7876,5458.6,60.7,1.27,6,16.4,Needs Attention
7877,852.2,66.1,1.99,2,4.1,Healthy
7878,4577.8,57.5,3.05,8,18.1,Critical
7879,7257.1,42.6,1.64,3,7.0,Healthy
7880,8533.1,54.5,1.6,6,18.5,Critical
7881,3664.0,55.1,2.91,1,8.2,Needs Attention
7882,997.4,47.4,2.0,3,5.8,Healthy
7883,7157.9,33.9,0.1,0,4.3,Healthy
7884,3216.3,53.4,1.06,2,3.8,Needs Attention
7885,7988.9,41.2,0.55,0,1.1,Healthy
7886,2703.7,23.1,1.57,2,2.9,Healthy
7887,1306.7,47.0,1.12,2,1.3,Healthy
7888,2652.6,50.2,2.57,2,9.4,Needs Attention
7889,8254.9,43.1,0.77,1,7.6,Needs Attention
7890,6376.9,62.4,1.84,6,12.9,Critical
7891,8093.9,40.4,2.08,0,1.3,Healthy
7892,3696.9,45.1,2.34,1,8.5,Healthy
7893,7089.9,51.2,2.11,0,3.6,Healthy
7894,1310.4,55.1,1.21,0,8.1,Healthy
7895,2320.8,62.4,3.01,8,18.7,Critical
7896,8224.7,29.5,1.93,4,11.6,Critical
7897,6595.8,49.2,1.09,2,1.7,Healthy
7898,991.8,32.9,0.96,0,3.2,Healthy
7899,954.1,25.4,1.56,1,2.5,Healthy
7900,1658.1,45.3,1.28,0,2.7,Healthy
7901,8423.5,51.1,2.95,2,6.9,Needs Attention
7902,2852.9,42.6,1.26,2,9.9,Needs Attention
7903,5392.0,60.4,2.45,1,10.0,Needs Attention
7904,2157.9,37.6,1.45,0,7.6,Healthy
7905,5576.6,51.2,2.58,4,12.2,Needs Attention
7906,1381.6,56.1,1.06,4,15.4,Needs Attention
7907,7467.8,72.6,3.12,3,16.4,Critical
7908,7274.7,38.7,1.9,2,11.6,Needs Attention
7909,3475.4,39.4,1.73,4,11.6,Healthy
7910,3169.1,44.8,2.63,3,7.2,Needs Attention
7911,3139.7,39.3,2.23,2,11.2,Healthy
7912,6400.5,48.5,2.48,3,11.8,Needs Attention
7913,9424.1,60.6,2.63,2,15.9,Needs Attention
7914,6821.7,53.4,3.23,3,13.4,Needs Attention
7915,5814.9,42.1,2.77,3,10.4,Needs Attention
7916,7396.9,52.2,3.25,4,18.2,Critical
7917,1868.4,47.8,0.98,1,1.5,Healthy
7918,1959.1,42.9,1.45,2,5.4,Healthy
7919,1783.4,41.3,2.51,2,7.9,Healthy
7920,3973.0,53.9,1.14,0,11.1,Needs Attention
7921,6369.6,27.8,1.7,3,4.8,Needs Attention
7922,6605.7,43.7,3.04,5,14.2,Needs Attention
7923,3088.2,63.9,1.94,3,14.1,Needs Attention
7924,3243.6,50.2,0.7,2,2.8,Healthy
7925,5836.3,58.5,2.35,3,4.6,Healthy
7926,7371.6,38.8,0.98,1,1.8,Healthy
7927,9173.2,58.6,2.76,7,15.5,Critical
7928,1447.7,39.4,1.35,0,6.3,Healthy
7929,8168.4,45.9,1.16,3,2.4,Healthy
7930,3049.1,45.3,1.06,0,3.3,Healthy
7931,2324.5,32.1,2.57,2,6.5,Healthy
7932,5902.2,39.7,2.89,0,14.0,Needs Attention
7933,1877.7,63.4,3.71,5,12.4,Critical
7934,6469.2,60.6,2.2,2,13.5,Needs Attention
7935,8206.8,46.5,1.6,3,12.8,Needs Attention
7936,4912.1,49.9,1.66,0,5.8,Healthy
7937,7193.2,61.6,1.39,0,2.6,Healthy
7938,3023.2,45.3,1.6,2,4.4,Healthy
7939,7175.4,44.2,0.81,3,2.6,Needs Attention
7940,2262.7,70.7,3.28,4,18.6,Critical
7941,3603.3,39.5,1.91,5,15.2,Needs Attention
7942,8587.0,52.3,2.32,0,11.9,Needs Attention
7943,7487.1,62.1,1.89,4,11.5,Needs Attention
7944,6769.9,46.3,2.12,7,19.8,Critical
7945,2057.8,45.3,1.9,3,8.2,Healthy
7946,2883.7,29.7,2.48,2,7.3,Needs Attention
7947,2402.0,44.3,3.76,7,19.9,Critical
7948,3536.0,48.5,1.71,1,6.3,Healthy
7949,6756.3,67.6,2.19,4,17.9,Needs Attention
7950,6476.1,51.6,1.47,3,11.3,Needs Attention
7951,3297.0,51.3,2.72,2,8.6,Needs Attention
7952,1502.6,36.1,2.44,1,2.4,Healthy
7953,7267.2,44.2,1.85,5,7.1,Needs Attention
7954,3179.7,59.0,3.32,6,14.2,Critical
7955,1888.7,74.2,1.91,4,15.0,Needs Attention
7956,3387.9,57.4,0.96,1,8.8,Healthy
7957,7776.4,56.6,2.19,5,17.0,Critical
7958,9658.8,47.7,3.12,4,17.1,Critical
7959,5378.8,48.3,2.56,0,8.0,Healthy
7960,2212.3,51.3,1.89,4,10.3,Needs Attention
7961,6507.3,72.5,2.31,5,16.8,Critical
7962,3544.1,54.8,1.4,3,13.0,Needs Attention
7963,8001.6,51.1,3.31,1,15.6,Needs Attention
7964,5674.9,47.5,1.52,6,16.0,Needs Attention
7965,5171.4,37.0,0.52,1,6.7,Healthy
7966,7665.0,42.7,0.98,0,1.5,Healthy
7967,6974.8,66.5,3.47,6,18.9,Critical
7968,5984.5,45.1,1.37,1,8.3,Healthy
7969,3785.3,25.6,1.07,1,5.2,Healthy
7970,3405.2,39.3,1.86,2,11.6,Needs Attention
7971,1231.2,59.7,2.04,3,7.9,Healthy
7972,8521.0,41.4,0.75,2,3.5,Needs Attention
7973,8798.4,57.7,2.01,7,16.3,Critical
7974,6989.1,64.5,1.86,3,15.9,Needs Attention
7975,1725.8,40.4,1.37,3,10.2,Healthy
7976,4833.9,46.9,2.61,4,15.6,Needs Attention
7977,1981.4,47.1,0.53,1,1.1,Healthy
7978,2566.4,62.8,2.0,0,9.8,Healthy
7979,8280.4,45.4,1.59,3,6.5,Needs Attention
7980,8385.8,55.3,1.75,7,19.2,Critical
7981,5369.0,36.4,1.64,5,13.3,Needs Attention
7982,3985.5,36.1,1.76,1,4.1,Healthy
7983,7692.4,52.3,1.91,8,18.7,Critical
7984,1588.6,65.7,3.49,4,16.1,Needs Attention
7985,1136.8,53.4,2.18,6,12.8,Healthy
7986,2142.7,60.6,2.08,4,11.3,Needs Attention
7987,6639.1,45.3,2.47,5,19.2,Needs Attention
7988,7955.8,51.4,0.1,0,2.4,Healthy
7989,7137.0,32.0,0.91,2,0.2,Needs Attention
7990,3679.5,32.3,3.13,3,16.0,Needs Attention
7991,4657.3,61.3,2.54,1,9.9,Needs Attention
7992,5734.1,50.2,2.87,3,13.1,Needs Attention
7993,6239.7,58.3,0.97,4,14.0,Needs Attention
7994,6374.2,57.7,1.65,3,15.5,Needs Attention
7995,8326.3,40.7,2.2,3,6.3,Needs Attention
7996,4848.8,43.6,1.92,2,10.7,Needs Attention
7997,7974.1,36.5,0.1,0,5.4,Healthy
7998,4341.2,48.0,1.98,6,17.2,Needs Attention
7999,6133.1,56.5,1.02,3,11.1,Healthy
8000,1934.8,51.4,1.94,2,5.1,Healthy
8001,7319.0,66.3,2.02,5,17.6,Needs Attention
8002,2523.7,70.9,1.46,3,17.0,Needs Attention
8003,7654.4,47.8,2.16,5,10.2,Needs Attention
8004,1852.0,53.5,0.98,0,3.4,Healthy
8005,2659.8,54.1,3.12,7,14.5,Critical
8006,3697.4,52.7,3.55,5,15.9,Needs Attention
8007,8624.4,52.9,3.2,6,16.3,Critical
8008,2674.0,47.3,1.83,1,10.5,Healthy
8009,6905.7,51.5,2.1,1,1.8,Healthy
8010,2525.6,50.7,2.21,1,14.0,Needs Attention
8011,4472.6,57.2,2.41,4,11.4,Healthy
8012,3402.0,49.5,1.68,0,0.0,Healthy
8013,9891.2,39.8,3.0,4,18.8,Critical
8014,4121.5,35.9,1.19,0,5.7,Healthy
8015,9234.9,50.8,1.95,2,10.5,Needs Attention
8016,4817.5,46.3,1.7,2,7.6,Healthy
8017,1469.5,43.4,1.92,1,10.8,Healthy
8018,2692.5,66.1,2.97,5,15.5,Needs Attention
8019,2352.1,38.8,2.52,2,11.0,Needs Attention
8020,3917.7,50.3,1.31,1,11.0,Healthy
8021,2493.5,36.3,4.05,5,15.5,Needs Attention
8022,3233.3,46.8,2.36,3,16.3,Needs Attention
8023,3731.4,23.3,0.51,1,1.7,Healthy
8024,9167.7,67.1,1.6,1,13.7,Needs Attention
8025,7126.8,55.2,1.3,6,19.3,Critical
8026,7877.2,67.8,3.21,6,10.2,Needs Attention
8027,4747.0,46.5,1.18,4,3.6,Healthy
8028,10727.5,72.1,2.82,5,19.3,Critical
8029,5502.6,45.0,2.12,6,12.9,Needs Attention
8030,3962.6,42.4,1.31,0,4.7,Healthy
8031,6958.1,49.0,2.92,2,10.9,Needs Attention
8032,5624.3,59.8,2.95,3,14.7,Needs Attention
8033,4205.1,64.7,1.93,3,17.5,Critical
8034,5746.2,41.5,1.05,0,3.1,Healthy
8035,1514.8,57.4,3.64,5,20.0,Needs Attention
8036,4343.4,48.5,1.37,1,7.4,Healthy
8037,8198.0,57.0,1.42,1,3.6,Healthy
8038,3547.1,77.1,2.23,5,18.1,Critical
8039,4544.0,45.5,0.86,0,2.6,Healthy
8040,8149.8,54.4,3.18,6,12.5,Critical
8041,2734.3,61.2,1.42,7,11.5,Needs Attention
8042,8308.1,56.2,1.13,4,19.5,Critical
8043,7414.8,37.3,1.08,1,2.6,Healthy
8044,8544.0,64.4,2.33,5,15.0,Critical
8045,5561.7,61.1,2.26,4,19.0,Needs Attention
8046,9571.0,49.6,1.5,4,13.3,Critical
8047,5010.6,65.7,2.84,4,16.8,Needs Attention
8048,5352.2,75.0,2.7,3,17.6,Critical
8049,4698.9,63.4,2.56,0,7.2,Needs Attention
8050,6611.4,34.4,1.66,1,1.2,Healthy
8051,5830.7,54.8,1.55,2,9.4,Needs Attention
8052,2393.8,37.7,1.82,0,1.6,Healthy
8053,7580.2,59.0,3.72,6,19.4,Critical
8054,4296.8,64.8,2.03,3,17.0,Needs Attention
8055,4349.7,41.3,0.1,0,2.5,Healthy
8056,2150.3,41.7,0.95,0,0.4,Healthy
8057,5117.9,46.4,3.65,8,17.3,Critical
8058,4374.0,46.4,3.67,5,20.0,Critical
8059,1645.5,34.6,1.7,0,0.2,Healthy
8060,3573.6,44.2,1.62,1,8.8,Healthy
8061,9441.9,36.5,2.06,6,11.6,Needs Attention
8062,2323.6,51.1,3.94,4,17.5,Needs Attention
8063,5291.9,85.6,4.09,8,19.9,Critical
8064,6399.1,58.6,2.7,5,16.9,Needs Attention
8065,6539.4,38.1,3.17,0,7.3,Healthy
8066,4169.8,44.4,1.25,0,2.7,Healthy
8067,4388.0,49.6,1.52,1,14.5,Needs Attention
8068,1894.7,50.5,2.09,1,6.3,Healthy
8069,1679.8,42.7,0.42,0,2.5,Healthy
8070,5738.7,68.9,3.76,8,20.0,Critical
8071,7222.4,55.1,2.29,0,5.7,Needs Attention
8072,1342.2,37.0,3.63,2,16.2,Healthy
8073,6797.6,53.8,2.11,3,14.5,Needs Attention
8074,8591.6,48.6,1.58,3,13.5,Needs Attention
8075,3707.2,61.4,2.72,2,16.4,Healthy
8076,8232.6,40.8,2.78,5,16.0,Critical
8077,3982.2,30.9,0.93,2,2.3,Healthy
8078,3255.2,52.6,3.88,4,19.8,Needs Attention
8079,7812.6,34.7,0.83,2,1.6,Healthy
8080,3876.0,37.0,1.53,1,3.8,Healthy
8081,6174.1,56.5,0.2,5,12.9,Needs Attention
8082,7711.2,56.1,1.12,2,3.3,Needs Attention
8083,5603.1,58.1,3.36,5,16.4,Needs Attention
8084,9940.9,62.2,4.28,3,17.7,Critical
8085,3838.2,57.9,2.8,3,12.5,Needs Attention
8086,5670.8,56.0,1.57,4,9.6,Needs Attention
8087,9882.1,69.2,1.09,2,16.7,Needs Attention
8088,3447.1,47.0,3.39,6,19.2,Needs Attention
8089,6302.0,53.0,1.2,2,0.9,Healthy
8090,4618.6,38.2,2.02,1,3.9,Healthy
8091,9531.9,58.6,2.23,0,12.2,Needs Attention
8092,3914.6,44.2,1.34,0,6.0,Healthy
8093,5025.2,62.0,3.26,7,18.3,Critical
8094,6993.4,49.7,3.9,5,19.3,Critical
8095,8046.0,40.0,2.54,6,17.8,Needs Attention
8096,4426.5,60.8,2.88,3,16.8,Needs Attention
8097,3648.1,57.5,3.91,3,16.1,Needs Attention
8098,8805.9,73.9,3.79,8,19.7,Critical
8099,8516.3,51.1,2.03,1,4.3,Healthy
8100,5437.0,43.9,2.15,3,6.4,Needs Attention
8101,3121.5,53.9,1.71,5,11.0,Needs Attention
8102,2720.7,51.6,2.14,1,7.8,Healthy
8103,2196.3,52.2,1.97,1,2.6,Healthy
8104,3369.0,53.9,2.09,2,8.5,Healthy
8105,2673.5,37.1,2.88,5,15.2,Needs Attention
8106,1885.6,39.5,1.09,1,4.7,Healthy
8107,9725.5,47.0,2.37,5,16.1,Needs Attention
8108,7028.9,52.8,2.6,0,5.3,Healthy
8109,1644.9,70.0,2.81,8,19.8,Critical
8110,4965.4,54.9,2.23,3,17.7,Critical
8111,9807.3,65.4,3.36,6,19.4,Critical
8112,4757.4,44.9,1.39,2,9.1,Healthy
8113,8172.0,53.4,1.87,4,16.0,Needs Attention
8114,3794.0,61.6,1.86,3,8.8,Needs Attention
8115,5153.0,68.1,1.96,5,16.7,Needs Attention
8116,6590.4,34.9,2.46,2,11.6,Needs Attention
8117,6954.3,49.6,3.02,4,12.1,Needs Attention
8118,6855.8,49.8,1.62,0,6.1,Healthy
8119,8220.7,55.1,1.53,0,2.0,Healthy
8120,3471.3,47.3,3.17,2,14.5,Needs Attention
8121,7941.2,59.4,1.02,3,18.6,Needs Attention
8122,5672.4,66.3,2.79,6,19.8,Critical
8123,5499.7,78.2,4.04,8,19.5,Critical
8124,7565.4,34.6,1.62,0,6.7,Needs Attention
8125,3673.5,49.7,1.92,2,7.7,Healthy
8126,5989.2,45.6,2.13,4,5.5,Healthy
8127,4068.9,65.3,1.71,2,15.0,Needs Attention
8128,8208.9,57.3,2.84,0,9.5,Healthy
8129,9600.8,61.0,3.16,4,15.5,Needs Attention
8130,3981.6,24.6,1.45,1,1.8,Healthy
8131,3362.9,46.7,1.38,3,12.8,Needs Attention
8132,5052.9,44.4,0.95,1,3.5,Needs Attention
8133,7164.8,81.2,2.16,6,16.9,Critical
8134,2639.7,44.8,2.58,0,5.3,Healthy
8135,3914.3,62.1,2.03,3,13.1,Needs Attention
8136,3740.6,43.0,1.5,0,5.9,Healthy
8137,2961.9,56.5,1.64,4,11.8,Needs Attention
8138,2203.8,54.0,2.05,6,10.3,Needs Attention
8139,8364.0,62.8,1.25,1,5.6,Healthy
8140,997.9,44.8,2.29,3,8.7,Needs Attention
8141,6825.3,47.8,0.84,5,11.2,Needs Attention
8142,4205.6,47.8,0.53,0,3.9,Healthy
8143,5722.8,64.7,1.41,5,18.2,Needs Attention
8144,2416.1,41.1,1.02,0,1.3,Healthy
8145,7574.4,59.0,1.48,1,5.6,Healthy
8146,7157.1,56.6,1.46,5,10.3,Needs Attention
8147,8433.9,43.4,2.42,3,16.5,Needs Attention
8148,6345.4,37.1,1.83,3,7.8,Needs Attention
8149,9902.6,59.3,3.09,2,13.9,Needs Attention
8150,3208.9,44.0,0.83,1,7.4,Healthy
8151,5187.0,47.9,3.27,4,19.0,Needs Attention
8152,4801.8,33.0,1.26,0,1.5,Healthy
8153,3192.4,37.9,1.22,0,2.3,Healthy
8154,8121.5,41.6,1.36,0,2.1,Healthy
8155,1768.5,48.8,1.04,2,7.8,Healthy
8156,4908.0,63.9,3.06,4,17.5,Critical
8157,8375.9,53.0,2.43,1,6.4,Needs Attention
8158,9582.8,65.8,3.66,6,17.5,Critical
8159,5756.1,61.7,0.97,1,5.6,Healthy
8160,8244.1,53.1,1.32,4,14.1,Critical
8161,1447.1,44.4,1.43,2,3.0,Healthy
8162,8118.7,81.8,1.18,5,16.9,Critical
8163,5992.1,37.7,0.3,3,4.0,Needs Attention
8164,7976.6,51.8,1.51,5,18.7,Needs Attention
8165,4592.1,47.4,2.11,6,16.9,Critical
8166,4004.2,42.8,1.49,2,3.6,Healthy
8167,5492.0,46.1,1.94,0,10.6,Healthy
8168,945.2,44.3,1.73,1,0.5,Healthy
8169,5970.0,55.3,1.42,7,13.4,Needs Attention
8170,5580.7,71.7,3.34,3,16.9,Critical
8171,2972.2,60.3,2.87,4,16.3,Needs Attention
8172,353.9,34.1,1.99,0,1.3,Healthy
8173,1412.7,45.2,3.08,1,8.5,Healthy
8174,5414.5,66.7,1.23,3,14.3,Needs Attention
8175,7477.4,50.9,1.83,3,9.1,Needs Attention
8176,7426.8,51.5,1.25,0,7.3,Needs Attention
8177,7743.2,64.6,3.98,4,19.3,Critical
8178,1422.4,46.3,2.26,4,16.9,Needs Attention
8179,7375.9,53.8,1.81,1,13.2,Needs Attention
8180,2503.8,50.7,2.13,2,6.8,Healthy
8181,3759.9,52.6,1.01,0,5.9,Healthy
8182,9947.1,59.6,1.95,0,11.8,Healthy
8183,833.9,31.7,1.75,0,0.4,Healthy
8184,2042.0,49.6,1.58,2,11.4,Needs Attention
8185,2552.8,45.5,0.33,0,7.5,Needs Attention
8186,6169.0,54.5,2.34,4,13.9,Needs Attention
8187,8861.0,68.1,2.44,5,10.1,Needs Attention
8188,7905.1,49.2,1.52,4,13.9,Needs Attention
8189,7338.4,39.9,1.39,0,1.0,Healthy
8190,2264.9,50.8,2.65,4,14.8,Needs Attention
8191,4387.1,42.7,3.59,0,11.1,Needs Attention
8192,4494.3,43.7,1.2,1,3.5,Healthy
8193,4084.5,57.7,3.0,5,17.9,Critical
8194,932.8,51.6,2.62,0,5.8,Healthy
8195,5516.2,54.4,3.05,2,15.8,Critical
8196,6639.4,56.2,2.59,3,13.3,Needs Attention
8197,7671.3,45.6,1.09,2,6.7,Needs Attention
8198,4042.5,56.6,2.09,0,15.2,Needs Attention
8199,6669.5,46.7,1.52,0,2.1,Healthy
8200,7309.3,75.4,2.54,5,15.2,Needs Attention
8201,6902.9,47.3,2.38,2,7.5,Healthy
8202,7457.3,51.1,1.89,2,12.8,Needs Attention
8203,3681.5,59.5,2.49,4,11.8,Needs Attention
8204,9179.0,66.1,3.13,7,18.1,Critical
8205,7744.5,51.1,2.75,2,9.9,Needs Attention
8206,3658.9,43.1,1.9,5,12.2,Needs Attention
8207,6713.0,46.2,1.04,3,13.1,Needs Attention
8208,4826.5,53.5,1.79,1,11.1,Healthy
8209,2830.2,67.1,3.21,1,13.9,Needs Attention
8210,5049.1,48.4,0.43,1,3.4,Healthy
8211,3855.2,39.2,2.42,2,1.5,Healthy
8212,2507.9,38.7,1.44,0,4.2,Healthy
8213,5058.3,56.6,2.53,5,9.6,Needs Attention
8214,5789.0,55.6,1.81,0,0.9,Healthy
8215,5473.9,62.4,2.1,6,18.7,Critical
8216,908.7,36.0,0.1,0,0.6,Healthy
8217,6465.3,50.7,2.88,4,16.3,Critical
8218,4107.0,54.7,2.17,5,19.5,Needs Attention
8219,5409.5,56.3,3.27,2,19.5,Needs Attention
8220,8080.7,62.2,2.16,4,12.8,Needs Attention
8221,362.9,37.1,1.66,3,1.0,Healthy
8222,5151.2,42.5,3.24,9,17.2,Critical
8223,8512.9,30.1,0.56,0,3.9,Needs Attention
8224,6893.3,44.1,2.22,4,13.3,Needs Attention
8225,4049.2,42.1,1.8,0,0.1,Healthy
8226,1704.4,38.7,1.32,2,10.3,Needs Attention
8227,9178.6,65.9,3.15,3,19.7,Critical
8228,9030.9,54.6,1.75,0,12.5,Healthy
8229,4604.4,35.6,0.55,1,0.4,Healthy
8230,6294.6,43.3,3.23,6,11.6,Critical
8231,5577.3,65.1,1.27,3,10.8,Needs Attention
8232,2203.0,62.1,2.72,5,15.3,Needs Attention
8233,10519.4,53.8,3.12,8,17.9,Critical
8234,5666.8,60.7,1.38,0,7.7,Needs Attention
8235,4198.1,51.3,2.44,3,13.8,Needs Attention
8236,5237.7,47.2,2.46,5,15.6,Needs Attention
8237,7047.9,60.2,1.91,2,17.0,Needs Attention
8238,4669.6,54.4,3.04,4,19.1,Needs Attention
8239,6089.2,48.3,2.34,3,8.0,Needs Attention
8240,2078.9,56.8,1.59,2,11.8,Needs Attention
8241,9072.0,66.1,3.75,6,16.4,Critical
8242,8779.7,65.6,1.5,5,16.0,Critical
8243,3646.4,51.1,1.61,1,3.5,Healthy
8244,2380.0,51.9,2.35,4,12.0,Needs Attention
8245,8515.0,53.8,3.21,1,13.0,Needs Attention
8246,1939.3,52.4,1.82,5,19.0,Critical
8247,9368.9,69.4,3.13,6,14.8,Critical
8248,7109.3,59.9,2.27,4,19.0,Needs Attention
8249,2605.6,46.7,1.41,3,5.0,Needs Attention
8250,9549.6,42.8,3.89,5,18.9,Critical
8251,6113.8,60.4,4.16,7,19.3,Critical
8252,2399.3,31.7,1.2,0,2.4,Healthy
8253,6075.1,57.2,3.4,4,14.5,Needs Attention
8254,3267.7,34.7,1.42,2,9.0,Needs Attention
8255,4869.9,33.0,1.41,2,6.4,Healthy
8256,3815.1,50.1,2.12,5,17.8,Needs Attention
8257,9138.0,75.9,4.08,8,18.9,Critical
8258,5527.9,61.9,1.75,4,9.7,Needs Attention
8259,6665.3,62.1,2.35,5,17.8,Critical
8260,6156.0,44.4,2.21,1,7.3,Needs Attention
8261,2137.8,34.3,0.98,0,7.2,Healthy
8262,4236.3,49.0,1.22,4,7.3,Needs Attention
8263,6544.4,29.8,1.74,0,2.0,Healthy
8264,7034.9,72.6,3.09,6,19.2,Critical
8265,5683.0,41.7,2.55,1,10.6,Healthy
8266,3891.5,47.1,2.56,2,11.0,Healthy
8267,2759.7,48.7,2.23,1,11.6,Needs Attention
8268,3003.9,45.8,3.43,4,18.1,Critical
8269,8279.4,62.1,3.48,4,17.0,Critical
8270,7513.2,60.0,2.9,5,16.3,Needs Attention
8271,5646.9,72.7,3.97,6,19.7,Critical
8272,4273.3,72.5,2.7,5,14.1,Needs Attention
8273,1943.2,42.3,2.36,4,10.6,Needs Attention
8274,2635.7,72.2,1.81,5,14.2,Critical
8275,3952.6,78.9,2.14,7,19.5,Needs Attention
8276,1840.1,44.9,1.25,0,1.7,Healthy
8277,8094.5,48.1,2.82,2,13.1,Critical
8278,533.2,39.3,2.41,0,2.2,Healthy
8279,4115.3,79.9,2.11,4,19.8,Critical
8280,1310.3,50.1,2.13,3,12.5,Needs Attention
8281,9128.5,48.7,2.88,4,17.9,Critical
8282,3857.9,43.0,1.14,0,4.2,Healthy
8283,4080.3,49.6,1.38,3,11.2,Healthy
8284,3395.8,44.5,2.48,0,7.1,Healthy
8285,835.6,37.4,0.56,0,2.1,Healthy
8286,9191.0,58.2,2.09,3,17.9,Critical
8287,6950.1,45.3,2.3,4,13.1,Critical
8288,2421.7,52.1,1.18,3,6.1,Healthy
8289,4486.6,35.8,1.13,6,12.6,Needs Attention
8290,1252.9,39.6,1.41,4,6.8,Healthy
8291,2010.4,56.7,1.18,1,8.2,Healthy
8292,7075.7,60.9,3.51,4,18.4,Needs Attention
8293,3235.9,51.2,2.21,5,16.8,Needs Attention
8294,6469.5,53.1,2.38,1,11.2,Needs Attention
8295,7068.1,52.2,2.97,3,17.8,Needs Attention
8296,7088.5,45.9,1.02,1,8.9,Needs Attention
8297,1854.9,51.6,1.66,3,8.6,Healthy
8298,9159.7,55.5,1.89,2,9.4,Needs Attention
8299,1601.9,67.0,1.89,5,14.1,Needs Attention
8300,1787.5,47.0,0.41,0,5.7,Healthy
8301,1904.0,49.7,2.39,0,7.2,Healthy
8302,3035.4,51.6,1.16,2,8.9,Healthy
8303,7077.4,38.6,2.34,0,2.7,Healthy
8304,3669.7,32.6,1.47,0,0.7,Healthy
8305,2386.6,44.6,0.92,0,2.4,Healthy
8306,6378.9,55.1,1.33,1,6.6,Healthy
8307,7876.2,62.2,1.8,0,9.3,Healthy
8308,6664.0,25.7,0.93,5,4.0,Needs Attention
8309,9033.2,61.1,3.86,6,17.5,Critical
8310,4938.9,59.2,3.45,3,17.4,Needs Attention
8311,1871.5,39.8,0.46,0,3.9,Healthy
8312,4120.0,69.3,1.64,4,13.8,Needs Attention
8313,4913.4,49.4,2.95,2,5.7,Healthy
8314,5886.2,43.1,3.14,4,15.0,Needs Attention
8315,2798.2,58.7,2.24,0,7.7,Needs Attention
8316,6279.8,42.5,0.45,4,1.8,Needs Attention
8317,4578.9,39.1,2.64,3,12.4,Needs Attention
8318,5438.8,44.2,2.17,5,9.9,Needs Attention
8319,6995.2,45.4,2.22,3,7.5,Needs Attention
8320,446.5,46.8,0.21,0,2.8,Healthy
8321,4701.7,52.1,2.09,2,11.9,Needs Attention
8322,8136.6,44.4,1.03,3,5.6,Needs Attention
8323,1004.1,32.3,0.31,0,2.5,Healthy
8324,3204.2,43.0,1.37,2,7.1,Healthy
8325,5078.6,55.8,1.44,5,14.7,Critical
8326,1450.3,63.9,1.68,3,11.6,Needs Attention
8327,5076.1,42.2,1.41,1,5.6,Healthy
8328,4913.3,38.9,2.03,0,9.7,Healthy
8329,3332.9,39.7,0.94,0,3.0,Healthy
8330,6670.8,55.1,2.77,4,17.5,Critical
8331,4871.3,56.1,1.83,3,15.3,Needs Attention
8332,2957.7,61.2,1.39,3,11.8,Needs Attention
8333,7247.3,61.3,1.09,1,7.9,Healthy
8334,1116.1,41.6,1.55,3,2.2,Healthy
8335,6184.0,54.3,2.27,4,11.5,Needs Attention
8336,4918.3,45.8,2.56,7,14.4,Needs Attention
8337,5349.0,49.1,1.8,5,14.3,Needs Attention
8338,7053.1,43.1,0.91,0,1.2,Healthy
8339,3441.0,46.3,1.86,5,13.8,Critical
8340,420.8,35.5,1.34,1,3.2,Healthy
8341,8633.9,41.6,2.05,6,9.9,Needs Attention
8342,5328.3,48.0,4.0,4,20.0,Needs Attention
8343,1676.8,46.1,0.84,0,2.4,Healthy
8344,6522.0,62.7,3.89,3,17.2,Needs Attention
8345,4537.9,59.6,3.88,4,16.5,Needs Attention
8346,4592.3,36.1,1.87,3,7.5,Healthy
8347,1919.2,43.2,2.12,2,12.4,Healthy
8348,2385.4,43.9,1.15,5,6.8,Needs Attention
8349,6616.7,47.3,0.93,0,6.8,Healthy
8350,4242.5,71.3,0.82,5,15.5,Critical
8351,2520.0,58.1,2.03,2,6.7,Healthy
8352,2598.7,43.9,1.88,0,5.5,Healthy
8353,5833.1,45.8,2.9,4,14.5,Needs Attention
8354,5107.8,40.7,2.22,4,14.3,Needs Attention
8355,6920.8,55.5,0.83,1,7.4,Healthy
8356,8227.0,59.8,2.98,7,18.0,Critical
8357,7914.9,47.3,1.41,2,9.0,Needs Attention
8358,3229.4,62.1,1.77,3,13.4,Needs Attention
8359,2057.5,35.5,1.34,1,3.2,Healthy
8360,2622.3,49.9,2.03,1,8.0,Healthy
8361,525.3,39.1,1.03,2,7.3,Healthy
8362,3776.7,61.5,3.14,3,14.2,Needs Attention
8363,3372.1,40.1,2.23,0,5.0,Healthy
8364,4621.7,45.8,1.65,3,3.7,Healthy
8365,1765.4,60.9,1.46,5,15.5,Needs Attention
8366,4904.7,59.8,1.08,1,14.1,Needs Attention
8367,11049.5,70.9,3.66,7,18.8,Critical
8368,2307.1,51.0,1.26,0,5.3,Healthy
8369,4660.1,42.3,0.96,0,1.4,Healthy
8370,5986.0,60.5,1.82,1,14.4,Needs Attention
8371,4304.8,70.9,3.16,5,18.3,Critical
8372,6867.5,57.4,1.81,3,8.2,Needs Attention
8373,5329.0,59.1,1.67,4,14.9,Healthy
8374,8901.3,37.2,2.12,3,13.9,Needs Attention
8375,2619.0,70.4,1.95,3,12.0,Needs Attention
8376,3656.6,31.7,1.38,1,5.6,Needs Attention
8377,3125.1,36.7,1.96,0,4.4,Healthy
8378,5673.0,26.4,2.52,3,5.5,Needs Attention
8379,3684.0,46.7,3.26,4,11.5,Needs Attention
8380,7363.8,47.6,1.21,4,1.6,Healthy
8381,4499.3,45.2,1.5,4,9.8,Needs Attention
8382,5668.7,49.7,3.0,3,19.1,Critical
8383,6521.5,47.3,2.46,0,4.7,Healthy
8384,7791.2,37.3,1.74,5,13.4,Needs Attention
8385,7171.5,48.7,3.37,1,13.2,Needs Attention
8386,2516.5,65.8,3.42,6,16.8,Needs Attention
8387,5180.2,43.0,1.23,0,2.2,Healthy
8388,2714.6,64.3,3.05,4,14.4,Needs Attention
8389,7952.1,49.4,1.73,2,10.7,Needs Attention
8390,8508.5,50.5,1.57,0,4.7,Healthy
8391,2616.5,49.3,1.34,4,5.2,Needs Attention
8392,5410.2,45.2,0.97,1,6.2,Needs Attention
8393,1160.1,52.0,0.9,1,2.5,Healthy
8394,10312.5,54.3,1.97,5,18.3,Critical
8395,82.7,50.8,1.11,1,0.2,Healthy
8396,6395.7,37.1,0.85,0,3.9,Healthy
8397,4329.4,50.6,3.3,5,13.1,Needs Attention
8398,7202.4,45.7,1.96,0,4.9,Needs Attention
8399,1840.0,40.9,1.77,2,5.3,Healthy
8400,3763.6,53.7,1.97,4,11.9,Needs Attention
8401,8073.6,53.8,3.72,7,19.1,Critical
8402,5327.6,34.6,1.35,2,4.7,Needs Attention
8403,10184.7,63.6,2.87,4,19.5,Critical
8404,6129.8,70.6,3.04,3,14.9,Needs Attention
8405,1922.4,56.3,1.19,0,3.3,Needs Attention
8406,3768.3,51.0,2.12,7,17.7,Critical
8407,1749.0,50.4,0.99,0,2.5,Healthy
8408,5276.9,39.2,1.96,1,2.5,Healthy
8409,7188.9,54.1,1.65,4,9.7,Needs Attention
8410,4545.6,71.5,4.16,5,17.8,Critical
8411,5440.8,59.3,2.4,3,11.5,Needs Attention
8412,3803.8,47.9,2.03,1,7.7,Healthy
8413,10030.9,49.6,1.95,4,12.9,Needs Attention
8414,6593.2,46.0,1.7,0,4.6,Healthy
8415,8276.4,59.6,2.36,3,11.6,Needs Attention
8416,2387.0,70.9,1.8,6,17.9,Needs Attention
8417,1730.2,61.1,2.94,3,14.5,Needs Attention
8418,6968.7,43.8,1.74,0,0.9,Healthy
8419,4295.5,59.0,1.87,4,10.1,Needs Attention
8420,2239.0,45.1,2.35,4,12.3,Needs Attention
8421,4180.5,26.1,1.71,1,0.7,Healthy
8422,6423.8,36.5,1.81,0,1.3,Healthy
8423,4726.0,44.4,2.36,0,1.5,Healthy
8424,6653.8,42.2,2.66,4,17.3,Critical
8425,6061.7,61.0,4.54,4,18.3,Needs Attention
8426,2733.5,55.4,3.57,7,19.3,Critical
8427,6035.5,50.6,2.24,5,9.6,Needs Attention
8428,4363.7,52.9,1.02,0,2.6,Healthy
8429,2235.0,51.9,2.36,2,6.9,Healthy
8430,1217.1,48.8,0.1,0,1.0,Healthy
8431,869.3,39.4,2.59,0,1.5,Healthy
8432,5332.1,41.0,2.05,1,8.4,Healthy
8433,8792.0,56.6,1.91,4,14.4,Critical
8434,5542.5,53.1,3.17,2,13.1,Needs Attention
8435,7007.3,50.6,0.94,3,8.0,Healthy
8436,825.5,43.7,1.6,2,7.6,Healthy
8437,6605.3,46.6,2.8,3,11.7,Needs Attention
8438,6399.6,40.0,2.26,3,8.4,Needs Attention
8439,8362.3,58.0,2.06,5,13.3,Needs Attention
8440,1649.1,46.0,2.59,4,6.4,Healthy
8441,8883.6,61.4,0.44,2,9.2,Healthy
8442,4738.1,53.2,3.11,5,19.1,Critical
8443,9274.5,49.3,2.36,4,11.9,Needs Attention
8444,785.2,36.9,1.47,0,2.5,Healthy
8445,3363.1,49.4,3.47,5,17.5,Needs Attention
8446,7967.1,53.4,2.28,1,8.2,Needs Attention
8447,4173.0,55.3,2.8,4,16.8,Needs Attention
8448,2597.6,34.2,1.14,1,4.1,Healthy
8449,8453.6,47.7,2.49,0,7.5,Needs Attention
8450,4575.0,62.2,2.83,6,10.4,Needs Attention
8451,6183.1,48.3,0.56,0,4.0,Healthy
8452,2179.2,53.8,0.1,0,0.0,Healthy
8453,8212.2,35.2,2.42,1,5.7,Healthy
8454,8098.7,55.4,1.24,4,8.5,Needs Attention
8455,4606.6,52.1,2.7,3,14.9,Needs Attention
8456,2567.9,48.4,1.84,2,7.0,Healthy
8457,878.8,49.7,2.49,3,9.5,Needs Attention
8458,7865.7,43.6,2.42,2,12.7,Needs Attention
8459,5506.9,58.2,2.57,2,8.4,Needs Attention
8460,6285.3,37.7,2.07,1,5.0,Healthy
8461,6373.3,37.8,1.46,1,1.7,Healthy
8462,753.9,39.0,1.25,0,4.0,Healthy
8463,7765.8,54.2,2.72,0,12.4,Needs Attention
8464,2233.2,62.7,2.45,4,7.2,Needs Attention
8465,9174.0,62.7,1.72,4,14.7,Needs Attention
8466,7250.1,44.9,1.52,1,11.2,Needs Attention
8467,5581.2,27.1,1.32,2,1.2,Needs Attention
8468,5991.2,57.9,1.9,0,10.9,Needs Attention
8469,7279.7,48.0,1.46,0,6.7,Healthy
8470,5016.9,63.9,2.37,6,14.0,Needs Attention
8471,8655.9,36.7,1.23,3,8.8,Needs Attention
8472,6018.3,51.7,1.36,0,7.3,Healthy
8473,8310.1,55.9,2.59,3,11.2,Needs Attention
8474,7798.4,63.7,1.44,3,9.3,Needs Attention
8475,4851.4,51.1,2.29,1,2.1,Healthy
8476,9322.7,58.2,2.39,3,17.0,Needs Attention
8477,2812.4,58.9,2.86,3,17.3,Needs Attention
8478,2083.3,39.6,0.1,0,0.4,Healthy
8479,6464.7,65.8,4.2,4,19.6,Needs Attention
8480,3614.9,42.9,1.51,1,6.4,Healthy
8481,7890.7,56.9,1.95,4,13.4,Critical
8482,4201.8,62.3,1.06,3,9.8,Needs Attention
8483,3038.7,44.1,2.13,2,8.0,Healthy
8484,5001.6,32.2,0.77,2,0.9,Healthy
8485,4190.1,54.2,2.56,5,17.6,Critical
8486,7602.4,34.6,1.42,2,0.5,Needs Attention
8487,5088.5,47.7,2.15,2,9.2,Healthy
8488,1861.5,51.1,2.41,5,8.6,Needs Attention
8489,7200.0,66.9,2.41,3,15.4,Critical
8490,4197.7,60.0,2.03,3,11.2,Needs Attention
8491,5205.6,39.7,0.57,1,7.4,Needs Attention
8492,7064.5,65.6,1.76,6,14.3,Critical
8493,8194.8,49.7,1.74,0,10.3,Needs Attention
8494,1588.9,56.6,2.19,1,7.3,Healthy
8495,5583.0,44.3,1.5,3,1.9,Needs Attention
8496,10147.6,65.7,2.61,7,16.3,Critical
8497,6167.5,58.8,2.99,5,19.1,Critical
8498,1029.8,39.5,1.07,1,3.7,Healthy
8499,3216.5,44.9,2.14,0,12.0,Healthy
8500,5981.5,48.6,2.29,5,16.2,Needs Attention
8501,7440.7,57.3,3.85,5,14.6,Needs Attention
8502,8845.6,47.8,1.82,6,12.2,Critical
8503,8071.5,33.7,1.26,2,5.5,Needs Attention
8504,3288.3,34.9,1.44,1,2.2,Healthy
8505,1408.1,32.3,0.9,0,6.5,Healthy
8506,3370.8,43.8,1.77,1,5.6,Healthy
8507,3104.9,68.1,3.53,2,17.3,Needs Attention
8508,9859.7,37.4,3.2,2,15.9,Critical
8509,2431.4,56.0,1.43,0,8.7,Healthy
8510,7138.7,60.7,2.25,5,9.1,Needs Attention
8511,7974.1,53.2,1.73,0,1.8,Healthy
8512,2765.7,58.2,2.26,4,10.1,Healthy
8513,863.5,44.1,2.14,0,5.7,Healthy
8514,7527.4,61.5,1.27,5,12.5,Needs Attention
8515,5130.7,44.7,1.33,3,5.4,Needs Attention
8516,3215.7,66.1,2.96,7,18.0,Critical
8517,5205.1,67.4,2.69,3,17.6,Needs Attention
8518,8172.3,43.4,2.33,4,11.7,Needs Attention
8519,825.1,35.2,1.51,2,5.5,Healthy
8520,5579.4,36.2,0.48,0,0.0,Healthy
8521,1797.7,76.9,3.3,3,13.0,Needs Attention
8522,5050.4,49.8,1.52,5,3.9,Needs Attention
8523,3344.1,54.2,3.18,4,19.0,Needs Attention
8524,10038.3,46.5,3.75,5,14.9,Critical
8525,1951.5,46.7,2.1,1,9.0,Healthy
8526,5300.9,44.1,1.97,1,7.8,Healthy
8527,3722.9,50.6,2.05,5,19.9,Needs Attention
8528,6948.9,66.3,3.38,8,18.4,Critical
8529,5007.6,66.4,1.96,2,8.9,Needs Attention
8530,3196.5,65.6,3.87,3,13.4,Needs Attention
8531,3783.2,49.0,1.6,3,6.5,Healthy
8532,6452.8,51.3,0.67,0,7.6,Needs Attention
8533,8400.9,43.5,0.94,5,16.0,Critical
8534,7683.3,55.6,2.66,7,12.9,Critical
8535,4159.2,56.6,1.45,0,8.5,Needs Attention
8536,5984.0,42.7,2.46,3,5.8,Healthy
8537,7935.1,46.5,1.49,2,5.4,Needs Attention
8538,7480.4,42.4,1.7,0,3.6,Healthy
8539,3178.9,68.5,2.6,3,15.9,Needs Attention
8540,2216.0,47.3,0.63,2,0.3,Healthy
8541,4029.2,61.8,1.44,1,5.4,Needs Attention
8542,2244.5,57.3,1.69,0,13.1,Needs Attention
8543,3674.1,27.8,0.85,0,1.4,Healthy
8544,3971.0,41.1,0.31,0,7.3,Healthy
8545,8190.8,79.4,2.64,2,18.0,Needs Attention
8546,7970.1,46.3,1.76,0,2.6,Healthy
8547,4087.3,39.8,1.61,3,7.6,Healthy
8548,4692.7,50.8,2.03,2,12.3,Needs Attention
8549,3187.0,61.3,3.22,2,17.9,Needs Attention
8550,4189.7,45.1,3.21,1,10.5,Healthy
8551,8034.2,31.7,0.6,1,3.4,Healthy
8552,3323.1,49.6,3.69,4,19.1,Needs Attention
8553,7907.6,47.8,1.99,6,17.1,Critical
8554,1492.4,43.3,1.0,1,1.2,Healthy
8555,1572.0,35.6,1.38,2,5.3,Healthy
8556,2664.5,70.6,2.01,1,2.3,Healthy
8557,3852.9,57.8,1.68,3,7.2,Healthy
8558,5813.4,39.6,0.74,3,10.2,Needs Attention
8559,8054.9,58.4,2.3,3,14.5,Needs Attention
8560,2840.0,31.2,1.74,1,7.8,Healthy
8561,1230.3,63.7,1.55,4,11.6,Healthy
8562,5598.9,38.6,2.11,3,6.6,Healthy
8563,2892.3,53.2,1.77,5,18.5,Needs Attention
8564,4406.9,43.3,1.47,0,3.0,Healthy
8565,7675.8,62.3,3.27,4,17.8,Critical
8566,7333.1,42.9,1.11,2,2.3,Healthy
8567,5000.4,56.5,4.06,2,18.8,Needs Attention
8568,2348.5,38.3,1.92,3,8.9,Healthy
8569,5339.5,56.6,0.98,2,10.5,Needs Attention
8570,8103.7,53.3,1.85,0,3.6,Healthy
8571,8593.6,47.8,2.31,6,15.2,Critical
8572,6359.6,41.8,1.49,0,2.9,Healthy
8573,6154.2,42.7,1.38,0,8.3,Healthy
8574,3798.0,40.4,0.62,3,11.5,Needs Attention
8575,5391.1,42.5,0.1,2,1.8,Healthy
8576,3176.2,43.3,1.77,5,9.9,Needs Attention
8577,7281.9,55.6,1.65,5,10.3,Needs Attention
8578,5430.5,62.8,2.8,8,17.1,Critical
8579,5930.9,46.0,2.22,2,9.9,Healthy
8580,4517.3,46.4,1.06,0,1.0,Healthy
8581,2897.9,36.2,0.79,1,3.9,Healthy
8582,4853.1,24.2,0.57,0,2.6,Healthy
8583,4642.9,50.5,0.6,2,2.9,Healthy
8584,1506.6,42.8,2.71,7,16.1,Needs Attention
8585,1271.5,32.0,1.54,0,7.2,Healthy
8586,4542.7,45.5,0.48,0,1.6,Healthy
8587,5067.9,50.3,2.38,1,3.4,Healthy
8588,871.7,37.8,2.03,2,3.8,Healthy
8589,3743.8,65.7,1.29,2,9.0,Needs Attention
8590,7617.8,58.5,2.5,8,16.6,Needs Attention
8591,2625.7,38.5,1.93,2,7.0,Needs Attention
8592,5158.4,35.6,1.34,1,5.2,Healthy
8593,7785.0,51.6,0.15,0,5.2,Healthy
8594,2805.2,54.8,2.3,2,11.5,Needs Attention
8595,8869.5,49.8,2.91,7,16.2,Critical
8596,5403.3,32.7,1.35,0,0.9,Healthy
8597,5644.9,35.5,0.1,0,0.3,Healthy
8598,1626.7,41.5,0.95,1,7.4,Healthy
8599,1925.5,57.0,2.8,7,12.7,Critical
8600,3578.6,49.4,2.0,4,15.8,Critical
8601,2837.2,42.3,2.22,5,12.0,Needs Attention
8602,5241.7,38.7,1.01,2,1.4,Needs Attention
8603,6530.0,38.4,1.65,3,5.0,Needs Attention
8604,1537.3,38.0,1.66,0,6.3,Healthy
8605,5780.6,52.1,2.6,1,6.8,Needs Attention
8606,10088.5,56.5,2.43,5,14.5,Critical
8607,5615.2,38.7,1.51,2,2.8,Healthy
8608,3926.5,51.4,1.93,2,4.6,Healthy
8609,3010.6,46.5,2.29,4,18.1,Needs Attention
8610,5499.1,45.8,0.1,1,2.7,Healthy
8611,4435.2,54.2,2.35,4,17.0,Needs Attention
8612,4155.4,63.4,3.11,5,15.5,Critical
8613,4304.6,69.4,3.55,2,17.2,Needs Attention
8614,10444.7,66.9,3.5,3,19.3,Critical
8615,5220.4,36.6,1.63,2,8.4,Needs Attention
8616,6834.0,45.6,1.45,0,6.3,Healthy
8617,7945.0,35.7,1.49,1,13.3,Needs Attention
8618,7762.4,69.3,2.59,1,16.1,Needs Attention
8619,6430.1,71.2,1.74,6,18.5,Needs Attention
8620,4701.4,31.3,2.29,1,2.4,Healthy
8621,5065.6,36.5,2.27,6,13.5,Critical
8622,3484.6,39.3,1.35,0,2.8,Healthy
8623,5498.5,38.6,1.86,1,9.5,Needs Attention
8624,8016.6,39.1,0.97,1,3.8,Healthy
8625,3481.2,60.1,0.65,1,0.2,Healthy
8626,4380.0,65.4,2.98,0,13.8,Healthy
8627,8324.0,48.6,1.74,0,8.2,Needs Attention
8628,5284.6,52.7,2.18,7,19.6,Critical
8629,7985.0,51.3,2.4,6,17.8,Critical
8630,2754.3,60.8,1.23,5,12.4,Needs Attention
8631,3624.6,37.2,0.37,0,0.7,Healthy
8632,7802.8,55.9,1.96,0,2.1,Needs Attention
8633,4893.7,37.7,1.16,0,0.6,Healthy
8634,4535.1,49.7,1.55,2,4.1,Needs Attention
8635,3834.5,60.9,1.99,2,10.9,Needs Attention
8636,7936.7,55.0,1.89,5,15.4,Critical
8637,2240.5,49.8,1.72,4,12.9,Healthy
8638,2325.6,37.9,2.1,2,5.1,Healthy
8639,3799.6,54.7,3.03,0,9.0,Needs Attention
8640,2750.0,70.5,2.19,5,12.1,Needs Attention
8641,5139.7,43.1,3.64,6,19.9,Critical
8642,1552.4,49.2,1.95,3,8.1,Healthy
8643,3892.0,47.5,1.65,1,7.4,Needs Attention
8644,5156.9,51.7,2.39,6,19.0,Critical
8645,6596.6,37.8,2.11,3,11.4,Healthy
8646,6785.9,39.3,1.45,0,3.9,Healthy
8647,2220.1,48.7,2.28,6,19.3,Critical
8648,3514.8,63.2,1.66,5,17.2,Needs Attention
8649,1443.9,58.8,1.78,3,10.9,Needs Attention
8650,7313.0,57.7,3.22,3,13.6,Needs Attention
8651,2578.7,82.3,3.65,4,13.1,Needs Attention
8652,7508.5,35.1,1.66,0,0.8,Healthy
8653,4017.2,55.8,0.23,0,1.6,Healthy
8654,7703.8,43.3,3.07,0,8.6,Healthy
8655,5313.9,61.5,2.95,5,19.0,Critical
8656,7439.0,50.4,0.63,0,0.1,Healthy
8657,5590.7,44.4,2.52,2,8.6,Needs Attention
8658,5939.8,55.1,2.24,8,18.9,Critical
8659,3567.8,49.9,0.85,1,5.9,Healthy
8660,5928.7,50.8,0.94,5,15.5,Needs Attention
8661,2460.1,58.5,0.1,2,6.2,Healthy
8662,7811.1,50.7,1.7,2,6.5,Needs Attention
8663,7466.2,30.3,1.9,0,3.7,Healthy
8664,10792.3,59.4,3.84,7,17.3,Critical
8665,6656.3,47.1,1.2,2,9.6,Healthy
8666,4149.9,44.5,0.33,0,0.1,Healthy
8667,3373.4,60.2,2.63,2,17.9,Needs Attention
8668,5841.2,51.0,2.94,4,11.0,Needs Attention
8669,6872.9,48.4,1.26,0,2.9,Healthy
8670,3922.3,46.2,2.2,5,12.4,Needs Attention
8671,7188.2,65.8,2.32,4,19.9,Needs Attention
8672,4590.1,52.1,1.86,2,6.6,Healthy
8673,3511.8,63.0,2.35,7,14.0,Needs Attention
8674,10442.4,68.8,1.15,6,19.3,Critical
8675,6750.8,63.8,4.23,3,17.3,Needs Attention
8676,2014.8,48.9,0.77,3,13.6,Healthy
8677,1828.2,45.7,0.93,1,9.1,Healthy
8678,9455.8,56.0,3.09,4,15.4,Critical
8679,7972.2,59.5,4.19,3,16.2,Critical
8680,6420.4,36.4,0.86,3,6.7,Needs Attention
8681,4993.2,34.4,1.1,0,2.8,Healthy
8682,5346.1,33.3,2.39,1,3.7,Healthy
8683,7347.8,41.0,1.83,1,2.8,Healthy
8684,2850.4,51.4,2.85,5,16.1,Critical
8685,3188.7,66.1,1.25,1,4.4,Healthy
8686,4036.7,50.5,2.64,4,17.6,Needs Attention
8687,7120.6,40.5,1.05,2,1.2,Healthy
8688,3755.6,47.2,3.0,8,17.8,Needs Attention
8689,9010.5,42.7,2.92,7,19.5,Critical
8690,1625.7,52.2,3.49,3,13.5,Needs Attention
8691,7776.3,41.3,1.9,4,6.5,Needs Attention
8692,3617.6,57.2,4.09,2,19.4,Critical
8693,6317.0,45.3,2.59,4,16.5,Needs Attention
8694,8798.0,39.2,1.35,3,10.7,Needs Attention
8695,10764.7,60.1,1.75,5,18.1,Critical
8696,10095.1,71.6,2.91,6,18.8,Critical
8697,2755.2,60.7,1.84,4,15.8,Needs Attention
8698,5971.3,50.6,1.82,2,18.6,Needs Attention
8699,9338.2,63.4,3.41,6,18.5,Critical
8700,8787.8,74.4,1.78,3,16.4,Critical
8701,1330.2,44.6,0.61,0,0.8,Healthy
8702,6950.7,49.1,2.76,6,20.0,Needs Attention
8703,1697.8,37.1,2.04,0,2.4,Healthy
8704,7060.4,43.8,1.25,1,3.6,Healthy
8705,8904.1,34.1,1.45,1,6.7,Needs Attention
8706,6310.3,46.4,2.46,3,8.1,Needs Attention
8707,2509.5,54.4,2.28,4,10.4,Needs Attention
8708,4189.6,45.3,3.01,4,14.6,Needs Attention
8709,6696.6,38.4,1.57,6,8.6,Needs Attention
8710,3840.1,58.9,2.74,4,14.8,Needs Attention
8711,5220.3,33.7,1.58,1,3.6,Healthy
8712,6608.0,34.5,1.14,0,9.3,Healthy
8713,4765.6,60.4,0.97,6,17.5,Critical
8714,525.7,45.5,3.1,0,5.4,Healthy
8715,1615.2,47.6,2.0,1,15.9,Healthy
8716,5564.4,56.9,1.69,0,2.4,Healthy
8717,5797.5,33.5,1.78,0,0.1,Healthy
8718,5065.7,42.2,0.59,4,9.2,Needs Attention
8719,3953.2,48.7,0.86,0,1.9,Healthy
8720,1307.4,50.0,1.35,0,0.7,Healthy
8721,5791.4,40.4,2.76,1,12.0,Healthy
8722,4616.2,57.3,1.21,0,0.0,Healthy
8723,5356.3,59.8,1.99,0,5.8,Healthy
8724,8528.2,39.3,3.44,7,19.5,Critical
8725,6448.5,49.9,3.5,1,8.2,Needs Attention
8726,6532.2,20.9,1.32,1,9.0,Needs Attention
8727,4725.7,45.0,1.92,3,4.9,Healthy
8728,6743.7,61.4,2.21,3,13.7,Needs Attention
8729,2269.9,57.8,1.67,3,13.9,Needs Attention
8730,5386.0,34.2,1.26,2,0.5,Healthy
8731,5482.0,32.7,1.24,0,0.6,Healthy
8732,1401.9,42.9,0.37,0,3.6,Healthy
8733,3353.5,50.5,1.74,4,10.3,Healthy
8734,3046.9,44.3,1.63,2,8.5,Needs Attention
8735,7885.4,57.6,2.31,6,12.4,Critical
8736,9462.0,67.2,3.79,3,15.5,Needs Attention
8737,4970.0,49.0,3.62,4,17.0,Critical
8738,5671.5,47.3,0.18,1,0.9,Healthy
8739,4754.1,52.5,2.04,1,8.6,Healthy
8740,2535.1,31.7,2.35,0,2.5,Healthy
8741,6837.8,49.4,2.25,2,12.9,Needs Attention
8742,7112.1,39.8,1.02,0,2.2,Healthy
8743,5304.1,45.6,1.75,3,5.4,Healthy
8744,4741.2,46.1,1.71,3,11.5,Needs Attention
8745,5836.8,39.2,2.45,3,9.8,Needs Attention
8746,10626.3,54.4,1.44,4,15.0,Critical
8747,4946.0,33.9,0.1,0,4.2,Needs Attention
8748,4858.8,48.1,1.54,2,5.9,Healthy
8749,3746.6,48.4,3.25,5,16.5,Needs Attention
8750,5308.4,53.0,3.41,5,20.0,Critical
8751,7542.1,67.5,0.58,4,10.6,Needs Attention
8752,2824.3,48.2,1.68,3,15.9,Needs Attention
8753,6769.0,33.9,2.71,3,17.5,Needs Attention
8754,5597.9,45.7,1.38,1,5.2,Healthy
8755,2275.9,53.6,1.62,0,5.4,Healthy
8756,3833.3,50.4,3.01,2,12.0,Needs Attention
8757,3875.7,47.8,2.01,1,8.7,Healthy
8758,3944.6,41.8,1.22,5,8.7,Needs Attention
8759,9615.8,63.7,2.09,4,18.5,Needs Attention
8760,5292.6,58.7,2.11,5,17.2,Needs Attention
8761,10396.0,49.8,2.12,5,18.0,Critical
8762,3667.2,63.5,2.88,4,17.7,Critical
8763,7039.3,68.7,1.59,3,13.5,Needs Attention
8764,2896.7,52.6,1.11,2,8.6,Needs Attention
8765,7452.3,46.0,1.07,2,14.2,Needs Attention
8766,3568.0,68.2,2.59,4,17.6,Critical
8767,8662.5,51.2,2.14,1,13.6,Needs Attention
8768,4842.1,49.9,2.73,0,8.3,Healthy
8769,4981.3,48.1,2.67,2,9.0,Healthy
8770,656.8,51.4,2.69,4,4.2,Needs Attention
8771,4827.2,59.9,0.79,3,9.7,Needs Attention
8772,3866.8,29.7,1.08,1,2.7,Healthy
8773,3371.6,49.9,1.39,0,6.1,Healthy
8774,4473.0,43.1,0.88,1,7.0,Healthy
8775,3910.3,46.4,2.57,3,11.5,Needs Attention
8776,7763.9,32.5,1.96,2,0.1,Healthy
8777,6417.3,52.2,3.93,8,15.1,Critical
8778,2330.7,47.6,2.4,2,4.6,Healthy
8779,4319.2,48.3,1.11,0,6.5,Healthy
8780,5174.2,50.6,2.57,2,10.9,Needs Attention
8781,5775.8,45.4,2.69,2,9.0,Needs Attention
8782,3091.6,46.6,1.91,2,7.0,Healthy
8783,7693.7,64.5,1.43,3,18.7,Critical
8784,3137.5,56.6,3.19,3,18.6,Needs Attention
8785,5783.4,54.2,2.72,1,8.2,Healthy
8786,6181.1,48.2,0.63,3,3.2,Healthy
8787,3132.4,37.0,1.64,0,8.0,Healthy
8788,751.8,40.7,0.88,4,1.3,Healthy
8789,9294.5,40.4,1.42,3,11.1,Needs Attention
8790,856.2,47.9,0.86,0,12.2,Healthy
8791,3388.8,54.3,2.71,3,11.9,Healthy
8792,9460.3,52.7,2.14,4,17.2,Critical
8793,10361.5,67.1,4.4,6,18.3,Critical
8794,4311.8,57.1,1.99,4,9.4,Needs Attention
8795,2607.5,52.3,2.37,4,10.0,Needs Attention
8796,4051.4,63.5,2.84,4,12.3,Needs Attention
8797,3330.5,40.9,0.59,0,5.3,Healthy
8798,5345.0,46.4,2.62,6,16.2,Critical
8799,1266.5,35.2,1.6,3,10.3,Healthy
8800,4964.8,58.1,2.76,3,10.6,Critical
8801,2662.3,59.9,1.71,2,5.2,Healthy
8802,9083.5,64.4,2.75,1,16.8,Needs Attention
8803,3318.9,43.9,2.45,2,7.9,Healthy
8804,5387.1,53.6,2.57,1,5.9,Healthy
8805,1386.1,45.2,1.69,0,8.3,Healthy
8806,2077.6,45.9,1.35,0,0.6,Healthy
8807,1516.3,33.3,0.59,3,2.4,Healthy
8808,7105.2,33.8,0.84,0,5.0,Healthy
8809,5139.0,37.4,2.0,1,3.9,Needs Attention
8810,4650.0,43.2,2.87,3,14.9,Critical
8811,6874.0,62.9,2.5,3,10.7,Needs Attention
8812,8788.1,48.3,2.59,2,17.9,Needs Attention
8813,2092.7,42.2,2.04,1,0.7,Healthy
8814,7595.1,68.1,2.01,3,19.7,Needs Attention
8815,7510.9,57.2,1.06,2,10.2,Healthy
8816,4732.8,52.0,1.71,0,0.2,Healthy
8817,2657.0,40.1,1.37,0,2.7,Healthy
8818,5768.6,43.5,2.84,3,15.9,Needs Attention
8819,2737.3,40.0,2.03,2,8.9,Healthy
8820,1346.6,38.4,0.66,0,0.6,Healthy
8821,3495.8,46.6,1.69,0,8.7,Needs Attention
8822,1958.8,62.6,2.53,4,14.7,Needs Attention
8823,5400.6,53.0,3.4,5,13.2,Critical
8824,8444.0,47.1,2.75,4,8.9,Needs Attention
8825,9981.0,52.7,2.74,6,17.7,Critical
8826,4112.0,49.7,1.54,2,8.3,Needs Attention
8827,1954.6,41.9,0.55,1,8.2,Healthy
8828,2701.8,54.2,2.21,1,6.6,Healthy
8829,2439.1,51.5,0.1,1,3.3,Healthy
8830,4377.1,48.5,0.9,3,9.0,Needs Attention
8831,9075.9,74.1,2.27,5,16.0,Critical
8832,3200.9,60.8,1.13,1,7.6,Needs Attention
8833,7462.4,56.5,2.39,4,12.3,Needs Attention
8834,2979.9,44.1,1.0,2,3.4,Healthy
8835,339.7,39.3,1.41,2,3.8,Healthy
8836,3337.1,56.5,1.33,3,14.6,Needs Attention
8837,1719.6,49.9,2.37,2,12.8,Needs Attention
8838,7280.3,54.7,1.47,1,8.0,Needs Attention
8839,5724.8,65.9,1.41,0,5.0,Healthy
8840,9157.9,39.7,2.15,2,10.0,Needs Attention
8841,6701.0,43.4,1.82,0,3.8,Needs Attention
8842,6003.2,45.3,2.08,0,6.0,Healthy
8843,6993.4,56.6,0.68,6,13.5,Needs Attention
8844,875.5,48.4,1.7,1,7.3,Healthy
8845,7401.8,44.3,2.78,2,12.7,Needs Attention
8846,6270.0,31.4,1.15,0,2.4,Healthy
8847,3329.4,69.5,1.95,4,14.4,Needs Attention
8848,6448.4,48.1,2.62,4,17.9,Critical
8849,7028.6,52.8,1.75,3,13.1,Needs Attention
8850,1362.8,45.7,2.2,2,10.3,Healthy
8851,1271.3,42.1,1.9,3,7.7,Needs Attention
8852,3075.8,43.5,1.29,0,4.2,Healthy
8853,3391.3,33.1,1.39,1,5.1,Healthy
8854,2450.0,42.8,2.81,4,14.4,Needs Attention
8855,4352.4,67.9,3.15,4,18.8,Critical
8856,2397.9,35.7,2.19,0,1.6,Healthy
8857,1496.5,44.5,1.96,2,12.5,Needs Attention
8858,6311.2,47.7,1.57,3,14.7,Needs Attention
8859,2181.6,32.3,2.1,5,6.8,Healthy
8860,9459.1,68.9,1.37,5,15.8,Critical
8861,2057.7,38.7,0.15,0,3.0,Healthy
8862,3932.4,50.1,2.52,5,12.9,Needs Attention
8863,4822.5,63.1,2.42,3,13.1,Needs Attention
8864,7685.9,53.8,0.99,1,7.8,Needs Attention
8865,3729.0,47.1,1.69,3,5.4,Healthy
8866,1177.8,51.4,0.93,2,4.5,Healthy
8867,2156.9,51.6,1.07,0,1.3,Healthy
8868,4306.3,53.4,1.28,2,6.7,Healthy
8869,2629.3,43.0,0.75,2,8.5,Healthy
8870,1441.8,64.1,2.26,2,10.6,Healthy
8871,5516.4,56.6,2.7,4,13.9,Critical
8872,7646.0,58.1,1.98,2,10.8,Needs Attention
8873,9103.9,43.9,2.55,2,12.4,Needs Attention
8874,8444.6,48.3,1.88,6,13.9,Critical
8875,5933.2,36.3,1.72,2,7.0,Needs Attention
8876,4535.3,47.2,1.42,0,7.0,Healthy
8877,2009.3,49.4,2.43,0,9.8,Needs Attention
8878,7261.0,43.5,1.55,0,2.9,Healthy
8879,5623.3,57.9,2.78,1,10.8,Needs Attention
8880,2797.3,31.7,0.27,2,0.7,Healthy
8881,8084.6,41.1,1.77,3,6.3,Healthy
8882,1186.9,43.7,1.02,2,5.1,Needs Attention
8883,5793.6,27.6,0.73,1,3.5,Healthy
8884,5063.4,41.9,1.0,0,6.9,Healthy
8885,7985.6,24.2,2.63,6,13.1,Needs Attention
8886,4587.6,55.4,1.98,4,15.8,Needs Attention
8887,4363.5,35.7,3.12,2,13.2,Needs Attention
8888,7959.5,29.0,1.27,0,1.6,Healthy
8889,7397.5,52.1,1.29,0,4.3,Needs Attention
8890,7500.2,51.5,2.07,2,10.4,Critical
8891,3147.6,58.6,2.58,3,11.9,Healthy
8892,6034.9,55.7,3.03,4,15.9,Needs Attention
8893,4198.5,54.6,0.1,5,6.7,Healthy
8894,2255.8,34.0,1.49,0,0.9,Healthy
8895,5741.8,57.3,3.4,2,14.4,Needs Attention
8896,7353.1,71.6,2.64,5,18.9,Critical
8897,6759.2,39.4,1.2,2,4.0,Needs Attention
8898,6917.6,52.2,1.9,0,8.9,Needs Attention
8899,7826.9,49.0,2.13,5,16.9,Needs Attention
8900,7492.6,48.4,1.66,5,14.6,Needs Attention
8901,5156.6,51.2,2.42,2,11.5,Needs Attention
8902,5940.8,51.9,2.59,3,15.2,Needs Attention
8903,3239.5,60.5,2.52,7,19.1,Critical
8904,8088.0,46.5,2.13,3,15.8,Needs Attention
8905,4454.4,56.0,1.29,4,11.2,Needs Attention
8906,1587.0,62.5,2.07,4,14.7,Needs Attention
8907,3986.5,47.1,1.87,1,11.9,Needs Attention
8908,6618.0,57.7,3.17,3,13.1,Needs Attention
8909,2714.5,38.6,0.84,2,3.1,Healthy
8910,4394.7,36.8,0.28,0,1.6,Healthy
8911,3141.5,40.5,1.99,1,2.4,Healthy
8912,9233.1,48.1,2.16,5,17.9,Needs Attention
8913,2837.3,43.6,1.06,0,0.1,Healthy
8914,5186.7,28.5,0.87,0,0.8,Healthy
8915,3830.2,39.8,1.87,3,18.8,Critical
8916,3043.2,53.5,3.24,0,4.1,Needs Attention
8917,3053.5,43.8,0.5,1,6.9,Healthy
8918,9422.3,44.2,1.38,3,11.0,Needs Attention
8919,2521.0,78.9,1.43,7,16.2,Critical
8920,6693.2,58.8,1.67,0,2.3,Healthy
8921,6146.2,36.2,1.51,0,7.3,Healthy
8922,6976.1,81.5,2.48,7,19.5,Critical
8923,6950.3,65.0,2.52,2,14.1,Needs Attention
8924,9717.9,52.9,1.78,3,18.5,Critical
8925,8040.3,71.0,2.95,3,12.1,Needs Attention
8926,2389.0,46.0,1.3,2,5.5,Healthy
8927,3669.0,48.9,1.96,7,16.6,Critical
8928,5493.9,47.5,1.99,5,19.2,Needs Attention
8929,7901.4,40.3,1.97,3,3.8,Needs Attention
8930,4594.9,59.6,1.4,0,6.5,Healthy
8931,6453.3,51.5,2.47,6,16.6,Critical
8932,7310.0,42.4,1.29,0,1.7,Healthy
8933,6672.4,53.5,1.15,2,8.1,Healthy
8934,8190.5,40.7,0.98,0,1.7,Healthy
8935,4204.5,41.9,2.27,0,4.5,Healthy
8936,3148.9,42.0,0.95,0,2.4,Healthy
8937,2931.2,47.6,4.22,5,15.5,Needs Attention
8938,2265.9,57.8,3.43,8,16.2,Critical
8939,5803.2,39.8,0.86,1,0.2,Healthy
8940,3590.7,65.2,1.29,5,17.1,Needs Attention
8941,8898.8,46.8,1.67,4,13.1,Needs Attention
8942,1805.9,49.1,1.3,2,2.1,Healthy
8943,5734.6,69.9,4.04,7,19.4,Critical
8944,5187.3,38.6,1.37,1,2.3,Healthy
8945,7096.3,44.4,1.72,2,2.8,Healthy
8946,2469.4,60.4,3.36,5,16.9,Needs Attention
8947,3596.7,28.7,1.05,0,0.4,Healthy
8948,6525.0,66.9,4.07,4,18.9,Critical
8949,6116.8,42.6,3.94,5,15.2,Critical
8950,3629.6,33.6,2.39,1,4.8,Healthy
8951,1481.7,40.0,0.24,1,3.8,Healthy
8952,11119.7,54.5,1.91,5,17.6,Critical
8953,10026.7,72.0,2.99,3,19.9,Critical
8954,7922.7,50.9,0.26,3,7.0,Needs Attention
8955,4496.5,38.5,2.51,3,14.9,Needs Attention
8956,6310.2,48.5,1.6,3,5.9,Needs Attention
8957,6889.3,60.7,2.41,3,13.3,Needs Attention
8958,4861.5,44.3,3.18,5,16.3,Needs Attention
8959,6448.0,33.9,0.82,0,0.5,Healthy
8960,1683.2,30.3,2.09,1,3.5,Healthy
8961,1704.3,44.2,3.03,4,12.8,Needs Attention
8962,1389.0,46.4,1.58,5,7.1,Needs Attention
8963,6321.8,52.8,1.73,3,16.4,Needs Attention
8964,9643.2,62.5,2.52,5,9.5,Needs Attention
8965,3008.6,45.6,1.11,2,1.6,Healthy
8966,2361.5,46.4,2.65,1,10.4,Healthy
8967,9490.5,66.2,1.88,5,17.2,Critical
8968,9244.5,57.5,3.18,5,15.5,Needs Attention
8969,2333.0,59.9,1.78,3,12.4,Needs Attention
8970,5463.4,53.8,1.6,0,3.6,Healthy
8971,5714.5,34.0,2.92,1,2.3,Healthy
8972,5077.4,48.6,3.25,5,17.6,Critical
8973,8170.3,43.1,1.85,2,9.3,Needs Attention
8974,3212.0,59.0,3.4,4,14.2,Needs Attention
8975,2243.2,50.4,1.4,0,0.2,Healthy
8976,6706.3,41.3,1.75,0,3.8,Healthy
8977,1482.7,58.6,2.27,2,12.7,Needs Attention
8978,7940.2,39.1,1.14,0,4.7,Healthy
8979,3104.5,29.3,0.76,0,1.8,Healthy
8980,5998.7,50.3,0.82,0,0.7,Healthy
8981,2512.5,58.4,1.81,5,7.3,Needs Attention
8982,2493.6,55.3,2.01,3,14.9,Needs Attention
8983,8767.8,51.2,2.34,3,6.3,Needs Attention
8984,1515.1,53.0,2.24,4,9.9,Needs Attention
8985,3261.8,49.0,2.03,3,12.7,Healthy
8986,4677.3,37.5,1.8,2,4.2,Needs Attention
8987,4116.0,65.6,1.51,6,18.8,Needs Attention
8988,4504.9,48.3,3.6,5,16.5,Critical
8989,5678.2,51.6,1.12,1,10.7,Healthy
8990,2408.0,48.9,2.16,2,5.2,Healthy
8991,2327.5,38.3,1.34,0,3.4,Healthy
8992,2504.9,47.4,2.07,5,11.0,Needs Attention
8993,4938.1,44.0,3.29,3,14.6,Needs Attention
8994,1275.2,49.3,2.26,3,11.8,Needs Attention
8995,9549.5,56.7,3.39,6,14.6,Critical
8996,9557.4,63.0,2.01,1,10.1,Needs Attention
8997,1240.6,52.9,1.44,1,0.5,Healthy
8998,2577.4,58.3,1.71,5,10.4,Needs Attention
8999,2093.3,48.5,0.66,0,2.7,Healthy
9000,3030.1,37.1,1.95,4,19.7,Needs Attention
9001,3797.1,35.0,2.16,5,19.5,Critical
9002,4638.3,59.6,1.54,0,6.5,Healthy
9003,4220.7,55.1,4.01,5,18.5,Needs Attention
9004,6608.3,42.5,1.56,1,5.3,Needs Attention
9005,8192.8,47.5,1.08,0,10.4,Needs Attention
9006,3123.1,49.9,2.65,0,6.5,Healthy
9007,6113.5,53.4,1.78,4,11.9,Needs Attention
9008,3861.3,52.5,1.39,2,13.1,Needs Attention
9009,3470.5,55.4,2.45,4,19.1,Critical
9010,3179.9,54.0,1.29,5,16.2,Needs Attention
9011,6558.7,40.7,1.27,0,6.0,Healthy
9012,7487.4,32.0,2.65,2,2.7,Needs Attention
9013,8415.4,48.0,3.9,1,17.5,Needs Attention
9014,4019.5,54.2,1.27,1,5.7,Healthy
9015,5968.1,67.1,1.41,5,16.3,Needs Attention
9016,7782.7,59.7,1.01,4,10.8,Needs Attention
9017,5711.5,49.1,1.85,6,10.0,Needs Attention
9018,6104.8,48.0,1.28,0,11.7,Needs Attention
9019,8216.5,50.3,0.24,2,11.9,Needs Attention
9020,4223.4,42.3,1.34,0,5.5,Healthy
9021,1182.0,51.0,1.61,1,5.9,Healthy
9022,4612.7,47.3,1.69,3,3.8,Healthy
9023,3522.7,61.3,3.53,6,14.7,Critical
9024,7179.7,41.7,1.68,2,4.4,Needs Attention
9025,2940.4,54.3,3.02,5,11.3,Needs Attention
9026,10863.2,53.2,2.17,5,19.4,Needs Attention
9027,3135.1,75.2,3.65,6,19.6,Critical
9028,8173.1,39.6,2.17,6,14.8,Critical
9029,7213.0,47.6,2.0,0,5.0,Healthy
9030,3420.5,67.7,2.83,3,11.9,Needs Attention
9031,4938.5,52.1,1.3,4,12.5,Needs Attention
9032,8203.0,62.8,2.12,6,18.3,Critical
9033,2825.1,53.3,1.83,0,9.0,Healthy
9034,6330.9,48.2,1.93,1,7.4,Healthy
9035,8129.8,66.4,2.65,2,10.8,Needs Attention
9036,6570.7,40.0,1.6,1,3.2,Healthy
9037,7279.4,46.6,3.21,3,11.7,Needs Attention
9038,7255.5,49.3,0.45,1,5.4,Healthy
9039,8509.7,41.4,2.0,1,11.7,Healthy
9040,3719.7,40.2,1.08,1,2.7,Healthy
9041,9073.1,46.9,2.32,1,9.6,Needs Attention
9042,1252.3,54.0,3.14,1,12.0,Needs Attention
9043,6290.6,35.4,0.68,0,6.2,Healthy
9044,1378.2,48.8,1.72,0,7.2,Healthy
9045,6483.5,29.4,2.14,3,8.5,Needs Attention
9046,4112.3,56.7,2.57,4,17.2,Needs Attention
9047,8885.7,36.4,3.24,6,17.1,Critical
9048,2173.6,41.6,1.47,0,2.5,Healthy
9049,3682.3,56.7,1.21,0,3.9,Healthy
9050,4554.7,40.6,0.75,0,4.2,Needs Attention
9051,6538.6,36.3,2.13,2,6.4,Healthy
9052,2812.4,34.3,1.57,1,8.2,Healthy
9053,5467.8,71.9,2.16,3,12.1,Needs Attention
9054,6624.1,59.9,2.43,0,9.7,Needs Attention
9055,8000.8,48.7,0.41,4,11.9,Needs Attention
9056,7211.9,48.4,0.73,0,6.6,Healthy
9057,7990.5,59.1,1.36,6,11.5,Needs Attention
9058,7582.9,55.0,1.77,4,12.5,Needs Attention
9059,1205.8,43.1,3.11,4,13.7,Needs Attention
9060,3825.6,56.3,2.47,4,11.8,Needs Attention
9061,1173.4,49.2,1.89,2,9.3,Healthy
9062,5020.7,52.7,1.23,3,7.4,Needs Attention
9063,1189.3,41.4,2.41,2,4.0,Healthy
9064,3181.6,39.8,4.64,5,17.6,Critical
9065,9225.2,46.0,2.19,5,18.2,Critical
9066,3009.5,24.7,2.36,3,6.9,Healthy
9067,495.2,61.9,1.32,0,2.8,Healthy
9068,2524.3,49.4,1.32,1,3.2,Healthy
9069,3320.9,33.0,1.24,1,4.4,Healthy
9070,5359.2,63.2,2.23,5,14.6,Needs Attention
9071,9570.6,57.0,2.63,2,9.2,Needs Attention
9072,2834.4,54.2,1.75,4,13.9,Needs Attention
9073,5024.3,34.0,1.12,3,7.9,Needs Attention
9074,2518.9,70.9,1.72,6,19.6,Critical
9075,4159.6,47.6,0.54,0,0.4,Healthy
9076,7773.9,47.8,2.1,1,10.6,Healthy
9077,1940.5,50.9,1.91,6,15.1,Needs Attention
9078,7893.0,43.8,1.06,2,3.0,Healthy
9079,5850.1,44.4,1.65,0,2.6,Healthy
9080,7809.3,39.5,0.64,0,1.4,Healthy
9081,5759.9,47.3,1.74,0,2.6,Healthy
9082,5543.5,50.3,2.58,4,16.2,Critical
9083,4001.7,42.0,1.6,2,1.1,Healthy
9084,4006.5,43.8,2.75,1,14.4,Needs Attention
9085,7887.2,46.3,2.05,2,8.0,Needs Attention
9086,2062.8,54.4,0.74,0,6.0,Healthy
9087,6278.2,60.2,3.56,4,18.7,Needs Attention
9088,1298.8,55.1,1.17,2,5.0,Healthy
9089,10019.5,75.0,3.0,4,18.1,Critical
9090,3508.7,62.2,2.85,4,16.3,Needs Attention
9091,8574.7,54.1,1.9,8,16.4,Critical
9092,6873.7,76.7,2.98,5,15.2,Critical
9093,1617.8,42.1,1.41,1,4.7,Healthy
9094,7663.1,45.8,1.24,1,2.1,Needs Attention
9095,7482.9,43.3,2.95,5,14.6,Needs Attention
9096,6911.9,50.9,3.87,4,8.8,Needs Attention
9097,8115.1,64.1,0.92,6,14.2,Critical
9098,9729.2,56.4,2.82,3,16.0,Critical
9099,10146.7,51.0,3.59,5,14.9,Critical
9100,5322.6,48.8,2.58,1,5.7,Healthy
9101,5578.4,66.7,3.79,5,16.5,Needs Attention
9102,4536.9,62.4,1.74,2,6.3,Healthy
9103,1837.5,47.0,2.39,3,9.4,Healthy
9104,8145.6,42.9,2.28,1,8.0,Needs Attention
9105,4247.3,37.6,2.08,0,3.5,Healthy
9106,8713.5,49.9,2.59,2,11.4,Needs Attention
9107,4089.4,57.4,1.78,4,12.5,Needs Attention
9108,1643.2,46.4,1.01,4,7.9,Needs Attention
9109,8141.6,56.2,2.28,3,14.4,Needs Attention
9110,9791.7,75.7,3.11,1,9.9,Critical
9111,8510.8,46.5,3.04,4,13.5,Needs Attention
9112,5358.4,39.3,1.0,1,2.9,Healthy
9113,2354.1,43.8,1.02,0,4.4,Healthy
9114,8114.7,57.9,3.57,7,19.8,Critical
9115,2347.3,38.6,1.33,2,3.8,Healthy
9116,912.7,27.1,1.07,2,1.6,Healthy
9117,1927.7,40.2,1.41,1,0.5,Healthy
9118,2337.0,64.3,2.13,7,19.6,Needs Attention
9119,2858.8,64.0,3.92,4,12.6,Needs Attention
9120,6545.1,55.0,1.94,4,14.0,Needs Attention
9121,4478.1,67.4,2.24,4,12.5,Needs Attention
9122,8375.4,53.3,3.37,5,16.4,Needs Attention
9123,5882.4,53.4,2.57,1,8.1,Healthy
9124,5851.6,54.9,1.33,5,11.0,Needs Attention
9125,3558.1,56.6,0.92,3,6.0,Needs Attention
9126,5355.2,60.5,2.36,4,13.9,Needs Attention
9127,3551.7,69.1,3.44,3,19.6,Needs Attention
9128,7462.6,54.7,4.17,8,19.8,Critical
9129,3229.1,39.1,1.05,0,0.1,Healthy
9130,8358.7,59.4,1.6,2,10.2,Needs Attention
9131,2093.4,40.1,0.54,3,2.1,Healthy
9132,1226.5,29.5,1.21,0,3.2,Healthy
9133,6740.9,54.7,0.87,2,3.0,Healthy
9134,8307.4,35.9,2.15,4,10.0,Needs Attention
9135,5812.3,44.1,1.29,0,4.2,Healthy
9136,2940.6,39.5,1.05,1,3.8,Healthy
9137,2979.9,47.2,0.1,0,5.5,Healthy
9138,8692.4,43.4,3.24,5,16.6,Critical
9139,3653.8,48.2,2.81,3,9.3,Needs Attention
9140,6938.1,34.7,1.38,1,0.8,Healthy
9141,7795.2,59.1,1.58,3,11.2,Needs Attention
9142,9353.0,37.9,2.98,5,16.5,Needs Attention
9143,6482.9,74.6,3.32,2,19.4,Needs Attention
9144,4304.7,32.7,1.98,4,9.0,Healthy
9145,1374.5,38.4,1.91,4,1.9,Healthy
9146,4575.8,55.5,2.04,1,11.8,Healthy
9147,4149.8,46.7,2.41,3,13.0,Needs Attention
9148,4160.8,51.4,1.41,4,9.0,Needs Attention
9149,6333.7,55.3,2.1,2,10.8,Needs Attention
9150,1600.7,50.4,1.02,2,6.6,Healthy
9151,4630.2,55.5,1.98,5,13.7,Needs Attention
9152,6195.2,56.3,2.22,2,7.3,Healthy
9153,5650.7,64.8,1.2,3,11.3,Needs Attention
9154,8028.8,52.0,2.45,4,11.5,Needs Attention
9155,3854.6,50.0,2.35,1,6.6,Healthy
9156,4825.8,56.1,1.21,2,17.7,Needs Attention
9157,2765.2,55.2,2.32,4,17.7,Needs Attention
9158,10404.0,58.0,2.79,8,18.0,Critical
9159,2176.9,40.1,3.01,5,14.6,Critical
9160,6737.7,45.7,2.04,1,8.5,Healthy
9161,6978.1,44.6,1.37,1,7.7,Needs Attention
9162,777.8,36.6,2.44,3,11.1,Healthy
9163,2129.2,45.3,1.2,0,6.5,Healthy
9164,2069.9,52.9,2.0,3,6.8,Healthy
9165,6569.2,47.9,1.96,1,6.9,Needs Attention
9166,1832.4,58.2,1.97,1,7.0,Healthy
9167,8467.2,36.5,3.14,2,11.2,Needs Attention
9168,3500.6,27.5,0.76,4,4.3,Healthy
9169,3293.5,48.4,2.07,2,11.5,Needs Attention
9170,7580.1,29.6,0.98,0,0.8,Healthy
9171,6717.3,52.9,1.18,3,10.0,Needs Attention
9172,7315.9,34.0,1.82,2,6.3,Healthy
9173,4037.7,55.7,3.21,3,14.4,Critical
9174,6026.8,49.1,2.05,5,19.1,Needs Attention
9175,8345.0,43.6,0.85,0,6.4,Needs Attention
9176,4612.8,43.5,3.01,7,12.6,Critical
9177,8067.5,51.3,1.35,0,7.0,Healthy
9178,1437.9,58.7,2.14,1,12.0,Healthy
9179,4385.5,60.1,2.01,3,7.5,Healthy
9180,3091.7,47.4,0.56,0,0.3,Healthy
9181,4607.3,38.1,1.54,1,6.8,Healthy
9182,6468.1,63.2,2.57,6,19.3,Critical
9183,8245.8,49.8,2.65,2,13.8,Needs Attention
9184,6667.1,50.5,2.07,2,13.7,Needs Attention
9185,6816.3,55.0,1.19,2,6.9,Needs Attention
9186,9050.6,46.8,3.86,5,17.3,Critical
9187,2560.3,51.4,3.77,1,13.1,Needs Attention
9188,7247.7,39.1,0.55,1,0.6,Healthy
9189,3442.8,50.2,1.42,3,8.5,Healthy
9190,8198.5,63.7,2.49,4,16.1,Critical
9191,10926.1,43.3,2.64,4,15.5,Critical
9192,4857.0,60.4,1.29,0,3.7,Healthy
9193,5017.8,50.4,3.11,3,15.6,Critical
9194,551.7,39.7,0.76,0,1.2,Healthy
9195,8908.0,44.6,2.73,3,17.0,Critical
9196,6483.8,53.2,1.52,3,7.8,Needs Attention
9197,7409.9,37.4,1.42,1,1.6,Healthy
9198,5908.2,59.0,0.48,2,5.7,Healthy
9199,6006.5,46.8,1.19,3,12.9,Needs Attention
9200,3963.9,46.0,1.68,0,4.9,Healthy
9201,2680.9,52.8,0.98,2,13.3,Needs Attention
9202,6883.8,44.8,2.14,0,2.4,Needs Attention
9203,3177.3,52.9,3.18,2,5.9,Healthy
9204,3136.6,55.7,3.0,4,10.8,Needs Attention
9205,3824.6,60.2,3.82,6,16.9,Critical
9206,5363.9,63.1,1.94,1,7.9,Needs Attention
9207,5699.1,51.8,2.17,2,10.1,Needs Attention
9208,6393.8,46.5,0.71,2,5.8,Healthy
9209,4468.7,42.6,0.55,0,4.1,Healthy
9210,4376.9,50.3,2.63,2,14.8,Needs Attention
9211,3113.7,29.1,2.17,4,10.6,Needs Attention
9212,2530.4,47.6,2.09,0,1.7,Healthy
9213,6655.1,42.1,1.74,4,9.7,Needs Attention
9214,2852.5,31.6,0.43,1,1.3,Healthy
9215,1072.2,45.0,2.4,2,6.3,Healthy
9216,6813.6,54.7,1.78,1,7.0,Needs Attention
9217,5376.1,45.2,3.78,4,15.2,Needs Attention
9218,8991.8,44.6,2.54,2,12.0,Needs Attention
9219,2247.1,44.2,2.53,2,5.1,Healthy
9220,6588.0,51.3,2.82,5,16.6,Needs Attention
9221,2882.4,33.6,2.29,2,4.5,Healthy
9222,7952.3,63.4,3.04,6,18.3,Critical
9223,3896.8,72.3,4.01,5,15.8,Needs Attention
9224,3030.5,41.2,0.79,0,0.9,Healthy
9225,1769.1,39.5,0.4,1,7.7,Healthy
9226,4454.5,59.5,1.77,3,11.7,Needs Attention
9227,7760.7,46.7,2.03,1,11.7,Needs Attention
9228,2574.0,52.4,2.32,2,11.1,Needs Attention
9229,7493.1,44.9,2.91,1,11.6,Needs Attention
9230,4609.2,42.7,1.54,0,6.7,Healthy
9231,3883.1,26.4,2.11,1,5.6,Healthy
9232,7678.1,54.2,2.94,2,10.0,Needs Attention
9233,7589.6,46.6,0.56,1,8.9,Needs Attention
9234,1218.4,44.9,0.82,0,1.8,Healthy
9235,1186.3,35.1,0.74,0,1.3,Healthy
9236,9128.9,39.6,1.8,3,11.3,Needs Attention
9237,4536.1,59.8,2.79,3,13.9,Needs Attention
9238,2141.3,48.3,2.54,6,13.9,Needs Attention
9239,2428.5,37.2,0.89,0,4.3,Healthy
9240,3827.1,69.1,3.92,5,13.3,Critical
9241,8911.9,75.4,2.69,3,19.3,Critical
9242,1023.3,42.0,1.46,0,0.4,Healthy
9243,9633.4,42.4,2.41,4,12.1,Needs Attention
9244,9817.7,48.6,1.7,2,10.5,Needs Attention
9245,5892.1,49.4,1.75,3,7.3,Needs Attention
9246,3780.5,33.8,1.67,4,12.5,Needs Attention
9247,2448.6,55.2,1.59,3,3.3,Healthy
9248,3447.6,58.2,2.63,5,13.5,Needs Attention
9249,6807.7,58.2,1.0,1,7.2,Healthy
9250,5727.4,53.6,1.22,1,9.6,Healthy
9251,3652.1,43.6,2.82,4,13.7,Needs Attention
9252,7705.3,65.3,2.95,2,6.8,Healthy
9253,1543.4,55.1,2.04,4,20.0,Needs Attention
9254,2586.6,40.8,1.99,7,18.2,Needs Attention
9255,4963.1,39.7,1.82,0,6.8,Healthy
9256,2604.0,64.0,4.07,3,14.7,Needs Attention
9257,5515.7,56.5,1.2,3,9.2,Needs Attention
9258,5043.9,48.5,1.31,0,3.1,Healthy
9259,10036.3,68.5,2.24,3,13.4,Needs Attention
9260,6830.6,35.8,1.88,3,8.3,Needs Attention
9261,5550.9,69.2,1.93,4,14.3,Needs Attention
9262,1860.1,42.2,0.83,3,3.2,Healthy
9263,3411.8,60.8,2.67,8,16.9,Critical
9264,1579.9,63.1,2.7,5,17.5,Needs Attention
9265,5255.4,52.1,2.59,7,19.0,Needs Attention
9266,7709.5,38.8,1.03,0,4.1,Healthy
9267,4409.8,42.0,1.3,0,2.9,Healthy
9268,5107.9,61.7,2.3,6,19.2,Critical
9269,2155.4,49.9,3.63,3,16.7,Critical
9270,9162.2,60.5,1.6,4,16.1,Critical
9271,3223.3,44.4,1.88,1,7.4,Healthy
9272,3621.4,35.8,1.77,3,9.4,Needs Attention
9273,6327.3,39.8,1.68,0,0.6,Healthy
9274,2233.1,50.2,4.69,5,18.8,Critical
9275,4549.4,43.1,2.41,2,3.8,Needs Attention
9276,6669.1,66.4,2.98,3,11.3,Needs Attention
9277,6489.7,49.2,1.81,2,10.5,Needs Attention
9278,5739.8,44.0,1.58,2,3.1,Healthy
9279,6637.2,44.1,4.06,6,19.6,Critical
9280,3484.7,32.4,2.29,0,6.4,Healthy
9281,8025.1,47.8,1.75,5,17.4,Critical
9282,5239.9,45.3,1.0,0,0.2,Healthy
9283,4411.7,49.3,2.77,4,9.6,Needs Attention
9284,6193.1,41.4,3.35,5,14.7,Needs Attention
9285,5549.4,48.1,2.76,1,13.9,Needs Attention
9286,6191.0,71.5,2.54,2,19.8,Needs Attention
9287,5417.1,59.6,1.78,4,14.7,Needs Attention
9288,4931.5,51.5,2.61,3,14.8,Needs Attention
9289,729.4,44.6,1.57,4,7.8,Healthy
9290,5323.8,51.9,2.6,3,17.5,Needs Attention
9291,8328.7,55.4,3.41,1,14.8,Needs Attention
9292,1598.3,53.6,1.91,2,9.2,Healthy
9293,9686.2,58.5,1.72,6,14.4,Needs Attention
9294,7316.3,39.9,1.33,1,5.2,Needs Attention
9295,1769.7,48.3,0.84,5,12.7,Needs Attention
9296,5086.1,45.3,3.12,4,17.4,Critical
9297,2263.1,41.7,2.54,6,18.6,Needs Attention
9298,3761.1,55.0,1.52,1,10.4,Healthy
9299,6855.8,43.3,2.68,5,15.0,Needs Attention
9300,8292.0,64.4,2.42,4,10.3,Needs Attention
9301,6965.6,37.4,0.73,3,6.5,Healthy
9302,7439.6,48.9,0.93,2,4.7,Needs Attention
9303,4286.2,32.4,1.48,0,1.9,Healthy
9304,9342.5,34.6,3.2,1,10.2,Needs Attention
9305,4896.5,30.5,3.5,2,15.6,Needs Attention
9306,10844.2,64.7,1.37,4,18.3,Critical
9307,4115.0,44.5,0.91,0,7.5,Healthy
9308,3860.2,55.4,2.25,6,19.2,Critical
9309,4045.3,50.0,2.43,4,11.1,Healthy
9310,7011.9,22.3,0.92,0,3.9,Healthy
9311,7938.8,58.7,2.31,5,16.3,Critical
9312,9595.8,55.3,3.9,6,19.4,Critical
9313,490.1,62.3,0.27,4,6.2,Healthy
9314,9192.9,67.6,2.67,0,10.5,Needs Attention
9315,3566.5,50.9,2.43,5,12.6,Needs Attention
9316,10091.1,57.5,1.62,2,13.9,Needs Attention
9317,2845.4,77.5,2.87,5,18.9,Critical
9318,3915.6,57.6,2.54,0,12.3,Needs Attention
9319,3997.8,42.8,1.31,4,7.1,Needs Attention
9320,1146.4,45.9,1.95,0,3.5,Healthy
9321,5683.3,50.9,2.42,4,13.0,Needs Attention
9322,5144.2,38.4,1.84,1,1.0,Healthy
9323,10226.6,46.6,2.12,4,14.1,Critical
9324,3032.3,54.8,2.13,2,11.0,Needs Attention
9325,6108.1,54.0,1.98,4,12.5,Needs Attention
9326,7050.0,50.4,2.14,5,19.6,Critical
9327,6350.7,51.0,1.27,0,4.0,Healthy
9328,6466.8,40.2,1.72,0,0.0,Healthy
9329,4587.4,49.2,3.48,1,8.5,Healthy
9330,5295.8,61.9,1.94,4,11.6,Needs Attention
9331,3434.8,60.3,4.12,4,15.6,Needs Attention
9332,4879.4,51.4,2.71,6,15.3,Needs Attention
9333,7596.3,55.0,1.99,2,14.6,Needs Attention
9334,4601.5,55.2,3.25,7,16.9,Needs Attention
9335,7975.7,31.0,2.52,3,8.5,Needs Attention
9336,6005.9,45.7,2.53,0,3.9,Healthy
9337,6468.1,54.5,0.74,0,5.1,Healthy
9338,449.5,41.0,2.13,0,0.4,Healthy
9339,9416.1,62.8,2.47,6,13.7,Critical
9340,3803.6,47.6,0.97,0,2.4,Healthy
9341,4656.9,34.3,1.74,1,11.8,Healthy
9342,8730.9,50.0,2.66,2,8.9,Needs Attention
9343,7205.5,54.4,1.61,0,5.3,Healthy
9344,6635.0,52.5,1.71,4,9.5,Needs Attention
9345,5757.4,32.0,0.93,1,2.5,Healthy
9346,7472.2,80.2,2.15,7,16.7,Critical
9347,5920.1,49.0,1.25,2,4.1,Healthy
9348,3620.6,40.6,1.65,2,1.1,Healthy
9349,4398.7,54.1,2.23,3,16.1,Needs Attention
9350,7074.6,56.0,1.23,2,6.9,Healthy
9351,4197.8,26.7,1.55,2,0.4,Healthy
9352,5147.1,39.7,0.1,1,2.8,Healthy
9353,5089.0,67.7,1.59,4,18.8,Critical
9354,1023.2,66.6,2.79,3,14.8,Needs Attention
9355,1550.7,63.9,2.81,7,16.2,Critical
9356,8629.1,62.6,4.16,6,16.1,Critical
9357,2547.4,46.5,3.06,3,11.5,Healthy
9358,6097.2,50.0,0.49,2,7.1,Healthy
9359,7626.7,43.7,2.74,6,17.6,Critical
9360,8225.2,52.7,3.39,3,16.0,Needs Attention
9361,7448.3,34.1,2.54,2,7.6,Needs Attention
9362,5697.3,64.1,4.09,7,19.0,Critical
9363,2584.8,44.6,1.08,4,4.0,Needs Attention
9364,844.5,52.7,2.39,2,7.3,Healthy
9365,3034.8,76.3,4.0,6,19.9,Critical
9366,8444.6,63.5,2.64,4,16.2,Critical
9367,10275.4,60.8,1.94,1,13.2,Needs Attention
9368,7839.7,46.4,1.29,2,7.2,Needs Attention
9369,1943.5,50.9,1.02,0,5.4,Healthy
9370,3719.5,56.5,2.04,4,10.9,Needs Attention
9371,3648.3,56.7,2.18,6,17.3,Needs Attention
9372,8665.8,50.6,1.91,0,6.4,Healthy
9373,1927.9,32.5,0.62,0,0.3,Healthy
9374,2145.8,54.1,2.19,2,6.8,Healthy
9375,7264.8,43.8,0.54,2,6.3,Healthy
9376,6627.7,41.7,1.39,0,2.6,Healthy
9377,7481.5,40.7,1.16,0,2.4,Healthy
9378,8748.5,61.5,3.28,4,16.3,Needs Attention
9379,7970.3,60.1,3.44,2,7.6,Needs Attention
9380,9284.7,56.9,2.29,2,11.6,Needs Attention
9381,1738.6,51.1,2.89,1,12.4,Needs Attention
9382,6484.2,56.0,2.42,1,8.0,Needs Attention
9383,6956.8,38.2,2.28,4,9.3,Needs Attention
9384,7198.6,60.9,2.47,2,8.3,Healthy
9385,8032.2,44.8,0.67,0,1.5,Healthy
9386,6123.9,39.3,2.36,3,12.5,Needs Attention
9387,6308.6,70.3,1.29,1,15.5,Needs Attention
9388,6378.6,63.1,2.64,5,15.5,Needs Attention
9389,3628.5,33.4,0.89,2,2.9,Healthy
9390,2097.7,57.2,1.48,0,5.3,Healthy
9391,4745.1,63.0,1.77,2,8.8,Needs Attention
9392,3744.6,61.6,3.36,7,17.5,Critical
9393,3286.1,50.5,2.11,5,12.0,Needs Attention
9394,3256.0,46.2,2.23,1,4.9,Healthy
9395,5897.6,51.3,2.53,6,14.2,Needs Attention
9396,2948.2,65.8,2.5,5,16.3,Needs Attention
9397,4373.8,53.4,2.25,6,18.1,Needs Attention
9398,3728.2,47.0,1.62,0,6.8,Healthy
9399,2506.0,49.6,2.18,5,14.0,Critical
9400,802.3,50.5,1.54,2,6.9,Healthy
9401,2021.4,36.6,0.93,3,9.1,Healthy
9402,1644.5,58.5,1.43,1,6.4,Healthy
9403,6162.6,49.0,1.16,3,8.2,Needs Attention
9404,8046.8,53.5,2.21,4,15.7,Needs Attention
9405,1666.5,60.0,2.52,2,13.7,Needs Attention
9406,9615.9,60.1,3.43,2,13.5,Needs Attention
9407,7744.4,71.1,3.46,6,19.3,Critical
9408,5720.9,56.1,3.01,5,15.7,Needs Attention
9409,4459.1,48.8,3.6,2,14.1,Critical
9410,2058.5,51.6,3.15,3,12.4,Healthy
9411,6148.5,62.6,3.25,4,13.8,Needs Attention
9412,3997.5,53.3,1.34,0,1.0,Healthy
9413,3992.8,37.8,0.75,3,8.9,Needs Attention
9414,8922.9,51.9,2.69,6,18.6,Critical
9415,3075.2,55.9,3.94,5,19.6,Needs Attention
9416,1828.8,39.5,2.29,0,3.4,Healthy
9417,1228.9,41.2,0.1,0,2.2,Healthy
9418,7199.2,38.1,0.67,1,0.4,Healthy
9419,2420.3,55.9,1.62,2,5.8,Healthy
9420,694.0,51.4,1.87,0,2.7,Healthy
9421,7230.6,40.7,2.09,2,11.3,Needs Attention
9422,6694.7,56.4,1.91,1,9.4,Needs Attention
9423,5447.5,50.5,1.36,2,6.7,Needs Attention
9424,4193.8,55.7,2.95,4,12.4,Needs Attention
9425,4728.7,79.6,1.7,2,2.8,Healthy
9426,4331.3,38.5,0.86,2,13.3,Needs Attention
9427,3417.0,44.0,1.77,1,2.8,Healthy
9428,1919.9,31.0,1.58,0,1.3,Healthy
9429,5885.5,55.0,1.74,1,8.5,Needs Attention
9430,1031.5,61.3,1.48,3,15.4,Healthy
9431,6596.1,39.6,0.6,0,2.2,Healthy
9432,3739.7,48.2,1.47,1,7.6,Healthy
9433,6658.7,30.8,0.61,1,1.2,Healthy
9434,3807.9,43.3,0.85,1,4.2,Healthy
9435,4363.6,64.0,3.45,3,19.8,Critical
9436,6576.9,47.8,2.47,3,10.4,Needs Attention
9437,4944.7,54.0,3.22,6,18.1,Critical
9438,7180.7,35.5,1.48,3,3.5,Needs Attention
9439,2676.2,62.1,2.28,6,15.5,Needs Attention
9440,367.0,27.7,1.92,2,3.8,Healthy
9441,1290.9,42.4,1.31,0,3.6,Healthy
9442,6235.4,46.3,1.47,5,13.8,Needs Attention
9443,3504.3,34.8,1.76,0,2.4,Healthy
9444,10460.1,49.2,1.47,5,19.7,Critical
9445,3495.3,41.4,2.55,5,16.4,Critical
9446,3577.6,38.8,1.61,1,3.3,Healthy
9447,7155.3,47.9,2.12,0,7.4,Healthy
9448,6436.1,52.9,1.87,3,7.3,Healthy
9449,4898.3,50.1,1.39,2,9.3,Healthy
9450,783.4,32.8,1.32,3,5.2,Healthy
9451,2214.2,43.4,0.1,3,1.7,Healthy
9452,5335.3,29.0,2.24,3,8.0,Needs Attention
9453,3321.6,51.0,0.99,1,5.6,Healthy
9454,1928.5,43.5,1.61,4,18.7,Needs Attention
9455,7912.5,58.4,1.44,3,13.5,Needs Attention
9456,4695.9,47.6,2.06,2,13.1,Healthy
9457,2570.8,54.8,2.7,4,14.2,Needs Attention
9458,1715.3,30.0,2.41,0,3.1,Healthy
9459,6663.5,63.9,2.57,1,11.7,Needs Attention
9460,8157.2,55.4,0.88,3,13.2,Needs Attention
9461,7882.6,48.5,2.28,0,9.9,Healthy
9462,5342.1,57.9,2.6,2,14.9,Critical
9463,1414.4,51.9,1.66,1,8.7,Healthy
9464,6718.4,61.8,2.62,6,17.9,Critical
9465,4774.1,57.1,4.08,6,19.2,Critical
9466,9145.2,44.0,2.45,4,10.8,Needs Attention
9467,7848.7,36.3,1.53,1,5.0,Healthy
9468,4833.9,63.7,0.76,1,0.9,Healthy
9469,1104.9,32.4,1.65,0,2.6,Needs Attention
9470,8383.0,51.8,1.63,0,7.0,Healthy
9471,6611.9,37.0,2.02,2,2.7,Healthy
9472,2260.0,38.3,2.31,3,7.1,Healthy
9473,2123.9,65.5,2.7,4,14.9,Needs Attention
9474,8573.9,49.3,1.9,5,11.8,Needs Attention
9475,6891.6,66.4,3.55,4,15.5,Critical
9476,3613.8,66.6,3.9,2,17.5,Needs Attention
9477,6787.0,48.5,2.06,0,11.0,Needs Attention
9478,8066.8,62.2,1.68,0,4.6,Needs Attention
9479,6888.6,52.1,1.6,5,13.6,Needs Attention
9480,3810.3,61.5,1.51,0,11.3,Healthy
9481,8846.3,76.7,2.49,5,19.5,Critical
9482,6749.1,43.1,1.28,0,5.2,Healthy
9483,3483.8,44.1,2.43,4,18.4,Needs Attention
9484,2916.4,40.7,1.07,2,7.1,Healthy
9485,2605.3,48.5,2.25,4,12.8,Needs Attention
9486,5705.3,52.9,1.13,1,6.5,Needs Attention
9487,2199.7,48.4,2.21,3,4.5,Healthy
9488,8024.3,63.4,2.84,4,16.8,Needs Attention
9489,6870.9,53.6,2.21,2,11.9,Needs Attention
9490,7912.1,42.9,0.34,0,2.6,Healthy
9491,900.6,57.1,0.84,3,9.3,Healthy
9492,8125.8,43.4,2.99,8,17.8,Critical
9493,3767.7,57.8,3.06,6,16.5,Critical
9494,9236.4,69.8,4.23,2,15.8,Critical
9495,5313.6,50.5,1.66,2,9.6,Needs Attention
9496,3865.6,45.7,1.5,4,15.5,Needs Attention
9497,7231.0,45.7,2.65,4,14.2,Needs Attention
9498,3463.2,49.5,2.02,0,8.5,Needs Attention
9499,7444.2,42.4,2.39,2,3.6,Needs Attention
9500,3676.8,41.7,1.44,0,2.4,Healthy
9501,3490.6,35.0,1.69,0,3.1,Healthy
9502,3115.7,51.1,1.07,0,3.9,Healthy
9503,6969.4,51.1,2.66,1,5.8,Needs Attention
9504,5206.7,50.0,1.49,2,4.4,Healthy
9505,7099.3,44.0,0.93,0,1.8,Healthy
9506,4987.5,40.9,2.24,5,13.5,Critical
9507,5323.0,52.4,1.47,2,11.6,Needs Attention
9508,7727.1,67.0,1.92,5,17.2,Needs Attention
9509,1300.2,45.7,1.77,0,4.8,Healthy
9510,492.8,45.2,0.72,2,1.4,Healthy
9511,7543.4,53.7,2.18,2,9.4,Needs Attention
9512,2453.9,45.0,1.89,0,2.3,Healthy
9513,5346.0,56.4,1.78,3,9.3,Needs Attention
9514,4318.4,34.9,1.73,2,6.8,Healthy
9515,8350.7,49.7,1.95,2,10.8,Needs Attention
9516,4091.4,50.6,2.79,4,15.6,Needs Attention
9517,6859.7,57.0,2.27,3,9.3,Needs Attention
9518,4279.1,54.4,0.92,3,10.1,Needs Attention
9519,4324.7,67.6,4.4,6,19.6,Needs Attention
9520,2145.7,74.3,2.69,8,18.6,Critical
9521,4275.8,55.3,0.86,0,4.4,Healthy
9522,6448.1,31.6,0.45,0,1.8,Healthy
9523,8054.2,67.1,2.82,6,19.7,Critical
9524,8750.9,57.9,1.52,0,6.9,Needs Attention
9525,5081.4,57.0,3.18,4,15.5,Needs Attention
9526,5962.3,60.8,4.05,5,18.4,Critical
9527,7381.0,46.4,1.54,3,8.6,Healthy
9528,1164.0,40.8,1.09,0,1.4,Healthy
9529,4699.7,62.4,3.06,3,10.8,Needs Attention
9530,5257.8,51.6,2.26,3,9.1,Healthy
9531,1371.9,32.7,2.17,1,8.4,Healthy
9532,6715.4,46.8,2.15,4,8.6,Critical
9533,2369.2,46.7,2.29,3,11.4,Needs Attention
9534,5882.9,60.9,3.97,6,18.7,Critical
9535,5537.2,40.9,1.71,0,0.9,Healthy
9536,3733.3,52.6,2.17,3,16.2,Needs Attention
9537,2598.1,63.3,1.05,0,2.8,Healthy
9538,3477.0,68.3,2.39,5,14.5,Needs Attention
9539,4163.6,54.3,2.45,4,17.5,Needs Attention
9540,5384.7,38.1,1.59,1,6.1,Healthy
9541,3257.6,54.8,1.41,5,12.7,Needs Attention
9542,2792.1,67.9,3.33,6,18.4,Critical
9543,8448.8,62.4,3.58,4,14.8,Critical
9544,934.9,30.8,1.98,0,7.2,Healthy
9545,3955.8,34.6,1.98,0,7.6,Healthy
9546,2021.0,38.8,2.8,0,1.9,Healthy
9547,2615.7,48.0,0.79,2,4.9,Needs Attention
9548,2005.9,32.0,1.58,1,0.4,Healthy
9549,4148.1,41.6,2.66,4,14.3,Needs Attention
9550,1911.4,72.9,0.78,2,17.0,Needs Attention
9551,7619.0,46.6,3.74,2,19.2,Needs Attention
9552,5735.2,63.9,3.39,4,14.2,Needs Attention
9553,3517.2,64.0,1.96,6,14.5,Needs Attention
9554,3439.0,37.6,1.77,0,4.7,Healthy
9555,7221.5,59.5,1.83,3,13.6,Needs Attention
9556,8772.0,63.8,2.77,3,15.3,Critical
9557,3322.8,31.4,1.44,1,3.3,Healthy
9558,7689.9,56.9,2.4,4,15.0,Needs Attention
9559,5703.6,56.9,2.73,6,15.6,Needs Attention
9560,5160.3,46.3,2.27,1,10.8,Needs Attention
9561,1268.3,51.2,1.83,3,4.1,Healthy
9562,7103.8,56.7,3.94,6,17.0,Critical
9563,6100.5,43.4,2.72,0,11.7,Needs Attention
9564,1183.7,36.4,0.53,2,0.6,Healthy
9565,5564.5,33.4,2.81,5,14.3,Needs Attention
9566,5241.0,48.0,2.32,5,12.3,Needs Attention
9567,4027.9,39.4,1.8,0,8.5,Healthy
9568,8901.9,63.2,1.23,4,14.5,Needs Attention
9569,3662.2,59.3,1.46,4,13.8,Needs Attention
9570,5873.5,50.9,0.97,0,0.8,Healthy
9571,7947.6,49.3,2.31,1,9.1,Needs Attention
9572,9001.2,55.0,2.39,5,17.0,Needs Attention
9573,1114.3,47.8,1.87,2,10.1,Healthy
9574,3512.9,34.9,2.43,3,13.4,Healthy
9575,6260.3,64.2,1.28,3,11.8,Needs Attention
9576,8622.7,62.5,2.87,6,19.3,Critical
9577,5229.3,45.8,0.87,0,7.0,Healthy
9578,8974.8,56.2,2.02,1,8.7,Healthy
9579,7336.9,53.0,2.05,4,14.5,Needs Attention
9580,8760.5,41.6,2.34,3,5.1,Healthy
9581,4168.5,46.8,1.06,3,7.0,Healthy
9582,4257.6,57.0,4.57,5,19.2,Critical
9583,4249.1,50.7,0.74,0,0.8,Healthy
9584,6416.3,53.5,0.5,0,4.0,Healthy
9585,2276.6,46.8,2.26,3,11.6,Needs Attention
9586,8035.4,48.9,1.75,1,7.8,Needs Attention
9587,3195.1,35.9,1.36,0,2.8,Healthy
9588,8096.4,62.3,2.49,7,16.9,Critical
9589,6145.2,42.8,1.17,0,3.4,Healthy
9590,9856.0,56.4,3.59,6,19.5,Critical
9591,5825.5,45.0,2.79,2,10.2,Healthy
9592,5136.8,61.6,2.09,3,13.8,Needs Attention
9593,4481.3,28.3,3.19,2,15.6,Needs Attention
9594,1159.8,54.2,2.27,0,4.3,Healthy
9595,2641.4,28.7,1.48,3,10.4,Healthy
9596,5807.6,55.7,2.53,5,13.1,Critical
9597,4667.9,51.9,2.17,7,17.3,Critical
9598,3331.8,34.6,1.57,1,2.3,Healthy
9599,1882.5,34.5,1.28,0,4.9,Healthy
9600,2072.4,34.1,1.54,1,2.6,Healthy
9601,8557.0,53.8,2.8,6,18.0,Critical
9602,7438.7,56.0,1.32,4,10.2,Needs Attention
9603,752.4,43.8,1.15,0,1.9,Healthy
9604,7690.6,51.5,1.65,3,10.2,Needs Attention
9605,8569.4,61.8,1.71,0,4.8,Healthy
9606,4933.0,59.3,1.84,3,8.6,Needs Attention
9607,8169.2,39.6,0.96,4,10.3,Needs Attention
9608,9374.0,39.8,2.62,4,13.5,Needs Attention
9609,8517.2,52.6,2.56,4,16.2,Needs Attention
9610,8197.0,36.5,0.72,0,1.5,Healthy
9611,6502.9,52.8,1.28,2,4.1,Needs Attention
9612,8304.2,46.2,1.96,1,6.6,Healthy
9613,6308.1,54.2,1.64,5,17.8,Critical
9614,2967.2,56.3,1.81,2,12.0,Needs Attention
9615,7270.1,42.6,1.8,1,6.3,Needs Attention
9616,5981.3,50.3,1.57,0,2.2,Healthy
9617,1638.5,55.2,1.26,4,13.0,Needs Attention
9618,4461.0,40.5,0.1,4,16.2,Needs Attention
9619,5073.5,51.3,1.69,3,10.5,Needs Attention
9620,4485.1,52.5,2.37,1,6.6,Healthy
9621,7101.0,60.9,2.15,5,16.8,Critical
9622,3861.9,38.4,0.26,0,2.4,Healthy
9623,6967.8,63.0,2.01,0,10.0,Healthy
9624,3842.7,48.1,1.38,7,16.9,Critical
9625,3745.5,56.0,1.98,0,2.1,Healthy
9626,5811.7,31.5,1.92,4,7.8,Needs Attention
9627,2643.7,46.6,2.64,0,1.0,Healthy
9628,1039.5,55.6,1.04,0,4.3,Healthy
9629,7386.5,51.7,1.93,0,2.3,Healthy
9630,8506.4,57.3,3.94,5,17.1,Needs Attention
9631,2211.5,33.0,2.39,2,7.4,Needs Attention
9632,7197.7,43.2,1.45,5,15.7,Needs Attention
9633,9482.3,57.1,2.85,1,14.9,Needs Attention
9634,7865.8,55.8,2.66,1,12.8,Needs Attention
9635,2414.6,49.2,1.93,2,14.6,Needs Attention
9636,3713.3,47.7,1.38,2,4.6,Healthy
9637,3062.4,45.8,1.72,3,9.6,Healthy
9638,4009.3,43.6,1.76,3,3.1,Healthy
9639,6591.1,52.8,1.35,5,13.6,Needs Attention
9640,2316.8,52.9,1.52,7,19.5,Needs Attention
9641,7628.9,38.1,1.01,1,0.4,Healthy
9642,3669.0,58.6,3.28,3,14.6,Needs Attention
9643,8789.2,46.8,0.77,4,12.8,Critical
9644,8171.9,49.2,2.59,6,12.4,Critical
9645,4449.8,68.2,3.61,3,17.2,Needs Attention
9646,7522.0,51.0,1.06,0,0.4,Healthy
9647,6080.5,51.8,2.59,4,19.3,Needs Attention
9648,4012.8,51.6,1.06,5,15.4,Needs Attention
9649,6128.8,40.1,1.8,0,2.8,Healthy
9650,8755.6,52.6,1.88,4,14.3,Needs Attention
9651,4362.7,44.3,1.51,1,8.8,Healthy
9652,6631.8,60.2,1.17,2,10.3,Needs Attention
9653,7848.6,38.1,1.06,4,5.1,Needs Attention
9654,3641.6,49.3,2.02,4,13.0,Needs Attention
9655,8919.2,48.8,0.42,3,9.4,Needs Attention
9656,5274.4,55.9,4.32,6,19.8,Critical
9657,5944.8,37.4,0.25,2,5.0,Needs Attention
9658,1675.7,61.4,1.47,3,10.8,Needs Attention
9659,1366.8,43.2,2.19,2,4.7,Healthy
9660,6565.6,58.8,1.62,2,4.2,Needs Attention
9661,6437.3,62.5,2.39,4,15.4,Needs Attention
9662,8691.6,40.3,1.87,2,7.7,Needs Attention
9663,1325.6,51.5,2.15,6,15.1,Needs Attention
9664,4625.8,26.8,1.66,1,2.7,Healthy
9665,7125.5,46.3,4.38,4,17.4,Critical
9666,9079.9,52.2,4.23,5,18.4,Critical
9667,2129.5,35.6,0.31,1,1.3,Healthy
9668,2617.9,62.4,0.52,0,1.1,Healthy
9669,3284.6,38.0,0.97,2,9.8,Needs Attention
9670,4921.2,63.6,2.07,4,10.7,Needs Attention
9671,6048.5,46.6,1.29,0,3.5,Healthy
9672,8255.2,50.7,1.21,2,7.6,Needs Attention
9673,3427.9,50.5,1.93,2,10.7,Needs Attention
9674,6731.8,36.1,0.22,0,0.5,Healthy
9675,4779.8,51.1,1.75,0,5.6,Healthy
9676,7550.2,42.7,0.58,2,7.2,Needs Attention
9677,2607.0,47.3,1.92,3,8.2,Healthy
9678,9410.0,67.9,4.38,6,18.6,Critical
9679,3042.9,51.2,3.38,7,19.3,Critical
9680,4497.1,42.8,1.84,0,6.6,Healthy
9681,1892.1,48.0,1.91,0,1.4,Healthy
9682,1801.2,46.7,0.82,2,3.9,Healthy
9683,9612.4,39.4,2.47,3,13.4,Needs Attention
9684,6362.4,56.8,2.08,0,2.4,Healthy
9685,8507.7,49.8,1.53,4,10.6,Needs Attention
9686,8299.6,34.8,1.16,4,13.6,Needs Attention
9687,3836.3,54.1,2.44,5,18.5,Critical
9688,8504.9,49.4,3.42,4,12.8,Critical
9689,5385.8,36.6,0.9,0,0.5,Healthy
9690,5803.5,58.6,3.14,1,5.0,Healthy
9691,8123.7,40.8,1.42,1,7.6,Needs Attention
9692,6043.3,49.6,1.39,1,4.7,Healthy
9693,4513.3,47.9,2.01,4,12.2,Needs Attention
9694,2003.1,51.8,2.51,3,10.6,Needs Attention
9695,8284.5,60.5,2.72,2,11.3,Needs Attention
9696,3188.7,42.2,3.49,2,14.0,Needs Attention
9697,4098.0,44.4,1.09,0,3.7,Healthy
9698,9156.7,60.5,1.41,3,13.5,Needs Attention
9699,7332.5,53.9,2.19,2,7.5,Needs Attention
9700,6458.8,50.9,2.0,2,11.1,Needs Attention
9701,868.8,46.7,1.74,0,0.9,Healthy
9702,8511.4,40.1,1.06,1,6.9,Healthy
9703,5739.4,66.9,4.06,3,19.9,Critical
9704,3708.7,36.8,1.47,1,3.8,Healthy
9705,9345.4,68.7,2.0,4,14.9,Needs Attention
9706,8146.1,75.8,2.68,4,14.8,Critical
9707,2573.9,46.3,0.32,3,5.6,Needs Attention
9708,6026.9,60.5,3.2,3,14.5,Needs Attention
9709,6722.5,47.1,2.41,2,15.4,Needs Attention
9710,6446.9,53.1,2.67,1,7.3,Healthy
9711,4886.1,60.2,1.79,4,16.9,Needs Attention
9712,6079.5,42.5,1.96,3,8.4,Healthy
9713,6353.4,43.2,1.98,0,3.2,Healthy
9714,8136.4,47.0,3.69,3,18.7,Needs Attention
9715,6032.1,43.8,1.68,6,14.1,Critical
9716,5019.0,42.4,2.1,2,10.0,Needs Attention
9717,1887.9,61.6,1.64,4,13.3,Needs Attention
9718,7228.3,67.1,2.15,7,19.8,Critical
9719,2480.3,29.0,1.63,0,1.1,Healthy
9720,1904.7,48.1,2.01,1,9.4,Healthy
9721,3864.8,66.6,3.76,3,19.6,Needs Attention
9722,4277.4,41.9,4.1,1,15.6,Needs Attention
9723,8060.1,51.8,0.91,1,11.6,Healthy
9724,2934.7,36.9,1.09,0,4.5,Healthy
9725,3643.0,47.2,1.44,0,2.9,Healthy
9726,4450.5,46.1,3.04,6,13.3,Critical
9727,2553.5,65.8,2.09,1,10.2,Healthy
9728,5415.4,42.9,2.63,0,6.1,Healthy
9729,7185.7,53.6,2.18,0,9.2,Healthy
9730,5129.7,47.7,0.76,1,1.8,Healthy
9731,4641.9,52.5,2.13,1,9.6,Healthy
9732,4243.5,45.2,2.33,5,12.9,Needs Attention
9733,7699.0,63.7,2.9,6,16.7,Critical
9734,7556.8,47.6,0.5,2,2.5,Needs Attention
9735,10117.5,39.9,2.41,5,17.7,Critical
9736,7172.1,62.9,2.17,5,14.5,Needs Attention
9737,3873.4,35.0,0.84,0,0.5,Healthy
9738,7512.3,50.6,1.18,2,13.3,Needs Attention
9739,6418.8,41.6,0.77,1,0.4,Healthy
9740,5846.8,48.2,1.49,0,2.5,Healthy
9741,8523.5,38.9,1.92,2,7.1,Needs Attention
9742,6700.6,53.5,1.85,2,12.3,Needs Attention
9743,3609.1,66.0,2.11,4,13.9,Needs Attention
9744,3264.8,45.3,3.9,5,15.4,Critical
9745,5888.8,54.9,1.65,3,16.1,Needs Attention
9746,2705.9,39.2,1.49,0,6.1,Healthy
9747,7492.8,30.9,1.89,0,2.7,Healthy
9748,9739.7,38.8,1.82,6,15.7,Critical
9749,2053.0,57.8,2.18,4,10.2,Needs Attention
9750,7205.6,30.9,0.99,0,5.5,Healthy
9751,2809.9,43.3,0.5,0,6.1,Healthy
9752,4006.6,61.8,2.03,5,12.5,Needs Attention
9753,4033.4,47.8,2.16,3,18.1,Needs Attention
9754,7343.4,46.4,1.03,3,3.8,Needs Attention
9755,3364.6,56.3,2.44,3,13.2,Needs Attention
9756,299.7,43.0,0.69,0,0.1,Healthy
9757,7611.0,53.3,2.7,3,11.5,Healthy
9758,5438.2,70.9,4.06,2,19.1,Critical
9759,7048.7,51.1,3.93,5,14.5,Needs Attention
9760,2551.6,50.0,2.48,5,15.8,Needs Attention
9761,3411.1,31.3,1.21,0,2.8,Healthy
9762,6193.9,59.8,2.26,3,8.5,Healthy
9763,6365.7,59.1,2.94,2,11.2,Needs Attention
9764,5990.2,57.1,1.65,4,12.0,Needs Attention
9765,4829.3,63.1,3.82,5,19.9,Critical
9766,7986.1,69.8,1.12,6,14.2,Needs Attention
9767,7010.2,24.5,1.57,2,10.0,Needs Attention
9768,4670.6,61.8,2.75,4,14.9,Needs Attention
9769,3741.4,29.3,2.65,2,7.4,Needs Attention
9770,3181.8,35.9,0.65,1,4.2,Healthy
9771,8340.2,60.8,1.88,4,11.6,Needs Attention
9772,2396.9,54.9,2.08,3,12.9,Healthy
9773,1425.2,33.8,1.29,3,5.3,Needs Attention
9774,9414.5,59.1,3.63,6,15.9,Critical
9775,2490.4,47.9,1.83,5,14.6,Needs Attention
9776,5262.4,29.6,2.76,1,0.2,Healthy
9777,5031.6,55.2,2.54,5,18.5,Needs Attention
9778,6432.5,44.4,1.63,4,9.9,Needs Attention
9779,755.0,34.1,1.81,0,1.4,Healthy
9780,6046.4,37.3,0.78,0,0.1,Healthy
9781,7309.2,39.5,2.34,1,0.2,Needs Attention
9782,1730.2,58.2,1.9,2,5.9,Healthy
9783,912.0,33.9,0.66,0,2.7,Healthy
9784,8488.2,62.9,1.53,6,18.8,Critical
9785,3085.0,48.9,1.69,1,7.7,Needs Attention
9786,6767.9,55.4,1.83,2,10.3,Needs Attention
9787,3051.2,38.6,0.64,1,5.1,Healthy
9788,7161.3,35.5,1.77,3,6.7,Needs Attention
9789,1780.0,33.9,0.84,0,0.2,Healthy
9790,1357.4,48.6,0.63,2,3.1,Healthy
9791,411.7,45.3,0.73,0,1.8,Healthy
9792,4556.3,31.2,1.36,1,2.7,Healthy
9793,8100.8,54.4,1.27,2,8.5,Needs Attention
9794,7805.7,60.3,2.61,2,6.8,Needs Attention
9795,5368.8,45.4,2.24,1,1.1,Healthy
9796,3173.2,59.7,1.55,1,11.4,Needs Attention
9797,2030.7,63.6,1.78,2,11.4,Needs Attention
9798,3198.3,48.7,1.29,2,0.4,Healthy
9799,8710.7,44.3,1.79,2,13.6,Needs Attention
9800,3904.0,47.9,1.81,5,13.7,Needs Attention
9801,5664.9,58.0,1.62,2,13.9,Needs Attention
9802,8135.0,62.8,2.89,2,18.6,Needs Attention
9803,4931.9,47.3,1.31,3,0.9,Healthy
9804,6182.2,55.3,2.31,0,6.1,Healthy
9805,4674.2,44.3,3.4,0,12.3,Needs Attention
9806,1833.5,63.1,3.3,3,11.3,Needs Attention
9807,7761.3,47.3,1.86,0,3.3,Healthy
9808,5492.4,36.9,3.42,2,11.9,Needs Attention
9809,7288.3,48.6,2.22,2,13.9,Needs Attention
9810,5004.3,52.7,2.19,2,14.2,Healthy
9811,1467.4,40.1,1.36,3,4.2,Healthy
9812,3880.4,45.7,2.81,2,11.6,Needs Attention
9813,7255.9,61.1,1.42,0,6.6,Healthy
9814,6430.3,40.8,1.6,3,11.5,Needs Attention
9815,6954.3,40.9,1.09,0,2.4,Healthy
9816,5825.1,50.7,2.9,4,14.7,Needs Attention
9817,10022.9,55.7,2.27,5,13.0,Critical
9818,5451.5,58.4,2.84,5,15.0,Needs Attention
9819,8231.9,51.6,2.47,5,19.9,Needs Attention
9820,9343.2,63.8,2.33,5,13.7,Critical
9821,8122.1,40.5,0.84,1,2.6,Needs Attention
9822,8017.4,30.9,1.72,2,5.0,Needs Attention
9823,4555.7,57.4,2.43,6,13.7,Needs Attention
9824,3955.0,62.9,2.37,3,16.2,Needs Attention
9825,6963.0,40.3,1.89,3,3.2,Needs Attention
9826,2059.8,46.5,0.1,1,4.4,Healthy
9827,9804.3,54.8,2.97,8,19.8,Critical
9828,2763.4,32.8,1.05,0,1.3,Healthy
9829,3809.2,56.3,0.75,2,9.7,Needs Attention
9830,7076.7,62.5,3.12,4,15.0,Needs Attention
9831,9212.4,49.0,1.15,4,13.0,Needs Attention
9832,7520.7,36.4,0.61,1,2.1,Healthy
9833,6461.6,44.7,3.3,4,12.8,Critical
9834,3585.9,55.2,2.15,2,6.1,Healthy
9835,3643.3,65.3,3.28,3,15.2,Needs Attention
9836,3539.1,27.1,1.59,0,2.0,Healthy
9837,3437.2,39.1,1.18,0,0.6,Healthy
9838,6091.8,48.2,0.17,0,2.2,Healthy
9839,5704.8,51.3,2.1,4,10.5,Needs Attention
9840,7399.5,49.5,0.99,4,7.7,Critical
9841,5327.1,52.1,1.06,3,9.3,Needs Attention
9842,1291.5,41.8,1.71,3,10.7,Healthy
9843,2956.2,59.3,2.5,4,16.0,Needs Attention
9844,5498.6,71.0,1.43,5,11.5,Critical
9845,8524.5,71.4,1.82,3,11.1,Needs Attention
9846,4126.9,49.6,2.12,4,9.9,Needs Attention
9847,6912.0,52.8,1.27,1,1.9,Healthy
9848,3164.5,38.6,1.37,1,2.3,Healthy
9849,4514.3,61.4,2.93,5,18.2,Critical
9850,3261.3,32.5,0.68,0,2.8,Healthy
9851,5535.9,35.5,1.71,3,13.0,Needs Attention
9852,2885.0,67.3,2.26,6,18.2,Critical
9853,8845.2,46.7,0.88,1,12.2,Needs Attention
9854,5039.2,33.6,1.28,0,2.1,Needs Attention
9855,2376.5,60.0,2.7,5,17.6,Needs Attention
9856,3334.1,53.0,2.08,3,13.0,Needs Attention
9857,8140.1,58.4,3.2,0,6.7,Healthy
9858,2490.8,61.2,4.59,5,15.3,Needs Attention
9859,5491.2,44.5,1.7,0,6.8,Healthy
9860,6114.9,49.9,2.48,3,15.2,Needs Attention
9861,2523.0,41.0,1.97,0,7.0,Healthy
9862,4911.0,45.4,1.92,2,1.8,Healthy
9863,9716.0,48.5,2.2,3,17.5,Needs Attention
9864,4045.5,41.9,2.2,5,19.5,Needs Attention
9865,6993.8,65.4,2.44,4,7.5,Needs Attention
9866,3691.2,33.4,1.67,0,0.9,Healthy
9867,5824.5,56.2,4.2,4,17.8,Critical
9868,5016.7,26.7,2.05,0,6.5,Healthy
9869,7894.4,46.0,3.09,3,12.2,Needs Attention
9870,7761.6,66.0,2.6,6,19.9,Critical
9871,7064.4,48.3,1.15,2,7.7,Needs Attention
9872,5642.2,49.7,1.22,1,0.2,Healthy
9873,921.2,36.8,1.64,2,6.1,Healthy
9874,6751.0,35.7,0.27,0,0.3,Healthy
9875,4544.4,50.3,1.39,2,8.7,Healthy
9876,5401.0,67.9,2.96,3,15.9,Needs Attention
9877,7804.6,55.7,2.4,3,17.6,Critical
9878,5845.2,48.1,0.67,0,0.4,Healthy
9879,8626.1,65.5,1.92,2,9.2,Needs Attention
9880,7037.3,46.8,3.44,4,17.8,Needs Attention
9881,4114.8,40.6,1.39,1,4.6,Healthy
9882,6390.1,69.3,0.48,3,6.8,Healthy
9883,7281.1,48.2,0.83,0,3.6,Healthy
9884,3113.5,52.5,1.66,0,12.8,Healthy
9885,1838.1,61.0,2.58,2,15.1,Needs Attention
9886,7340.5,63.9,2.58,4,15.7,Needs Attention
9887,8824.7,71.5,1.07,2,17.1,Needs Attention
9888,6454.7,43.5,2.54,5,14.9,Needs Attention
9889,6167.9,69.0,2.98,6,19.0,Critical
9890,3302.7,51.9,2.51,3,11.0,Needs Attention
9891,5611.5,59.5,0.24,3,2.5,Healthy
9892,5312.0,48.4,1.8,6,8.4,Needs Attention
9893,6745.6,33.5,1.02,2,1.5,Healthy
9894,3935.6,56.5,1.01,0,3.9,Healthy
9895,1196.7,60.1,1.52,4,5.2,Healthy
9896,8638.2,42.8,3.18,5,13.4,Needs Attention
9897,6765.8,40.7,2.21,1,2.0,Needs Attention
9898,10091.5,67.8,1.67,6,12.8,Critical
9899,8495.7,56.0,1.47,3,14.1,Needs Attention
9900,3293.6,57.4,1.13,1,4.7,Healthy
9901,6925.1,43.1,1.74,0,6.9,Healthy
9902,5261.4,46.0,2.98,3,10.8,Needs Attention
9903,4593.3,47.6,1.06,0,3.4,Healthy
9904,3280.9,40.5,1.76,3,4.5,Healthy
9905,947.1,49.9,1.83,0,2.4,Healthy
9906,7461.7,59.1,1.98,5,18.2,Critical
9907,2950.8,51.5,1.74,1,7.7,Healthy
9908,6494.3,51.2,1.26,0,3.5,Healthy
9909,3436.8,35.9,1.95,0,6.8,Healthy
9910,8880.0,46.6,2.42,2,11.3,Needs Attention
9911,4585.9,47.3,1.45,1,5.6,Healthy
9912,8599.6,48.4,2.12,4,14.7,Needs Attention
9913,4404.7,31.6,3.31,6,19.6,Needs Attention
9914,2503.6,39.3,1.07,0,3.1,Healthy
9915,9724.2,52.7,2.75,7,14.8,Critical
9916,6069.5,33.3,2.37,3,8.3,Needs Attention
9917,2864.2,53.5,3.36,5,8.3,Needs Attention
9918,7438.9,50.9,2.42,4,11.9,Needs Attention
9919,3647.7,59.8,2.24,4,10.3,Needs Attention
9920,4903.6,49.1,2.51,5,12.5,Needs Attention
9921,2669.9,57.4,1.91,2,6.9,Healthy
9922,8805.4,64.8,1.3,4,7.3,Needs Attention
9923,4991.2,41.5,0.1,0,2.4,Healthy
9924,8276.2,36.1,2.06,0,6.9,Healthy
9925,7868.0,65.5,4.55,9,19.0,Critical
9926,3801.7,57.0,2.5,3,8.6,Needs Attention
9927,1056.8,31.3,1.87,4,10.5,Needs Attention
9928,8849.9,64.8,2.21,4,12.6,Needs Attention
9929,4926.8,29.8,0.78,2,0.4,Healthy
9930,8381.6,58.5,3.34,4,11.7,Critical
9931,5603.7,36.1,1.0,0,5.3,Healthy
9932,1653.3,59.1,2.45,4,15.8,Needs Attention
9933,1596.0,43.4,1.1,2,0.7,Healthy
9934,5120.3,55.9,2.88,3,15.1,Needs Attention
9935,5425.0,31.3,2.93,0,6.7,Healthy
9936,8389.5,52.6,2.88,3,12.3,Needs Attention
9937,7346.5,45.9,1.57,2,7.5,Needs Attention
9938,2347.5,45.2,1.84,5,11.6,Needs Attention
9939,1430.4,25.7,0.52,0,0.6,Healthy
9940,9857.4,47.7,2.1,3,14.8,Critical
9941,3328.2,40.4,0.79,1,9.0,Healthy
9942,9569.0,51.9,1.99,7,18.4,Critical
9943,4399.5,52.7,1.81,2,6.3,Healthy
9944,4817.2,60.1,3.54,2,15.4,Needs Attention
9945,9867.5,56.8,1.34,5,15.6,Critical
9946,2984.2,64.1,1.38,0,4.4,Healthy
9947,1742.8,34.7,2.82,3,6.7,Healthy
9948,5445.8,49.1,1.3,0,6.4,Healthy
9949,7308.4,40.7,2.53,1,10.2,Needs Attention
9950,7278.7,64.0,1.97,5,19.4,Critical
9951,7220.4,53.0,1.76,6,16.1,Critical
9952,9051.4,37.2,2.35,0,6.2,Healthy
9953,2708.2,46.2,1.92,3,13.2,Needs Attention
9954,3898.1,47.7,0.94,0,1.9,Healthy
9955,1484.1,50.2,2.35,0,1.7,Healthy
9956,6403.0,48.3,2.87,5,18.7,Needs Attention
9957,2416.8,36.7,2.47,1,8.4,Healthy
9958,3845.8,34.6,1.97,2,4.3,Healthy
9959,4536.4,36.8,2.25,6,12.5,Critical
9960,6378.2,59.7,4.26,6,17.3,Critical
9961,7002.7,55.5,1.64,7,16.7,Needs Attention
9962,7919.8,45.5,2.25,0,5.8,Healthy
9963,9483.0,37.5,1.94,4,13.2,Critical
9964,4179.4,47.7,1.62,3,13.2,Needs Attention
9965,9142.3,38.2,1.46,0,8.3,Healthy
9966,4928.9,34.5,0.35,0,2.4,Healthy
9967,3555.9,62.0,2.91,2,16.5,Needs Attention
9968,3953.0,38.2,2.9,2,9.6,Healthy
9969,5719.0,42.5,2.87,6,15.6,Critical
9970,4459.8,57.7,1.94,4,15.0,Needs Attention
9971,5827.1,45.0,1.19,0,2.5,Healthy
9972,8157.3,50.5,1.9,2,7.2,Needs Attention
9973,1956.7,51.5,2.23,4,13.9,Needs Attention
9974,1593.9,26.8,1.8,1,7.9,Healthy
9975,9799.8,55.5,2.84,2,11.6,Needs Attention
9976,5360.2,30.6,0.74,1,11.9,Needs Attention
9977,5494.9,59.7,1.84,0,6.7,Healthy
9978,6229.6,37.2,2.22,2,8.1,Needs Attention
9979,5926.3,56.1,3.05,8,17.6,Needs Attention
9980,3936.6,44.4,2.03,0,7.6,Healthy
9981,7336.9,59.1,2.4,4,16.4,Critical
9982,5059.6,53.4,2.48,5,19.2,Critical
9983,2190.9,53.0,2.0,1,10.7,Healthy
9984,8557.4,64.9,2.09,1,12.9,Needs Attention
9985,8863.0,59.4,1.65,2,12.8,Needs Attention
9986,4167.2,73.5,2.27,2,16.6,Needs Attention
9987,3161.0,52.0,1.94,3,4.7,Healthy
9988,2227.7,44.1,1.75,1,8.8,Healthy
9989,3367.1,52.2,2.16,3,12.0,Needs Attention
9990,6246.8,50.8,1.41,1,2.2,Healthy
9991,5957.1,41.4,1.44,0,0.2,Healthy
9992,6797.5,59.5,2.64,6,17.6,Critical
9993,5024.5,53.9,0.47,2,3.7,Needs Attention
9994,3029.0,40.8,1.35,1,4.2,Healthy
9995,8057.5,64.5,2.86,4,19.8,Critical
9996,6778.2,39.9,1.13,0,4.6,Needs Attention
9997,2159.1,60.3,1.5,1,12.3,Needs Attention
9998,6591.7,34.9,3.23,2,17.3,Critical
9999,8617.1,56.6,1.34,3,11.2,Needs Attention
10000,866.0,38.3,0.88,1,0.5,Healthy
